user_id,variant,event_name
100001,A,product_view
100002,B,product_view
100003,A,product_view
100003,A,add_to_cart
100003,A,checkout
100003,A,purchase
100004,A,product_view
100004,A,add_to_cart
100005,A,product_view
100005,A,add_to_cart
100006,A,click
100006,A,product_view
100007,B,product_view
100007,B,add_to_cart
100007,B,checkout
100007,B,purchase
100008,B,click
100009,A,product_view
100010,A,product_view
100011,A,product_view
100012,B,product_view
100013,B,product_view
100013,B,add_to_cart
100013,B,checkout
100013,B,purchase
100015,B,product_view
100016,A,product_view
100017,B,product_view
100018,B,product_view
100019,A,product_view
100020,B,product_view
100020,B,add_to_cart
100021,A,product_view
100021,A,add_to_cart
100021,A,checkout
100022,B,product_view
100023,B,product_view
100024,B,product_view
100025,B,product_view
100025,B,add_to_cart
100025,B,checkout
100025,B,purchase
100025,B,repeat_purchase
100026,B,product_view
100028,A,click
100029,A,product_view
100029,A,add_to_cart
100030,B,product_view
100031,A,product_view
100031,A,add_to_cart
100031,A,checkout
100031,A,purchase
100033,B,product_view
100034,A,product_view
100035,A,product_view
100036,A,product_view
100037,A,product_view
100040,B,product_view
100041,A,product_view
100042,B,product_view
100044,A,product_view
100045,B,product_view
100046,A,click
100046,A,product_view
100047,A,product_view
100048,B,product_view
100049,A,product_view
100053,A,product_view
100054,B,product_view
100055,B,product_view
100055,B,add_to_cart
100056,A,click
100056,A,product_view
100057,B,product_view
100058,B,product_view
100058,B,add_to_cart
100058,B,checkout
100059,A,product_view
100060,A,product_view
100061,A,product_view
100061,A,add_to_cart
100062,A,product_view
100063,A,product_view
100064,B,product_view
100065,B,product_view
100065,B,add_to_cart
100065,B,checkout
100066,B,product_view
100067,B,click
100067,B,product_view
100068,B,product_view
100069,A,click
100072,B,click
100073,A,product_view
100073,A,add_to_cart
100073,A,checkout
100076,A,product_view
100078,B,product_view
100079,A,product_view
100081,B,product_view
100082,A,click
100082,A,product_view
100082,A,add_to_cart
100082,A,checkout
100082,A,purchase
100083,B,product_view
100084,A,product_view
100087,A,product_view
100088,B,click
100089,A,product_view
100091,A,product_view
100092,A,product_view
100092,A,add_to_cart
100093,B,product_view
100093,B,add_to_cart
100093,B,checkout
100093,B,purchase
100094,B,click
100094,B,product_view
100095,A,product_view
100095,A,add_to_cart
100095,A,checkout
100095,A,purchase
100096,B,product_view
100097,A,product_view
100098,A,product_view
100099,B,product_view
100100,A,product_view
100101,A,product_view
100102,A,product_view
100102,A,add_to_cart
100103,A,product_view
100104,B,product_view
100105,A,click
100105,A,product_view
100106,B,product_view
100107,A,click
100108,A,product_view
100109,B,click
100109,B,product_view
100109,B,add_to_cart
100109,B,checkout
100111,A,product_view
100112,B,product_view
100113,A,product_view
100114,B,product_view
100115,B,product_view
100116,B,product_view
100117,A,click
100119,B,product_view
100119,B,add_to_cart
100119,B,checkout
100119,B,purchase
100120,B,product_view
100120,B,add_to_cart
100121,A,product_view
100122,A,product_view
100123,A,click
100124,B,product_view
100124,B,add_to_cart
100124,B,checkout
100124,B,purchase
100125,B,click
100125,B,product_view
100125,B,add_to_cart
100125,B,checkout
100125,B,purchase
100125,B,repeat_purchase
100126,B,product_view
100127,A,product_view
100128,A,product_view
100128,A,add_to_cart
100128,A,checkout
100128,A,purchase
100128,A,repeat_purchase
100129,A,product_view
100130,A,product_view
100131,A,product_view
100133,A,product_view
100134,A,product_view
100135,B,product_view
100136,A,product_view
100138,A,product_view
100139,A,product_view
100140,A,click
100140,A,product_view
100141,B,product_view
100143,A,product_view
100144,B,click
100144,B,product_view
100144,B,add_to_cart
100144,B,checkout
100144,B,purchase
100144,B,repeat_purchase
100145,B,click
100145,B,product_view
100146,A,product_view
100147,A,product_view
100148,A,product_view
100149,A,product_view
100150,B,product_view
100152,B,product_view
100153,A,product_view
100153,A,add_to_cart
100153,A,checkout
100154,A,product_view
100155,B,product_view
100156,A,product_view
100157,B,product_view
100158,A,click
100158,A,product_view
100159,A,product_view
100160,B,product_view
100160,B,add_to_cart
100160,B,checkout
100161,B,product_view
100163,B,product_view
100163,B,add_to_cart
100163,B,checkout
100164,A,product_view
100165,B,click
100166,B,product_view
100166,B,add_to_cart
100166,B,checkout
100167,A,product_view
100169,A,product_view
100170,A,product_view
100171,A,product_view
100171,A,add_to_cart
100171,A,checkout
100171,A,purchase
100172,A,product_view
100173,A,product_view
100174,B,product_view
100175,B,product_view
100176,B,product_view
100177,B,product_view
100178,A,click
100178,A,product_view
100178,A,add_to_cart
100178,A,checkout
100178,A,purchase
100180,A,product_view
100181,A,product_view
100182,A,product_view
100182,A,add_to_cart
100183,B,click
100183,B,product_view
100184,B,product_view
100185,B,product_view
100186,A,product_view
100187,B,product_view
100189,B,product_view
100190,A,click
100190,A,product_view
100190,A,add_to_cart
100190,A,checkout
100190,A,purchase
100191,A,product_view
100192,A,product_view
100193,B,product_view
100197,A,product_view
100197,A,add_to_cart
100197,A,checkout
100197,A,purchase
100198,B,product_view
100199,A,product_view
100201,B,product_view
100202,B,product_view
100203,B,product_view
100204,B,click
100204,B,product_view
100206,A,click
100206,A,product_view
100207,A,product_view
100208,B,product_view
100209,B,product_view
100209,B,add_to_cart
100210,B,product_view
100210,B,add_to_cart
100211,B,product_view
100212,B,product_view
100213,B,product_view
100215,B,product_view
100216,A,product_view
100217,A,product_view
100217,A,add_to_cart
100218,B,product_view
100219,A,product_view
100220,B,product_view
100221,A,product_view
100222,B,product_view
100223,A,click
100223,A,product_view
100224,A,click
100224,A,product_view
100224,A,add_to_cart
100225,B,product_view
100226,B,product_view
100227,A,product_view
100228,A,product_view
100230,B,product_view
100230,B,add_to_cart
100232,B,product_view
100234,A,product_view
100235,A,product_view
100236,B,product_view
100237,B,product_view
100237,B,add_to_cart
100239,A,product_view
100240,B,product_view
100241,A,product_view
100242,A,product_view
100243,B,product_view
100245,A,product_view
100246,B,product_view
100247,B,product_view
100249,B,product_view
100250,B,product_view
100250,B,add_to_cart
100250,B,checkout
100252,B,product_view
100253,A,product_view
100253,A,add_to_cart
100254,A,click
100254,A,product_view
100255,A,product_view
100258,A,product_view
100260,B,product_view
100262,A,product_view
100263,A,product_view
100264,B,product_view
100265,B,product_view
100266,A,product_view
100267,A,product_view
100268,A,product_view
100269,A,click
100269,A,product_view
100270,B,product_view
100271,B,click
100271,B,product_view
100272,B,product_view
100274,A,product_view
100277,A,product_view
100278,B,product_view
100279,B,product_view
100281,A,product_view
100284,B,product_view
100285,B,product_view
100286,A,product_view
100287,A,product_view
100289,A,product_view
100290,B,product_view
100291,B,product_view
100293,B,product_view
100293,B,add_to_cart
100295,B,product_view
100296,B,product_view
100296,B,add_to_cart
100296,B,checkout
100296,B,purchase
100298,A,product_view
100299,A,product_view
100300,B,product_view
100301,B,product_view
100302,B,product_view
100303,A,product_view
100304,B,product_view
100304,B,add_to_cart
100305,A,click
100305,A,product_view
100306,B,product_view
100307,B,product_view
100308,A,product_view
100310,B,product_view
100310,B,add_to_cart
100310,B,checkout
100310,B,purchase
100310,B,repeat_purchase
100311,A,click
100311,A,product_view
100312,A,click
100312,A,product_view
100317,B,product_view
100319,B,product_view
100323,A,product_view
100325,A,product_view
100326,B,product_view
100327,B,product_view
100327,B,add_to_cart
100328,A,product_view
100328,A,add_to_cart
100328,A,checkout
100328,A,purchase
100329,B,product_view
100329,B,add_to_cart
100330,A,product_view
100331,A,product_view
100332,A,product_view
100332,A,add_to_cart
100332,A,checkout
100333,B,product_view
100334,A,product_view
100335,B,product_view
100335,B,add_to_cart
100336,B,product_view
100336,B,add_to_cart
100338,B,product_view
100338,B,add_to_cart
100339,B,click
100339,B,product_view
100340,B,click
100340,B,product_view
100341,B,product_view
100342,A,product_view
100343,B,product_view
100344,A,product_view
100345,B,product_view
100346,A,product_view
100347,B,product_view
100349,B,product_view
100350,B,product_view
100351,A,product_view
100352,B,product_view
100353,A,product_view
100354,B,click
100354,B,product_view
100355,B,click
100355,B,product_view
100356,A,product_view
100356,A,add_to_cart
100356,A,checkout
100356,A,purchase
100357,B,product_view
100358,A,product_view
100359,A,click
100359,A,product_view
100361,B,product_view
100361,B,add_to_cart
100361,B,checkout
100361,B,purchase
100362,B,product_view
100363,B,product_view
100363,B,add_to_cart
100363,B,checkout
100363,B,purchase
100363,B,repeat_purchase
100364,A,product_view
100364,A,add_to_cart
100364,A,checkout
100364,A,purchase
100365,A,product_view
100366,A,product_view
100366,A,add_to_cart
100367,B,product_view
100368,B,click
100368,B,product_view
100370,A,product_view
100372,A,product_view
100373,B,product_view
100374,B,product_view
100375,B,product_view
100377,A,product_view
100378,A,product_view
100379,B,product_view
100381,B,product_view
100381,B,add_to_cart
100381,B,checkout
100384,A,product_view
100387,B,product_view
100388,B,product_view
100389,A,product_view
100390,B,product_view
100390,B,add_to_cart
100390,B,checkout
100390,B,purchase
100391,A,product_view
100392,A,product_view
100393,B,product_view
100394,A,product_view
100395,A,product_view
100396,A,click
100396,A,product_view
100397,B,product_view
100397,B,add_to_cart
100397,B,checkout
100398,A,product_view
100399,A,click
100399,A,product_view
100399,A,add_to_cart
100399,A,checkout
100399,A,purchase
100400,A,product_view
100401,B,product_view
100403,B,product_view
100404,B,product_view
100405,B,product_view
100406,A,product_view
100406,A,add_to_cart
100406,A,checkout
100406,A,purchase
100407,A,product_view
100407,A,add_to_cart
100407,A,checkout
100407,A,purchase
100408,B,product_view
100409,A,product_view
100410,A,click
100410,A,product_view
100410,A,add_to_cart
100410,A,checkout
100410,A,purchase
100411,A,click
100411,A,product_view
100412,A,product_view
100413,B,product_view
100415,B,product_view
100417,B,product_view
100418,A,product_view
100419,B,product_view
100420,B,product_view
100421,B,product_view
100423,A,product_view
100424,A,product_view
100424,A,add_to_cart
100424,A,checkout
100425,A,product_view
100425,A,add_to_cart
100425,A,checkout
100425,A,purchase
100426,A,product_view
100427,A,product_view
100428,A,product_view
100429,B,product_view
100430,B,product_view
100431,B,product_view
100432,A,product_view
100433,B,product_view
100433,B,add_to_cart
100433,B,checkout
100433,B,purchase
100434,A,click
100434,A,product_view
100437,A,product_view
100437,A,add_to_cart
100438,B,click
100438,B,product_view
100439,B,product_view
100439,B,add_to_cart
100439,B,checkout
100439,B,purchase
100440,B,product_view
100441,A,product_view
100442,A,product_view
100442,A,add_to_cart
100442,A,checkout
100443,B,click
100443,B,product_view
100445,B,product_view
100447,B,product_view
100448,B,product_view
100449,A,product_view
100450,B,product_view
100451,A,click
100451,A,product_view
100452,B,product_view
100453,B,product_view
100454,B,product_view
100455,A,product_view
100456,A,product_view
100457,A,product_view
100458,B,product_view
100459,A,product_view
100460,B,product_view
100461,B,product_view
100461,B,add_to_cart
100461,B,checkout
100461,B,purchase
100463,B,product_view
100464,A,product_view
100465,B,product_view
100467,A,product_view
100468,A,product_view
100469,B,product_view
100470,B,product_view
100470,B,add_to_cart
100470,B,checkout
100472,A,product_view
100473,A,click
100473,A,product_view
100474,A,product_view
100474,A,add_to_cart
100474,A,checkout
100474,A,purchase
100475,B,product_view
100476,A,product_view
100479,A,click
100480,A,product_view
100482,A,product_view
100483,B,product_view
100483,B,add_to_cart
100483,B,checkout
100484,B,product_view
100485,A,product_view
100486,A,click
100488,B,product_view
100489,B,product_view
100489,B,add_to_cart
100490,B,product_view
100491,B,product_view
100491,B,add_to_cart
100491,B,checkout
100491,B,purchase
100492,B,product_view
100493,A,product_view
100495,B,product_view
100496,B,product_view
100497,A,product_view
100498,A,product_view
100501,A,product_view
100501,A,add_to_cart
100502,B,product_view
100503,B,product_view
100503,B,add_to_cart
100503,B,checkout
100503,B,purchase
100504,A,product_view
100505,B,product_view
100506,B,product_view
100507,A,product_view
100508,B,product_view
100509,A,product_view
100511,A,product_view
100512,B,product_view
100513,A,product_view
100514,A,product_view
100516,A,product_view
100516,A,add_to_cart
100517,A,product_view
100517,A,add_to_cart
100519,B,product_view
100519,B,add_to_cart
100519,B,checkout
100519,B,purchase
100519,B,repeat_purchase
100520,A,product_view
100522,A,product_view
100523,B,product_view
100523,B,add_to_cart
100523,B,checkout
100523,B,purchase
100525,A,product_view
100526,B,product_view
100527,A,product_view
100531,A,product_view
100532,B,product_view
100534,B,product_view
100535,B,product_view
100536,B,product_view
100538,B,product_view
100539,A,product_view
100543,A,product_view
100544,B,product_view
100544,B,add_to_cart
100544,B,checkout
100544,B,purchase
100545,A,product_view
100546,B,product_view
100546,B,add_to_cart
100546,B,checkout
100546,B,purchase
100548,A,product_view
100549,B,product_view
100550,B,product_view
100551,A,product_view
100553,B,product_view
100553,B,add_to_cart
100553,B,checkout
100554,A,product_view
100554,A,add_to_cart
100554,A,checkout
100554,A,purchase
100555,A,product_view
100556,A,product_view
100557,B,product_view
100559,B,click
100559,B,product_view
100560,B,product_view
100561,B,product_view
100561,B,add_to_cart
100562,B,product_view
100563,A,product_view
100564,A,product_view
100565,B,product_view
100566,A,product_view
100569,B,click
100569,B,product_view
100570,B,product_view
100571,B,product_view
100572,B,product_view
100573,A,product_view
100574,B,product_view
100574,B,add_to_cart
100574,B,checkout
100574,B,purchase
100575,B,product_view
100577,B,click
100578,B,click
100578,B,product_view
100579,B,product_view
100580,B,product_view
100581,A,product_view
100582,B,product_view
100583,B,product_view
100584,A,product_view
100584,A,add_to_cart
100584,A,checkout
100584,A,purchase
100585,B,product_view
100586,A,product_view
100587,A,product_view
100588,A,product_view
100589,A,product_view
100590,A,product_view
100591,A,product_view
100592,B,click
100592,B,product_view
100592,B,add_to_cart
100592,B,checkout
100592,B,purchase
100593,B,product_view
100594,B,product_view
100595,B,product_view
100597,B,product_view
100598,A,product_view
100599,A,product_view
100600,B,product_view
100601,B,product_view
100602,B,product_view
100602,B,add_to_cart
100602,B,checkout
100602,B,purchase
100604,B,product_view
100605,B,product_view
100606,B,product_view
100607,A,product_view
100609,A,product_view
100610,A,product_view
100611,A,product_view
100611,A,add_to_cart
100611,A,checkout
100612,A,product_view
100613,B,product_view
100614,B,product_view
100615,B,product_view
100615,B,add_to_cart
100615,B,checkout
100616,A,product_view
100616,A,add_to_cart
100618,A,product_view
100619,B,product_view
100619,B,add_to_cart
100619,B,checkout
100620,A,product_view
100620,A,add_to_cart
100620,A,checkout
100620,A,purchase
100620,A,repeat_purchase
100621,A,product_view
100621,A,add_to_cart
100621,A,checkout
100622,B,product_view
100623,A,product_view
100624,A,product_view
100625,B,product_view
100626,A,click
100626,A,product_view
100627,B,product_view
100629,A,product_view
100630,A,product_view
100632,B,click
100632,B,product_view
100633,B,product_view
100635,A,product_view
100636,A,product_view
100638,A,click
100638,A,product_view
100638,A,add_to_cart
100638,A,checkout
100638,A,purchase
100639,B,product_view
100640,B,product_view
100641,B,click
100641,B,product_view
100642,B,product_view
100643,A,product_view
100645,B,product_view
100646,B,product_view
100649,B,product_view
100650,B,product_view
100650,B,add_to_cart
100651,B,product_view
100652,B,click
100653,A,product_view
100653,A,add_to_cart
100653,A,checkout
100653,A,purchase
100653,A,repeat_purchase
100654,B,product_view
100654,B,add_to_cart
100654,B,checkout
100654,B,purchase
100654,B,repeat_purchase
100655,A,product_view
100656,B,product_view
100656,B,add_to_cart
100656,B,checkout
100656,B,purchase
100657,A,product_view
100657,A,add_to_cart
100660,A,product_view
100660,A,add_to_cart
100660,A,checkout
100660,A,purchase
100661,B,product_view
100662,A,product_view
100663,B,product_view
100664,B,product_view
100665,A,product_view
100665,A,add_to_cart
100665,A,checkout
100665,A,purchase
100666,B,product_view
100666,B,add_to_cart
100667,B,product_view
100668,A,product_view
100669,A,product_view
100670,B,product_view
100671,B,product_view
100672,A,product_view
100673,A,product_view
100676,B,product_view
100677,B,product_view
100678,B,product_view
100679,A,product_view
100681,A,click
100681,A,product_view
100682,A,click
100682,A,product_view
100683,B,product_view
100684,A,product_view
100685,B,product_view
100686,A,click
100687,A,product_view
100687,A,add_to_cart
100687,A,checkout
100687,A,purchase
100688,A,product_view
100689,B,product_view
100691,B,product_view
100692,A,product_view
100693,B,product_view
100693,B,add_to_cart
100693,B,checkout
100694,B,product_view
100695,A,product_view
100696,A,click
100696,A,product_view
100697,A,product_view
100698,A,product_view
100698,A,add_to_cart
100698,A,checkout
100698,A,purchase
100699,B,product_view
100700,A,product_view
100701,A,product_view
100701,A,add_to_cart
100701,A,checkout
100701,A,purchase
100703,A,product_view
100703,A,add_to_cart
100703,A,checkout
100703,A,purchase
100703,A,repeat_purchase
100704,B,product_view
100705,A,product_view
100706,B,product_view
100707,B,product_view
100707,B,add_to_cart
100707,B,checkout
100707,B,purchase
100707,B,repeat_purchase
100708,B,product_view
100709,A,product_view
100710,A,product_view
100712,B,product_view
100712,B,add_to_cart
100712,B,checkout
100712,B,purchase
100714,A,product_view
100715,B,product_view
100716,B,product_view
100717,B,product_view
100718,B,product_view
100719,B,product_view
100722,B,product_view
100723,B,product_view
100724,A,product_view
100726,B,product_view
100726,B,add_to_cart
100727,A,product_view
100728,A,product_view
100729,B,product_view
100730,A,product_view
100730,A,add_to_cart
100731,A,product_view
100732,A,product_view
100733,B,product_view
100734,B,product_view
100735,B,product_view
100737,A,product_view
100738,A,product_view
100738,A,add_to_cart
100738,A,checkout
100738,A,purchase
100739,B,product_view
100740,A,product_view
100740,A,add_to_cart
100742,B,product_view
100744,B,product_view
100745,A,product_view
100746,B,product_view
100747,B,product_view
100748,A,product_view
100750,B,click
100751,A,product_view
100751,A,add_to_cart
100751,A,checkout
100751,A,purchase
100754,B,click
100754,B,product_view
100755,A,product_view
100755,A,add_to_cart
100755,A,checkout
100756,A,product_view
100757,B,product_view
100758,B,product_view
100760,B,product_view
100761,A,product_view
100762,B,product_view
100763,A,product_view
100764,A,product_view
100765,A,product_view
100766,A,product_view
100766,A,add_to_cart
100766,A,checkout
100766,A,purchase
100767,A,product_view
100768,B,product_view
100769,A,product_view
100770,B,product_view
100771,A,product_view
100772,B,product_view
100773,A,product_view
100775,A,product_view
100778,A,product_view
100779,A,product_view
100780,B,product_view
100782,B,product_view
100783,B,product_view
100784,B,product_view
100785,A,product_view
100786,A,product_view
100787,A,product_view
100788,A,click
100788,A,product_view
100790,B,product_view
100791,A,product_view
100792,A,product_view
100794,A,product_view
100796,A,product_view
100797,A,click
100798,B,product_view
100799,A,product_view
100799,A,add_to_cart
100800,A,product_view
100800,A,add_to_cart
100800,A,checkout
100800,A,purchase
100803,B,product_view
100803,B,add_to_cart
100803,B,checkout
100803,B,purchase
100803,B,repeat_purchase
100804,A,product_view
100804,A,add_to_cart
100805,B,product_view
100805,B,add_to_cart
100805,B,checkout
100806,A,product_view
100806,A,add_to_cart
100807,B,product_view
100808,B,click
100808,B,product_view
100809,B,product_view
100810,A,product_view
100812,A,product_view
100813,B,product_view
100814,B,product_view
100814,B,add_to_cart
100814,B,checkout
100814,B,purchase
100815,A,product_view
100815,A,add_to_cart
100816,B,product_view
100817,B,product_view
100817,B,add_to_cart
100818,B,product_view
100818,B,add_to_cart
100819,A,product_view
100820,A,product_view
100821,A,product_view
100822,B,product_view
100823,B,product_view
100823,B,add_to_cart
100824,B,product_view
100825,B,product_view
100826,A,click
100826,A,product_view
100827,B,product_view
100829,B,product_view
100830,A,product_view
100831,A,product_view
100832,A,product_view
100833,A,product_view
100834,B,product_view
100835,B,product_view
100836,A,click
100836,A,product_view
100837,A,product_view
100838,B,product_view
100839,A,product_view
100840,A,product_view
100840,A,add_to_cart
100840,A,checkout
100840,A,purchase
100841,B,product_view
100842,A,product_view
100843,B,product_view
100847,B,product_view
100848,B,product_view
100848,B,add_to_cart
100848,B,checkout
100848,B,purchase
100849,B,product_view
100850,A,product_view
100851,A,product_view
100852,A,product_view
100854,B,product_view
100855,A,product_view
100856,A,product_view
100857,A,product_view
100858,B,product_view
100859,A,product_view
100860,A,product_view
100861,B,product_view
100862,A,product_view
100863,B,product_view
100864,A,product_view
100865,B,product_view
100867,A,product_view
100868,A,product_view
100870,A,product_view
100872,A,click
100872,A,product_view
100873,B,product_view
100874,B,click
100874,B,product_view
100874,B,add_to_cart
100875,B,product_view
100876,B,click
100876,B,product_view
100877,A,product_view
100877,A,add_to_cart
100877,A,checkout
100878,B,click
100878,B,product_view
100879,B,product_view
100880,B,product_view
100881,A,product_view
100882,B,product_view
100882,B,add_to_cart
100884,A,product_view
100886,B,product_view
100887,B,product_view
100888,B,product_view
100890,A,product_view
100890,A,add_to_cart
100890,A,checkout
100890,A,purchase
100890,A,repeat_purchase
100893,B,product_view
100894,A,product_view
100895,A,product_view
100896,B,product_view
100896,B,add_to_cart
100897,A,product_view
100897,A,add_to_cart
100897,A,checkout
100899,B,product_view
100900,A,product_view
100901,A,product_view
100902,B,product_view
100904,B,product_view
100906,A,product_view
100907,B,product_view
100908,B,click
100908,B,product_view
100908,B,add_to_cart
100908,B,checkout
100909,A,click
100909,A,product_view
100910,A,click
100910,A,product_view
100913,A,product_view
100913,A,add_to_cart
100913,A,checkout
100913,A,purchase
100913,A,repeat_purchase
100914,A,product_view
100917,A,product_view
100917,A,add_to_cart
100917,A,checkout
100917,A,purchase
100918,B,product_view
100920,A,product_view
100921,A,product_view
100922,A,product_view
100923,B,product_view
100924,B,click
100925,A,product_view
100925,A,add_to_cart
100925,A,checkout
100925,A,purchase
100926,A,product_view
100931,A,product_view
100934,B,product_view
100934,B,add_to_cart
100935,B,product_view
100936,A,product_view
100937,B,product_view
100938,A,click
100938,A,product_view
100938,A,add_to_cart
100938,A,checkout
100938,A,purchase
100938,A,repeat_purchase
100939,A,product_view
100939,A,add_to_cart
100940,A,click
100940,A,product_view
100941,A,product_view
100942,A,product_view
100943,B,click
100944,B,product_view
100945,A,product_view
100945,A,add_to_cart
100945,A,checkout
100945,A,purchase
100946,A,product_view
100949,A,product_view
100950,A,product_view
100951,A,product_view
100951,A,add_to_cart
100951,A,checkout
100952,A,click
100952,A,product_view
100953,B,product_view
100954,B,product_view
100955,B,click
100955,B,product_view
100956,A,product_view
100957,B,product_view
100958,A,product_view
100959,A,product_view
100960,A,click
100960,A,product_view
100961,B,product_view
100961,B,add_to_cart
100962,B,click
100962,B,product_view
100964,B,product_view
100965,B,product_view
100965,B,add_to_cart
100965,B,checkout
100965,B,purchase
100966,B,product_view
100967,A,product_view
100969,B,product_view
100969,B,add_to_cart
100969,B,checkout
100970,A,product_view
100972,B,product_view
100974,B,product_view
100975,A,product_view
100976,A,product_view
100977,B,product_view
100978,B,product_view
100980,B,click
100980,B,product_view
100981,A,product_view
100982,A,click
100983,A,product_view
100984,A,product_view
100985,B,product_view
100987,A,product_view
100988,B,product_view
100989,A,product_view
100991,A,product_view
100992,B,click
100992,B,product_view
100994,A,click
100994,A,product_view
100994,A,add_to_cart
100994,A,checkout
100994,A,purchase
100994,A,repeat_purchase
100995,B,product_view
100996,B,product_view
100997,B,product_view
100997,B,add_to_cart
100997,B,checkout
100997,B,purchase
100998,B,product_view
100998,B,add_to_cart
100999,B,product_view
100999,B,add_to_cart
101000,A,product_view
101001,B,product_view
101002,B,click
101002,B,product_view
101003,B,click
101003,B,product_view
101003,B,add_to_cart
101003,B,checkout
101003,B,purchase
101004,A,product_view
101006,B,product_view
101007,A,product_view
101010,A,product_view
101013,A,click
101013,A,product_view
101014,B,click
101014,B,product_view
101014,B,add_to_cart
101015,B,product_view
101016,A,product_view
101017,B,click
101017,B,product_view
101018,A,product_view
101019,A,product_view
101020,B,product_view
101022,A,product_view
101023,B,product_view
101024,A,product_view
101024,A,add_to_cart
101025,A,click
101025,A,product_view
101026,A,product_view
101027,A,product_view
101028,A,product_view
101029,B,product_view
101030,B,product_view
101031,B,click
101031,B,product_view
101032,A,product_view
101033,A,product_view
101034,A,click
101034,A,product_view
101035,B,product_view
101036,B,click
101036,B,product_view
101036,B,add_to_cart
101036,B,checkout
101037,A,product_view
101037,A,add_to_cart
101037,A,checkout
101037,A,purchase
101038,A,product_view
101039,A,product_view
101041,A,product_view
101042,B,product_view
101043,A,click
101043,A,product_view
101044,B,click
101044,B,product_view
101045,A,product_view
101046,A,product_view
101047,B,product_view
101048,B,click
101048,B,product_view
101049,B,product_view
101051,A,click
101051,A,product_view
101052,B,product_view
101053,A,product_view
101054,A,product_view
101055,B,product_view
101056,B,product_view
101056,B,add_to_cart
101057,B,product_view
101058,A,click
101058,A,product_view
101059,A,product_view
101059,A,add_to_cart
101059,A,checkout
101060,A,product_view
101061,B,product_view
101062,A,product_view
101063,A,product_view
101064,B,product_view
101064,B,add_to_cart
101064,B,checkout
101065,A,product_view
101067,A,product_view
101067,A,add_to_cart
101067,A,checkout
101067,A,purchase
101068,A,product_view
101069,B,product_view
101070,A,product_view
101071,B,product_view
101072,B,product_view
101072,B,add_to_cart
101073,A,product_view
101074,B,product_view
101076,B,product_view
101077,A,product_view
101078,A,product_view
101079,B,product_view
101079,B,add_to_cart
101079,B,checkout
101079,B,purchase
101079,B,repeat_purchase
101081,B,click
101083,B,product_view
101083,B,add_to_cart
101084,B,product_view
101085,A,product_view
101085,A,add_to_cart
101085,A,checkout
101086,B,product_view
101086,B,add_to_cart
101086,B,checkout
101086,B,purchase
101086,B,repeat_purchase
101088,A,product_view
101088,A,add_to_cart
101089,A,product_view
101090,A,product_view
101092,A,product_view
101093,B,product_view
101094,A,product_view
101095,A,click
101096,B,click
101096,B,product_view
101097,A,product_view
101098,A,product_view
101101,B,product_view
101102,A,product_view
101103,B,product_view
101104,A,product_view
101105,B,product_view
101106,B,product_view
101107,A,click
101108,A,product_view
101108,A,add_to_cart
101109,A,product_view
101110,B,product_view
101111,B,click
101111,B,product_view
101112,A,product_view
101113,A,product_view
101113,A,add_to_cart
101113,A,checkout
101113,A,purchase
101113,A,repeat_purchase
101114,B,product_view
101115,B,product_view
101116,B,product_view
101117,A,product_view
101118,B,product_view
101118,B,add_to_cart
101118,B,checkout
101119,B,click
101119,B,product_view
101120,B,product_view
101121,B,product_view
101122,B,product_view
101123,B,product_view
101125,A,product_view
101126,A,product_view
101126,A,add_to_cart
101126,A,checkout
101126,A,purchase
101127,A,product_view
101128,B,product_view
101129,A,product_view
101131,B,product_view
101133,B,product_view
101134,B,product_view
101135,B,product_view
101135,B,add_to_cart
101135,B,checkout
101135,B,purchase
101136,B,product_view
101139,B,product_view
101140,A,product_view
101141,B,product_view
101142,B,product_view
101143,B,product_view
101144,B,click
101144,B,product_view
101145,A,product_view
101147,B,product_view
101148,B,product_view
101149,A,product_view
101151,A,product_view
101151,A,add_to_cart
101151,A,checkout
101152,B,product_view
101153,A,product_view
101155,A,click
101155,A,product_view
101157,B,product_view
101158,B,product_view
101159,B,product_view
101161,B,product_view
101161,B,add_to_cart
101161,B,checkout
101161,B,purchase
101162,B,product_view
101162,B,add_to_cart
101162,B,checkout
101163,B,product_view
101164,A,product_view
101165,B,product_view
101166,A,product_view
101167,B,product_view
101167,B,add_to_cart
101168,B,product_view
101169,B,product_view
101171,A,click
101171,A,product_view
101172,A,product_view
101174,B,product_view
101175,B,product_view
101175,B,add_to_cart
101175,B,checkout
101176,A,product_view
101176,A,add_to_cart
101177,A,product_view
101178,B,product_view
101179,B,click
101179,B,product_view
101181,A,product_view
101182,A,product_view
101183,A,product_view
101184,B,product_view
101185,A,product_view
101187,A,click
101187,A,product_view
101188,B,product_view
101189,B,product_view
101190,A,product_view
101191,A,product_view
101192,B,product_view
101193,B,product_view
101194,A,product_view
101195,B,click
101196,A,product_view
101197,A,product_view
101197,A,add_to_cart
101198,A,click
101198,A,product_view
101198,A,add_to_cart
101198,A,checkout
101198,A,purchase
101199,B,product_view
101199,B,add_to_cart
101199,B,checkout
101199,B,purchase
101200,A,product_view
101202,A,product_view
101204,B,product_view
101205,B,product_view
101205,B,add_to_cart
101205,B,checkout
101206,B,product_view
101208,B,product_view
101209,A,product_view
101210,B,product_view
101211,A,product_view
101214,B,product_view
101214,B,add_to_cart
101215,A,product_view
101215,A,add_to_cart
101215,A,checkout
101216,A,product_view
101217,A,product_view
101218,B,product_view
101219,B,product_view
101219,B,add_to_cart
101219,B,checkout
101219,B,purchase
101220,A,product_view
101221,A,product_view
101222,A,click
101222,A,product_view
101223,B,product_view
101225,A,product_view
101226,B,product_view
101226,B,add_to_cart
101227,A,product_view
101228,A,product_view
101229,B,product_view
101230,B,product_view
101230,B,add_to_cart
101230,B,checkout
101230,B,purchase
101231,A,product_view
101232,B,product_view
101232,B,add_to_cart
101232,B,checkout
101234,A,product_view
101235,A,click
101235,A,product_view
101236,B,click
101236,B,product_view
101237,B,product_view
101237,B,add_to_cart
101239,A,product_view
101239,A,add_to_cart
101240,A,product_view
101241,A,product_view
101242,B,product_view
101244,B,product_view
101245,B,product_view
101245,B,add_to_cart
101248,A,click
101249,A,product_view
101250,B,product_view
101250,B,add_to_cart
101250,B,checkout
101250,B,purchase
101251,A,product_view
101251,A,add_to_cart
101251,A,checkout
101252,A,product_view
101252,A,add_to_cart
101252,A,checkout
101253,B,product_view
101254,A,product_view
101254,A,add_to_cart
101255,A,product_view
101256,B,product_view
101257,B,click
101257,B,product_view
101258,B,product_view
101259,B,product_view
101260,B,product_view
101261,B,product_view
101262,B,product_view
101263,B,product_view
101264,A,product_view
101264,A,add_to_cart
101265,B,product_view
101266,B,product_view
101267,A,product_view
101269,B,product_view
101270,B,product_view
101271,B,product_view
101272,A,product_view
101273,A,product_view
101274,B,product_view
101276,A,product_view
101277,B,product_view
101277,B,add_to_cart
101278,B,product_view
101279,B,product_view
101280,A,product_view
101281,B,product_view
101281,B,add_to_cart
101281,B,checkout
101282,B,product_view
101282,B,add_to_cart
101283,A,product_view
101285,B,product_view
101286,A,product_view
101286,A,add_to_cart
101286,A,checkout
101288,A,product_view
101290,A,product_view
101291,A,product_view
101292,A,product_view
101293,B,product_view
101294,A,product_view
101295,B,click
101296,B,click
101298,B,product_view
101299,A,product_view
101300,B,product_view
101301,B,product_view
101302,B,product_view
101303,B,product_view
101304,B,product_view
101304,B,add_to_cart
101304,B,checkout
101304,B,purchase
101305,B,click
101305,B,product_view
101306,A,product_view
101306,A,add_to_cart
101306,A,checkout
101307,A,product_view
101308,A,click
101308,A,product_view
101310,A,product_view
101311,B,product_view
101312,A,product_view
101313,B,product_view
101314,A,product_view
101316,A,product_view
101316,A,add_to_cart
101317,B,product_view
101318,A,product_view
101319,A,product_view
101322,B,product_view
101324,B,product_view
101324,B,add_to_cart
101324,B,checkout
101325,A,product_view
101327,A,product_view
101328,A,click
101329,A,product_view
101329,A,add_to_cart
101329,A,checkout
101329,A,purchase
101330,B,product_view
101331,A,product_view
101333,B,product_view
101335,A,product_view
101336,B,product_view
101337,B,product_view
101338,B,product_view
101339,B,product_view
101340,B,product_view
101341,A,product_view
101342,A,product_view
101342,A,add_to_cart
101343,B,product_view
101345,A,product_view
101347,B,product_view
101349,A,product_view
101350,A,product_view
101351,A,product_view
101352,B,product_view
101353,A,click
101353,A,product_view
101354,B,click
101354,B,product_view
101356,B,product_view
101357,B,product_view
101359,B,product_view
101360,A,product_view
101360,A,add_to_cart
101360,A,checkout
101360,A,purchase
101360,A,repeat_purchase
101362,B,product_view
101362,B,add_to_cart
101362,B,checkout
101365,B,product_view
101365,B,add_to_cart
101365,B,checkout
101366,B,product_view
101367,A,product_view
101370,A,product_view
101371,B,product_view
101372,A,product_view
101373,B,product_view
101373,B,add_to_cart
101373,B,checkout
101373,B,purchase
101375,A,product_view
101376,B,product_view
101378,A,product_view
101379,A,product_view
101380,B,product_view
101381,B,product_view
101382,B,product_view
101383,A,product_view
101384,B,click
101384,B,product_view
101384,B,add_to_cart
101384,B,checkout
101385,B,product_view
101386,B,product_view
101386,B,add_to_cart
101386,B,checkout
101387,B,click
101387,B,product_view
101387,B,add_to_cart
101389,B,product_view
101390,A,product_view
101392,A,product_view
101393,B,product_view
101395,A,product_view
101396,B,product_view
101396,B,add_to_cart
101396,B,checkout
101396,B,purchase
101397,B,product_view
101398,A,product_view
101398,A,add_to_cart
101398,A,checkout
101399,A,product_view
101400,A,product_view
101401,A,product_view
101403,A,product_view
101404,B,product_view
101405,B,product_view
101407,B,product_view
101408,A,product_view
101408,A,add_to_cart
101409,B,product_view
101410,A,product_view
101411,B,product_view
101412,B,click
101413,B,product_view
101414,B,click
101414,B,product_view
101415,B,product_view
101416,B,product_view
101417,B,product_view
101417,B,add_to_cart
101419,B,click
101419,B,product_view
101419,B,add_to_cart
101419,B,checkout
101419,B,purchase
101420,B,product_view
101421,B,click
101421,B,product_view
101421,B,add_to_cart
101421,B,checkout
101422,A,product_view
101423,B,product_view
101423,B,add_to_cart
101423,B,checkout
101423,B,purchase
101424,A,click
101424,A,product_view
101425,A,product_view
101430,B,product_view
101431,B,product_view
101432,A,click
101432,A,product_view
101434,A,product_view
101434,A,add_to_cart
101434,A,checkout
101434,A,purchase
101435,B,product_view
101435,B,add_to_cart
101436,A,product_view
101436,A,add_to_cart
101436,A,checkout
101436,A,purchase
101437,B,product_view
101438,A,product_view
101438,A,add_to_cart
101438,A,checkout
101439,B,product_view
101439,B,add_to_cart
101440,A,product_view
101441,A,click
101442,A,product_view
101443,A,product_view
101444,B,product_view
101444,B,add_to_cart
101445,A,product_view
101446,B,product_view
101446,B,add_to_cart
101446,B,checkout
101446,B,purchase
101447,A,product_view
101448,A,product_view
101449,B,product_view
101450,B,product_view
101451,A,click
101452,A,product_view
101453,B,click
101453,B,product_view
101453,B,add_to_cart
101453,B,checkout
101453,B,purchase
101454,B,product_view
101454,B,add_to_cart
101455,B,product_view
101455,B,add_to_cart
101455,B,checkout
101455,B,purchase
101455,B,repeat_purchase
101457,A,click
101457,A,product_view
101458,A,product_view
101458,A,add_to_cart
101458,A,checkout
101459,B,click
101459,B,product_view
101459,B,add_to_cart
101459,B,checkout
101461,B,product_view
101462,B,product_view
101463,B,product_view
101463,B,add_to_cart
101463,B,checkout
101464,B,product_view
101465,B,product_view
101465,B,add_to_cart
101465,B,checkout
101465,B,purchase
101466,A,click
101466,A,product_view
101467,B,product_view
101468,B,product_view
101469,B,product_view
101469,B,add_to_cart
101469,B,checkout
101469,B,purchase
101470,B,product_view
101471,B,product_view
101472,A,click
101472,A,product_view
101473,B,product_view
101473,B,add_to_cart
101473,B,checkout
101473,B,purchase
101474,B,product_view
101475,A,product_view
101475,A,add_to_cart
101475,A,checkout
101475,A,purchase
101476,A,product_view
101477,A,click
101477,A,product_view
101478,B,product_view
101479,A,product_view
101480,A,product_view
101482,B,product_view
101483,B,product_view
101483,B,add_to_cart
101483,B,checkout
101483,B,purchase
101484,A,product_view
101484,A,add_to_cart
101484,A,checkout
101484,A,purchase
101485,A,product_view
101486,B,product_view
101487,B,product_view
101487,B,add_to_cart
101488,B,product_view
101489,B,product_view
101489,B,add_to_cart
101489,B,checkout
101489,B,purchase
101490,B,product_view
101491,A,product_view
101492,A,product_view
101493,B,product_view
101494,B,product_view
101496,B,product_view
101498,A,product_view
101498,A,add_to_cart
101498,A,checkout
101498,A,purchase
101499,B,product_view
101500,B,product_view
101500,B,add_to_cart
101500,B,checkout
101501,B,product_view
101502,B,product_view
101503,A,product_view
101503,A,add_to_cart
101503,A,checkout
101503,A,purchase
101504,A,product_view
101505,B,product_view
101506,B,click
101506,B,product_view
101507,B,product_view
101507,B,add_to_cart
101507,B,checkout
101508,A,product_view
101509,A,product_view
101511,B,product_view
101514,A,product_view
101515,B,product_view
101516,A,product_view
101518,A,click
101518,A,product_view
101519,B,product_view
101519,B,add_to_cart
101523,A,product_view
101524,A,product_view
101525,B,product_view
101526,A,product_view
101527,B,product_view
101528,A,product_view
101530,A,click
101530,A,product_view
101531,B,product_view
101531,B,add_to_cart
101531,B,checkout
101533,A,product_view
101534,B,product_view
101534,B,add_to_cart
101535,B,product_view
101536,A,product_view
101537,A,product_view
101538,A,product_view
101539,A,product_view
101539,A,add_to_cart
101539,A,checkout
101541,A,product_view
101543,B,product_view
101545,A,product_view
101546,A,product_view
101549,A,product_view
101549,A,add_to_cart
101550,B,product_view
101551,B,product_view
101551,B,add_to_cart
101551,B,checkout
101552,A,click
101552,A,product_view
101554,B,product_view
101555,B,product_view
101556,A,product_view
101557,B,product_view
101558,A,product_view
101559,A,click
101559,A,product_view
101561,A,product_view
101562,B,product_view
101562,B,add_to_cart
101563,A,product_view
101563,A,add_to_cart
101564,A,product_view
101566,B,product_view
101567,B,product_view
101567,B,add_to_cart
101567,B,checkout
101567,B,purchase
101568,A,product_view
101569,B,product_view
101570,A,product_view
101571,B,product_view
101572,A,product_view
101573,B,click
101573,B,product_view
101575,B,product_view
101577,B,product_view
101578,A,product_view
101580,B,product_view
101581,A,click
101582,B,click
101582,B,product_view
101583,A,product_view
101584,A,product_view
101584,A,add_to_cart
101584,A,checkout
101585,B,product_view
101586,B,product_view
101587,A,product_view
101588,A,product_view
101589,A,product_view
101591,B,product_view
101593,B,product_view
101594,B,product_view
101595,B,click
101595,B,product_view
101597,A,product_view
101599,A,click
101599,A,product_view
101600,A,product_view
101601,B,product_view
101601,B,add_to_cart
101601,B,checkout
101601,B,purchase
101603,A,product_view
101603,A,add_to_cart
101603,A,checkout
101603,A,purchase
101605,B,product_view
101607,A,product_view
101608,B,product_view
101609,A,product_view
101611,B,product_view
101611,B,add_to_cart
101612,A,product_view
101613,B,product_view
101614,B,product_view
101615,A,product_view
101616,A,product_view
101617,A,product_view
101618,B,product_view
101619,A,product_view
101620,B,product_view
101622,A,product_view
101623,A,product_view
101624,B,click
101624,B,product_view
101625,B,click
101625,B,product_view
101626,A,click
101626,A,product_view
101627,B,product_view
101628,B,click
101628,B,product_view
101628,B,add_to_cart
101628,B,checkout
101628,B,purchase
101629,A,click
101629,A,product_view
101631,B,product_view
101631,B,add_to_cart
101631,B,checkout
101631,B,purchase
101632,A,product_view
101632,A,add_to_cart
101632,A,checkout
101633,A,product_view
101634,A,product_view
101635,A,click
101635,A,product_view
101636,A,product_view
101637,A,product_view
101638,B,product_view
101639,B,product_view
101640,A,product_view
101641,A,product_view
101642,A,product_view
101643,B,product_view
101645,B,product_view
101646,A,click
101646,A,product_view
101646,A,add_to_cart
101647,B,click
101647,B,product_view
101648,B,product_view
101649,B,product_view
101649,B,add_to_cart
101650,B,product_view
101651,A,product_view
101653,A,product_view
101654,B,product_view
101654,B,add_to_cart
101654,B,checkout
101654,B,purchase
101655,A,product_view
101656,B,product_view
101656,B,add_to_cart
101657,B,product_view
101658,A,product_view
101661,A,click
101662,B,product_view
101663,B,click
101663,B,product_view
101664,B,product_view
101665,B,product_view
101666,B,product_view
101668,B,product_view
101669,A,product_view
101670,B,click
101670,B,product_view
101671,B,click
101671,B,product_view
101672,A,product_view
101673,B,product_view
101674,B,product_view
101675,B,product_view
101677,B,click
101677,B,product_view
101678,B,product_view
101678,B,add_to_cart
101678,B,checkout
101678,B,purchase
101679,B,product_view
101679,B,add_to_cart
101679,B,checkout
101680,A,product_view
101680,A,add_to_cart
101681,B,product_view
101682,B,click
101682,B,product_view
101683,B,product_view
101683,B,add_to_cart
101683,B,checkout
101683,B,purchase
101683,B,repeat_purchase
101684,B,product_view
101685,B,product_view
101686,B,product_view
101687,B,product_view
101688,B,product_view
101689,A,product_view
101690,A,product_view
101691,A,product_view
101692,B,product_view
101693,A,product_view
101694,A,product_view
101695,A,product_view
101696,B,click
101697,B,product_view
101700,B,product_view
101701,B,product_view
101701,B,add_to_cart
101701,B,checkout
101701,B,purchase
101701,B,repeat_purchase
101702,A,product_view
101704,A,product_view
101705,A,click
101705,A,product_view
101706,B,product_view
101708,B,product_view
101709,B,product_view
101709,B,add_to_cart
101709,B,checkout
101709,B,purchase
101710,A,product_view
101711,A,product_view
101714,B,product_view
101715,B,product_view
101715,B,add_to_cart
101715,B,checkout
101715,B,purchase
101717,B,product_view
101717,B,add_to_cart
101717,B,checkout
101718,A,product_view
101719,B,product_view
101719,B,add_to_cart
101719,B,checkout
101719,B,purchase
101720,A,product_view
101721,B,click
101722,B,product_view
101723,A,product_view
101724,B,product_view
101725,A,product_view
101725,A,add_to_cart
101727,B,product_view
101728,B,product_view
101728,B,add_to_cart
101729,B,product_view
101729,B,add_to_cart
101730,A,product_view
101731,A,product_view
101731,A,add_to_cart
101731,A,checkout
101732,B,product_view
101733,A,click
101733,A,product_view
101735,A,product_view
101736,B,product_view
101737,B,product_view
101738,A,product_view
101739,B,click
101739,B,product_view
101742,A,click
101742,A,product_view
101744,B,product_view
101745,B,product_view
101746,B,product_view
101747,B,product_view
101747,B,add_to_cart
101747,B,checkout
101747,B,purchase
101748,B,product_view
101750,B,product_view
101751,A,product_view
101752,B,product_view
101752,B,add_to_cart
101752,B,checkout
101753,A,click
101754,A,product_view
101755,A,click
101757,A,product_view
101758,B,product_view
101759,B,product_view
101760,A,product_view
101761,B,product_view
101762,B,product_view
101762,B,add_to_cart
101763,B,product_view
101763,B,add_to_cart
101763,B,checkout
101764,B,product_view
101765,A,product_view
101766,A,product_view
101767,B,product_view
101768,B,product_view
101769,A,product_view
101770,A,click
101771,A,product_view
101773,A,product_view
101774,B,product_view
101776,B,product_view
101777,A,click
101777,A,product_view
101778,A,product_view
101779,B,product_view
101782,B,product_view
101783,B,product_view
101784,A,product_view
101784,A,add_to_cart
101786,B,product_view
101788,B,product_view
101789,A,product_view
101789,A,add_to_cart
101790,B,product_view
101790,B,add_to_cart
101790,B,checkout
101790,B,purchase
101791,B,product_view
101792,A,product_view
101793,B,click
101793,B,product_view
101794,A,product_view
101794,A,add_to_cart
101795,B,product_view
101796,B,product_view
101797,A,product_view
101798,A,product_view
101799,B,product_view
101802,B,click
101802,B,product_view
101803,A,product_view
101804,A,product_view
101805,A,product_view
101807,B,click
101807,B,product_view
101808,A,product_view
101808,A,add_to_cart
101809,B,product_view
101810,B,product_view
101812,B,product_view
101814,B,click
101814,B,product_view
101815,B,product_view
101815,B,add_to_cart
101815,B,checkout
101815,B,purchase
101817,A,product_view
101818,A,product_view
101821,B,product_view
101822,A,product_view
101824,A,product_view
101824,A,add_to_cart
101824,A,checkout
101824,A,purchase
101825,A,product_view
101826,A,product_view
101826,A,add_to_cart
101827,B,product_view
101829,B,product_view
101831,A,product_view
101832,B,product_view
101833,A,product_view
101833,A,add_to_cart
101833,A,checkout
101834,A,product_view
101836,A,product_view
101837,A,product_view
101838,B,product_view
101839,B,product_view
101839,B,add_to_cart
101839,B,checkout
101840,B,click
101840,B,product_view
101841,A,product_view
101841,A,add_to_cart
101841,A,checkout
101841,A,purchase
101842,A,click
101842,A,product_view
101843,A,product_view
101844,A,click
101844,A,product_view
101845,A,click
101845,A,product_view
101845,A,add_to_cart
101845,A,checkout
101845,A,purchase
101846,B,product_view
101847,A,product_view
101849,A,product_view
101850,B,product_view
101851,B,product_view
101851,B,add_to_cart
101851,B,checkout
101851,B,purchase
101853,B,product_view
101853,B,add_to_cart
101853,B,checkout
101853,B,purchase
101854,A,product_view
101856,A,product_view
101857,B,product_view
101857,B,add_to_cart
101858,A,product_view
101859,A,product_view
101861,A,click
101861,A,product_view
101862,A,product_view
101865,A,product_view
101866,A,click
101866,A,product_view
101867,B,click
101867,B,product_view
101870,B,product_view
101871,A,product_view
101872,B,product_view
101872,B,add_to_cart
101872,B,checkout
101874,A,product_view
101875,B,product_view
101876,B,product_view
101877,B,product_view
101878,B,product_view
101880,A,product_view
101881,B,product_view
101882,A,click
101882,A,product_view
101882,A,add_to_cart
101882,A,checkout
101882,A,purchase
101884,B,product_view
101884,B,add_to_cart
101884,B,checkout
101884,B,purchase
101884,B,repeat_purchase
101885,B,product_view
101886,B,product_view
101886,B,add_to_cart
101886,B,checkout
101886,B,purchase
101887,A,product_view
101888,B,product_view
101890,B,product_view
101890,B,add_to_cart
101890,B,checkout
101891,B,product_view
101892,A,product_view
101894,B,click
101894,B,product_view
101895,A,click
101895,A,product_view
101896,A,product_view
101899,A,product_view
101900,A,product_view
101901,B,product_view
101903,B,product_view
101905,A,product_view
101906,B,click
101906,B,product_view
101907,A,product_view
101909,B,product_view
101910,A,product_view
101910,A,add_to_cart
101910,A,checkout
101910,A,purchase
101911,A,product_view
101912,B,product_view
101914,A,product_view
101915,A,product_view
101916,A,product_view
101917,B,product_view
101917,B,add_to_cart
101917,B,checkout
101917,B,purchase
101918,A,product_view
101919,A,product_view
101920,B,click
101920,B,product_view
101921,B,product_view
101922,A,product_view
101924,B,product_view
101925,A,product_view
101925,A,add_to_cart
101925,A,checkout
101926,A,product_view
101927,A,product_view
101928,A,product_view
101929,A,product_view
101930,B,click
101930,B,product_view
101931,B,product_view
101932,A,click
101933,A,product_view
101933,A,add_to_cart
101933,A,checkout
101934,B,product_view
101936,A,product_view
101937,B,product_view
101938,A,product_view
101939,A,product_view
101940,B,product_view
101941,A,product_view
101945,B,product_view
101946,B,product_view
101949,A,product_view
101949,A,add_to_cart
101949,A,checkout
101949,A,purchase
101951,B,click
101952,A,product_view
101953,A,click
101953,A,product_view
101954,B,product_view
101954,B,add_to_cart
101954,B,checkout
101954,B,purchase
101955,B,product_view
101956,A,product_view
101957,A,product_view
101958,B,product_view
101958,B,add_to_cart
101961,A,product_view
101962,B,product_view
101963,A,product_view
101963,A,add_to_cart
101963,A,checkout
101964,B,product_view
101965,A,click
101965,A,product_view
101966,A,product_view
101968,A,product_view
101969,A,product_view
101969,A,add_to_cart
101969,A,checkout
101969,A,purchase
101970,B,product_view
101972,B,product_view
101973,A,product_view
101973,A,add_to_cart
101973,A,checkout
101973,A,purchase
101973,A,repeat_purchase
101974,B,product_view
101975,B,click
101975,B,product_view
101976,B,product_view
101977,A,product_view
101978,B,product_view
101979,A,product_view
101980,A,product_view
101981,A,product_view
101982,B,product_view
101983,A,product_view
101983,A,add_to_cart
101983,A,checkout
101983,A,purchase
101983,A,repeat_purchase
101984,A,product_view
101987,A,product_view
101988,A,product_view
101989,A,product_view
101990,A,click
101991,B,product_view
101991,B,add_to_cart
101991,B,checkout
101991,B,purchase
101992,B,product_view
101993,B,click
101993,B,product_view
101993,B,add_to_cart
101993,B,checkout
101993,B,purchase
101995,A,product_view
101996,B,product_view
101997,A,product_view
101998,A,product_view
101998,A,add_to_cart
101999,B,product_view
101999,B,add_to_cart
101999,B,checkout
101999,B,purchase
102000,B,product_view
102002,B,product_view
102003,B,product_view
102005,B,product_view
102006,B,product_view
102007,B,product_view
102009,B,click
102009,B,product_view
102010,B,product_view
102011,B,product_view
102012,B,product_view
102013,B,product_view
102014,A,product_view
102015,B,product_view
102016,B,product_view
102018,B,product_view
102021,B,product_view
102022,A,product_view
102023,A,product_view
102025,B,product_view
102026,B,product_view
102027,A,click
102027,A,product_view
102028,B,product_view
102030,B,product_view
102031,A,product_view
102032,B,product_view
102032,B,add_to_cart
102032,B,checkout
102032,B,purchase
102033,A,product_view
102034,A,product_view
102034,A,add_to_cart
102035,B,product_view
102036,A,product_view
102038,B,product_view
102039,B,product_view
102039,B,add_to_cart
102039,B,checkout
102039,B,purchase
102040,B,product_view
102041,B,product_view
102041,B,add_to_cart
102042,B,product_view
102042,B,add_to_cart
102043,A,product_view
102044,A,product_view
102044,A,add_to_cart
102047,A,click
102047,A,product_view
102048,A,product_view
102049,A,product_view
102050,A,product_view
102051,A,click
102053,A,product_view
102053,A,add_to_cart
102055,A,product_view
102056,B,product_view
102056,B,add_to_cart
102056,B,checkout
102057,B,click
102057,B,product_view
102058,A,product_view
102061,A,product_view
102062,B,product_view
102063,A,product_view
102064,A,product_view
102065,A,product_view
102066,A,product_view
102067,B,product_view
102068,B,click
102068,B,product_view
102069,B,product_view
102070,B,click
102071,B,product_view
102072,A,product_view
102073,A,click
102073,A,product_view
102074,A,product_view
102075,B,product_view
102076,A,product_view
102077,A,product_view
102077,A,add_to_cart
102077,A,checkout
102077,A,purchase
102078,B,click
102078,B,product_view
102079,B,product_view
102080,B,product_view
102082,B,product_view
102083,A,product_view
102084,A,product_view
102085,B,product_view
102086,A,product_view
102087,B,product_view
102088,B,product_view
102088,B,add_to_cart
102088,B,checkout
102088,B,purchase
102089,A,product_view
102090,A,product_view
102090,A,add_to_cart
102090,A,checkout
102090,A,purchase
102091,B,product_view
102092,A,product_view
102093,B,product_view
102093,B,add_to_cart
102093,B,checkout
102093,B,purchase
102093,B,repeat_purchase
102094,A,product_view
102095,A,product_view
102096,B,product_view
102097,A,product_view
102098,A,product_view
102098,A,add_to_cart
102098,A,checkout
102098,A,purchase
102099,A,product_view
102099,A,add_to_cart
102099,A,checkout
102099,A,purchase
102099,A,repeat_purchase
102100,B,product_view
102101,B,product_view
102102,A,product_view
102103,B,product_view
102105,A,product_view
102107,B,product_view
102108,A,product_view
102110,B,product_view
102111,A,product_view
102112,B,click
102112,B,product_view
102113,B,product_view
102114,A,product_view
102116,A,product_view
102117,A,product_view
102117,A,add_to_cart
102117,A,checkout
102117,A,purchase
102118,A,click
102118,A,product_view
102119,B,product_view
102120,B,product_view
102121,B,product_view
102122,B,click
102122,B,product_view
102123,B,product_view
102124,B,product_view
102124,B,add_to_cart
102124,B,checkout
102124,B,purchase
102125,A,click
102125,A,product_view
102126,B,product_view
102127,A,product_view
102128,A,product_view
102129,A,product_view
102131,B,product_view
102132,A,product_view
102134,A,product_view
102136,A,product_view
102137,B,product_view
102137,B,add_to_cart
102137,B,checkout
102137,B,purchase
102138,A,product_view
102138,A,add_to_cart
102139,A,product_view
102140,B,product_view
102141,A,click
102141,A,product_view
102143,A,product_view
102145,A,click
102146,B,product_view
102147,B,product_view
102147,B,add_to_cart
102147,B,checkout
102147,B,purchase
102149,B,product_view
102150,B,product_view
102151,A,product_view
102152,B,product_view
102152,B,add_to_cart
102152,B,checkout
102152,B,purchase
102154,A,product_view
102155,B,click
102155,B,product_view
102157,B,product_view
102158,A,product_view
102158,A,add_to_cart
102158,A,checkout
102158,A,purchase
102159,B,product_view
102159,B,add_to_cart
102159,B,checkout
102160,A,product_view
102161,A,product_view
102161,A,add_to_cart
102161,A,checkout
102161,A,purchase
102162,A,product_view
102163,B,product_view
102163,B,add_to_cart
102163,B,checkout
102163,B,purchase
102163,B,repeat_purchase
102164,A,product_view
102165,B,product_view
102166,B,product_view
102167,A,click
102167,A,product_view
102168,B,product_view
102170,B,click
102171,A,product_view
102172,A,product_view
102173,B,click
102173,B,product_view
102173,B,add_to_cart
102173,B,checkout
102173,B,purchase
102174,A,click
102174,A,product_view
102177,A,product_view
102178,B,product_view
102178,B,add_to_cart
102178,B,checkout
102178,B,purchase
102178,B,repeat_purchase
102180,B,product_view
102180,B,add_to_cart
102180,B,checkout
102180,B,purchase
102181,B,product_view
102182,B,click
102182,B,product_view
102183,A,click
102183,A,product_view
102184,A,product_view
102185,A,product_view
102186,A,click
102186,A,product_view
102187,B,product_view
102187,B,add_to_cart
102190,B,product_view
102191,A,product_view
102191,A,add_to_cart
102191,A,checkout
102191,A,purchase
102191,A,repeat_purchase
102193,A,product_view
102194,B,product_view
102195,A,product_view
102196,B,product_view
102197,B,product_view
102198,A,product_view
102198,A,add_to_cart
102198,A,checkout
102198,A,purchase
102199,A,product_view
102201,A,product_view
102201,A,add_to_cart
102201,A,checkout
102203,A,product_view
102204,B,product_view
102207,B,click
102209,A,product_view
102210,B,product_view
102211,A,product_view
102213,A,product_view
102214,A,product_view
102218,B,product_view
102218,B,add_to_cart
102218,B,checkout
102218,B,purchase
102219,A,product_view
102221,B,product_view
102222,A,product_view
102222,A,add_to_cart
102224,B,product_view
102224,B,add_to_cart
102224,B,checkout
102225,B,product_view
102226,A,product_view
102227,B,product_view
102229,A,product_view
102229,A,add_to_cart
102229,A,checkout
102230,B,product_view
102231,B,product_view
102231,B,add_to_cart
102234,A,product_view
102234,A,add_to_cart
102234,A,checkout
102234,A,purchase
102234,A,repeat_purchase
102235,B,product_view
102236,B,product_view
102237,B,product_view
102238,A,product_view
102239,A,product_view
102239,A,add_to_cart
102239,A,checkout
102239,A,purchase
102240,B,click
102240,B,product_view
102240,B,add_to_cart
102240,B,checkout
102240,B,purchase
102241,A,product_view
102242,A,product_view
102243,B,product_view
102244,A,product_view
102245,B,product_view
102246,A,product_view
102247,B,product_view
102247,B,add_to_cart
102247,B,checkout
102247,B,purchase
102249,A,product_view
102251,A,click
102251,A,product_view
102252,B,product_view
102253,A,product_view
102254,A,product_view
102254,A,add_to_cart
102254,A,checkout
102254,A,purchase
102257,A,product_view
102257,A,add_to_cart
102258,B,product_view
102259,A,product_view
102261,B,click
102262,B,product_view
102262,B,add_to_cart
102262,B,checkout
102262,B,purchase
102265,A,product_view
102265,A,add_to_cart
102265,A,checkout
102266,B,product_view
102268,A,product_view
102269,B,product_view
102271,A,product_view
102272,B,click
102273,A,product_view
102274,B,product_view
102275,A,click
102276,B,product_view
102277,B,product_view
102277,B,add_to_cart
102277,B,checkout
102277,B,purchase
102277,B,repeat_purchase
102278,B,product_view
102279,B,product_view
102280,A,product_view
102281,B,click
102281,B,product_view
102282,B,click
102284,A,click
102284,A,product_view
102285,B,click
102285,B,product_view
102286,A,product_view
102287,A,click
102287,A,product_view
102289,B,product_view
102291,A,product_view
102292,A,product_view
102294,A,product_view
102294,A,add_to_cart
102297,A,product_view
102298,A,product_view
102299,A,product_view
102299,A,add_to_cart
102299,A,checkout
102302,B,click
102302,B,product_view
102303,B,product_view
102304,A,product_view
102305,A,product_view
102308,A,product_view
102309,B,product_view
102310,A,product_view
102311,B,product_view
102312,B,click
102312,B,product_view
102314,A,product_view
102315,A,product_view
102316,B,product_view
102317,B,product_view
102318,A,product_view
102320,A,product_view
102321,A,product_view
102322,A,product_view
102323,A,click
102323,A,product_view
102324,A,product_view
102325,B,product_view
102325,B,add_to_cart
102326,A,product_view
102328,B,product_view
102329,A,product_view
102329,A,add_to_cart
102329,A,checkout
102329,A,purchase
102330,A,product_view
102331,A,click
102332,B,product_view
102334,A,product_view
102336,A,product_view
102337,A,product_view
102338,B,product_view
102339,B,product_view
102340,B,product_view
102341,B,click
102341,B,product_view
102342,B,product_view
102343,B,product_view
102344,B,product_view
102344,B,add_to_cart
102344,B,checkout
102344,B,purchase
102345,A,product_view
102345,A,add_to_cart
102345,A,checkout
102347,B,product_view
102348,A,product_view
102350,B,product_view
102351,A,product_view
102352,B,product_view
102353,B,click
102353,B,product_view
102353,B,add_to_cart
102353,B,checkout
102353,B,purchase
102354,B,product_view
102355,B,product_view
102355,B,add_to_cart
102355,B,checkout
102356,B,click
102357,A,product_view
102358,B,product_view
102359,A,product_view
102360,B,product_view
102362,A,product_view
102363,B,product_view
102364,B,product_view
102366,A,click
102366,A,product_view
102368,A,product_view
102368,A,add_to_cart
102368,A,checkout
102368,A,purchase
102368,A,repeat_purchase
102369,A,product_view
102369,A,add_to_cart
102370,B,product_view
102370,B,add_to_cart
102370,B,checkout
102371,B,product_view
102372,B,click
102372,B,product_view
102373,A,click
102373,A,product_view
102374,A,click
102374,A,product_view
102375,B,product_view
102375,B,add_to_cart
102375,B,checkout
102375,B,purchase
102376,A,product_view
102377,B,product_view
102378,B,product_view
102378,B,add_to_cart
102378,B,checkout
102378,B,purchase
102378,B,repeat_purchase
102379,A,product_view
102380,A,product_view
102380,A,add_to_cart
102380,A,checkout
102380,A,purchase
102382,A,product_view
102383,B,product_view
102383,B,add_to_cart
102384,B,product_view
102386,A,product_view
102387,A,product_view
102388,A,product_view
102389,B,product_view
102390,B,product_view
102391,B,click
102391,B,product_view
102392,A,product_view
102393,B,product_view
102399,A,product_view
102399,A,add_to_cart
102400,A,product_view
102400,A,add_to_cart
102401,B,click
102401,B,product_view
102402,A,product_view
102403,A,product_view
102404,A,product_view
102405,A,product_view
102406,A,product_view
102406,A,add_to_cart
102407,B,product_view
102408,B,product_view
102409,B,product_view
102410,A,product_view
102411,A,product_view
102412,A,product_view
102413,A,product_view
102414,B,product_view
102415,B,product_view
102416,B,product_view
102419,B,product_view
102420,B,product_view
102421,A,product_view
102422,A,product_view
102423,A,product_view
102426,A,product_view
102427,B,product_view
102429,A,product_view
102429,A,add_to_cart
102429,A,checkout
102430,B,product_view
102431,B,product_view
102432,A,product_view
102435,A,product_view
102436,A,product_view
102437,A,product_view
102437,A,add_to_cart
102437,A,checkout
102438,B,product_view
102440,A,product_view
102441,B,product_view
102442,A,product_view
102443,A,product_view
102445,B,product_view
102446,A,product_view
102448,B,product_view
102449,A,product_view
102450,B,product_view
102451,B,product_view
102452,A,product_view
102453,A,product_view
102454,B,product_view
102455,A,product_view
102456,A,product_view
102456,A,add_to_cart
102457,B,product_view
102458,B,product_view
102459,B,product_view
102460,B,product_view
102461,B,click
102461,B,product_view
102462,A,product_view
102463,A,product_view
102463,A,add_to_cart
102464,B,product_view
102465,B,product_view
102466,B,product_view
102467,A,product_view
102468,B,product_view
102470,A,product_view
102471,A,click
102471,A,product_view
102472,A,click
102472,A,product_view
102473,A,product_view
102474,A,product_view
102475,B,product_view
102476,A,product_view
102478,B,click
102478,B,product_view
102479,A,product_view
102480,B,product_view
102481,A,product_view
102481,A,add_to_cart
102481,A,checkout
102481,A,purchase
102482,A,product_view
102483,A,product_view
102483,A,add_to_cart
102484,A,product_view
102485,B,product_view
102485,B,add_to_cart
102485,B,checkout
102485,B,purchase
102485,B,repeat_purchase
102486,B,product_view
102487,B,click
102487,B,product_view
102488,A,product_view
102489,A,product_view
102490,B,product_view
102490,B,add_to_cart
102490,B,checkout
102490,B,purchase
102491,B,product_view
102491,B,add_to_cart
102491,B,checkout
102491,B,purchase
102491,B,repeat_purchase
102493,B,product_view
102495,B,click
102495,B,product_view
102496,B,product_view
102496,B,add_to_cart
102496,B,checkout
102496,B,purchase
102496,B,repeat_purchase
102497,A,click
102497,A,product_view
102498,A,product_view
102499,B,product_view
102500,A,product_view
102501,B,product_view
102502,B,product_view
102503,B,product_view
102504,A,product_view
102506,B,product_view
102507,A,product_view
102508,B,product_view
102509,B,product_view
102510,A,product_view
102511,B,product_view
102512,B,product_view
102513,A,product_view
102513,A,add_to_cart
102514,B,click
102514,B,product_view
102515,A,product_view
102515,A,add_to_cart
102515,A,checkout
102515,A,purchase
102515,A,repeat_purchase
102516,A,click
102516,A,product_view
102517,A,product_view
102518,B,product_view
102519,B,product_view
102520,A,product_view
102521,B,product_view
102523,A,product_view
102524,A,click
102524,A,product_view
102525,B,product_view
102526,A,product_view
102526,A,add_to_cart
102527,A,product_view
102528,B,product_view
102529,A,product_view
102530,A,product_view
102531,B,product_view
102531,B,add_to_cart
102531,B,checkout
102531,B,purchase
102532,A,product_view
102534,A,product_view
102535,A,product_view
102536,B,product_view
102536,B,add_to_cart
102536,B,checkout
102536,B,purchase
102537,B,product_view
102538,A,product_view
102539,B,product_view
102540,B,product_view
102541,A,product_view
102542,B,product_view
102543,B,click
102543,B,product_view
102544,A,product_view
102546,B,product_view
102546,B,add_to_cart
102546,B,checkout
102546,B,purchase
102549,B,product_view
102550,B,product_view
102550,B,add_to_cart
102550,B,checkout
102550,B,purchase
102552,A,product_view
102553,B,click
102553,B,product_view
102554,A,product_view
102555,B,click
102555,B,product_view
102555,B,add_to_cart
102557,B,product_view
102559,A,product_view
102560,B,product_view
102561,A,product_view
102563,A,click
102565,A,product_view
102565,A,add_to_cart
102565,A,checkout
102566,A,product_view
102567,A,click
102567,A,product_view
102569,B,product_view
102570,A,product_view
102571,A,product_view
102571,A,add_to_cart
102571,A,checkout
102572,B,product_view
102573,B,product_view
102574,B,product_view
102575,A,product_view
102576,B,click
102576,B,product_view
102577,A,product_view
102578,A,product_view
102579,B,product_view
102579,B,add_to_cart
102580,A,product_view
102581,A,product_view
102582,B,product_view
102583,A,product_view
102583,A,add_to_cart
102585,A,product_view
102586,B,product_view
102587,B,product_view
102588,A,product_view
102588,A,add_to_cart
102588,A,checkout
102588,A,purchase
102589,A,click
102591,A,product_view
102591,A,add_to_cart
102591,A,checkout
102591,A,purchase
102591,A,repeat_purchase
102593,A,product_view
102594,B,product_view
102595,B,product_view
102596,B,product_view
102597,B,product_view
102598,B,product_view
102598,B,add_to_cart
102598,B,checkout
102598,B,purchase
102599,B,product_view
102600,A,click
102600,A,product_view
102601,A,product_view
102602,A,product_view
102602,A,add_to_cart
102602,A,checkout
102603,B,product_view
102604,A,product_view
102605,A,product_view
102605,A,add_to_cart
102605,A,checkout
102606,B,product_view
102607,B,click
102607,B,product_view
102607,B,add_to_cart
102608,B,product_view
102609,A,product_view
102609,A,add_to_cart
102609,A,checkout
102610,A,click
102611,A,product_view
102612,B,product_view
102612,B,add_to_cart
102612,B,checkout
102612,B,purchase
102613,B,product_view
102613,B,add_to_cart
102613,B,checkout
102613,B,purchase
102614,A,product_view
102614,A,add_to_cart
102615,B,product_view
102616,A,product_view
102616,A,add_to_cart
102616,A,checkout
102616,A,purchase
102617,A,product_view
102619,B,product_view
102620,A,product_view
102622,A,product_view
102624,A,product_view
102625,A,product_view
102627,A,product_view
102629,B,click
102629,B,product_view
102631,A,product_view
102631,A,add_to_cart
102631,A,checkout
102631,A,purchase
102632,A,product_view
102633,A,click
102633,A,product_view
102635,A,product_view
102636,B,product_view
102638,A,product_view
102639,A,product_view
102640,A,product_view
102641,A,product_view
102642,A,product_view
102643,A,product_view
102644,B,product_view
102644,B,add_to_cart
102645,A,product_view
102646,A,product_view
102646,A,add_to_cart
102646,A,checkout
102646,A,purchase
102647,B,product_view
102648,B,product_view
102649,A,product_view
102650,B,product_view
102651,A,product_view
102652,B,product_view
102652,B,add_to_cart
102652,B,checkout
102652,B,purchase
102652,B,repeat_purchase
102653,A,product_view
102654,B,product_view
102654,B,add_to_cart
102656,B,product_view
102658,B,product_view
102659,B,product_view
102662,B,product_view
102663,A,product_view
102663,A,add_to_cart
102664,B,product_view
102665,B,product_view
102666,A,product_view
102667,B,product_view
102668,A,product_view
102669,A,product_view
102670,A,product_view
102671,A,product_view
102672,A,product_view
102674,A,product_view
102676,A,click
102676,A,product_view
102676,A,add_to_cart
102676,A,checkout
102676,A,purchase
102676,A,repeat_purchase
102677,B,product_view
102677,B,add_to_cart
102677,B,checkout
102677,B,purchase
102677,B,repeat_purchase
102678,A,product_view
102681,B,product_view
102681,B,add_to_cart
102682,A,click
102682,A,product_view
102682,A,add_to_cart
102682,A,checkout
102682,A,purchase
102683,B,product_view
102684,A,product_view
102685,A,product_view
102686,A,product_view
102688,B,product_view
102688,B,add_to_cart
102688,B,checkout
102688,B,purchase
102689,B,product_view
102691,B,product_view
102692,A,click
102692,A,product_view
102692,A,add_to_cart
102692,A,checkout
102692,A,purchase
102693,B,product_view
102695,A,product_view
102696,B,product_view
102696,B,add_to_cart
102696,B,checkout
102696,B,purchase
102697,A,product_view
102697,A,add_to_cart
102697,A,checkout
102697,A,purchase
102698,B,product_view
102699,B,click
102699,B,product_view
102701,B,product_view
102702,A,product_view
102703,B,product_view
102704,A,click
102704,A,product_view
102705,A,product_view
102705,A,add_to_cart
102705,A,checkout
102706,B,product_view
102707,B,product_view
102708,B,product_view
102709,B,product_view
102710,B,product_view
102713,B,product_view
102713,B,add_to_cart
102713,B,checkout
102713,B,purchase
102714,A,product_view
102715,B,product_view
102716,A,product_view
102717,A,product_view
102718,A,product_view
102720,B,product_view
102721,A,product_view
102722,B,product_view
102723,A,product_view
102724,B,product_view
102726,A,click
102726,A,product_view
102727,B,product_view
102728,A,product_view
102730,A,product_view
102731,A,product_view
102732,A,product_view
102733,A,product_view
102734,B,product_view
102735,A,product_view
102735,A,add_to_cart
102735,A,checkout
102735,A,purchase
102736,A,product_view
102737,A,product_view
102737,A,add_to_cart
102737,A,checkout
102737,A,purchase
102738,B,click
102741,B,product_view
102741,B,add_to_cart
102742,B,product_view
102743,B,product_view
102744,A,product_view
102745,B,product_view
102746,A,product_view
102749,B,product_view
102750,A,product_view
102750,A,add_to_cart
102750,A,checkout
102750,A,purchase
102751,A,product_view
102752,B,product_view
102753,A,product_view
102753,A,add_to_cart
102753,A,checkout
102753,A,purchase
102753,A,repeat_purchase
102754,A,product_view
102755,B,product_view
102755,B,add_to_cart
102755,B,checkout
102755,B,purchase
102756,B,product_view
102756,B,add_to_cart
102756,B,checkout
102756,B,purchase
102757,B,product_view
102758,A,click
102759,A,product_view
102760,B,product_view
102761,B,product_view
102762,A,product_view
102763,B,product_view
102763,B,add_to_cart
102763,B,checkout
102763,B,purchase
102764,B,product_view
102766,A,product_view
102767,A,product_view
102768,A,product_view
102770,A,product_view
102771,B,product_view
102773,B,product_view
102774,B,product_view
102774,B,add_to_cart
102775,A,product_view
102775,A,add_to_cart
102776,A,product_view
102776,A,add_to_cart
102776,A,checkout
102776,A,purchase
102778,B,click
102778,B,product_view
102778,B,add_to_cart
102778,B,checkout
102778,B,purchase
102779,B,product_view
102780,A,product_view
102781,B,product_view
102782,A,product_view
102784,B,product_view
102786,A,click
102787,B,product_view
102788,A,product_view
102789,A,product_view
102790,B,product_view
102791,A,product_view
102792,B,product_view
102793,B,product_view
102794,A,product_view
102795,A,product_view
102796,B,product_view
102797,A,product_view
102797,A,add_to_cart
102798,B,product_view
102798,B,add_to_cart
102798,B,checkout
102798,B,purchase
102799,B,product_view
102802,B,product_view
102803,A,product_view
102805,A,product_view
102806,B,product_view
102807,A,product_view
102807,A,add_to_cart
102808,A,product_view
102809,A,product_view
102810,B,product_view
102811,B,product_view
102813,A,click
102813,A,product_view
102813,A,add_to_cart
102814,B,product_view
102815,A,product_view
102816,A,product_view
102817,A,product_view
102819,A,product_view
102819,A,add_to_cart
102819,A,checkout
102819,A,purchase
102820,B,product_view
102822,A,product_view
102823,B,product_view
102824,B,product_view
102824,B,add_to_cart
102824,B,checkout
102825,B,product_view
102826,A,product_view
102826,A,add_to_cart
102826,A,checkout
102827,A,product_view
102827,A,add_to_cart
102827,A,checkout
102827,A,purchase
102827,A,repeat_purchase
102828,B,product_view
102829,A,product_view
102829,A,add_to_cart
102830,A,product_view
102830,A,add_to_cart
102833,A,product_view
102836,A,product_view
102837,A,product_view
102838,A,click
102838,A,product_view
102838,A,add_to_cart
102838,A,checkout
102838,A,purchase
102839,A,product_view
102840,A,product_view
102841,B,product_view
102841,B,add_to_cart
102841,B,checkout
102841,B,purchase
102842,B,product_view
102843,A,product_view
102844,B,product_view
102847,B,product_view
102847,B,add_to_cart
102847,B,checkout
102847,B,purchase
102848,B,product_view
102849,A,product_view
102850,B,product_view
102851,B,product_view
102852,B,product_view
102854,B,product_view
102855,A,product_view
102856,B,click
102856,B,product_view
102857,A,product_view
102858,A,product_view
102859,B,product_view
102860,A,product_view
102862,B,product_view
102863,B,product_view
102865,B,product_view
102866,A,product_view
102866,A,add_to_cart
102867,A,product_view
102868,A,product_view
102869,A,product_view
102870,B,product_view
102871,B,product_view
102872,A,product_view
102873,A,product_view
102874,A,product_view
102876,A,product_view
102877,A,click
102877,A,product_view
102878,B,product_view
102879,A,product_view
102880,B,product_view
102881,B,product_view
102882,B,product_view
102882,B,add_to_cart
102883,A,product_view
102884,B,product_view
102886,B,product_view
102887,A,product_view
102887,A,add_to_cart
102887,A,checkout
102887,A,purchase
102887,A,repeat_purchase
102889,A,product_view
102890,A,product_view
102890,A,add_to_cart
102891,B,product_view
102892,A,product_view
102893,A,product_view
102894,A,product_view
102895,B,product_view
102896,B,product_view
102897,B,product_view
102898,B,product_view
102899,A,click
102900,B,click
102901,A,product_view
102901,A,add_to_cart
102902,A,product_view
102903,A,product_view
102904,A,product_view
102904,A,add_to_cart
102904,A,checkout
102904,A,purchase
102904,A,repeat_purchase
102905,B,click
102905,B,product_view
102906,B,product_view
102907,B,product_view
102908,A,product_view
102909,A,product_view
102909,A,add_to_cart
102911,B,product_view
102911,B,add_to_cart
102912,A,product_view
102913,B,product_view
102914,B,product_view
102915,A,product_view
102916,A,product_view
102916,A,add_to_cart
102917,A,product_view
102918,B,product_view
102919,A,product_view
102921,A,product_view
102922,A,product_view
102923,A,click
102923,A,product_view
102924,B,product_view
102925,B,product_view
102925,B,add_to_cart
102925,B,checkout
102926,A,product_view
102927,B,click
102927,B,product_view
102929,B,click
102929,B,product_view
102930,A,product_view
102931,B,product_view
102932,A,product_view
102932,A,add_to_cart
102932,A,checkout
102932,A,purchase
102933,A,product_view
102934,A,product_view
102935,B,product_view
102936,B,product_view
102937,B,product_view
102939,A,product_view
102940,A,product_view
102941,B,product_view
102942,A,product_view
102942,A,add_to_cart
102942,A,checkout
102942,A,purchase
102942,A,repeat_purchase
102946,B,click
102947,B,product_view
102948,A,product_view
102949,B,product_view
102950,A,product_view
102951,A,product_view
102952,B,product_view
102953,A,product_view
102954,A,product_view
102954,A,add_to_cart
102954,A,checkout
102954,A,purchase
102954,A,repeat_purchase
102955,A,product_view
102957,B,click
102957,B,product_view
102958,A,product_view
102961,B,click
102961,B,product_view
102963,A,product_view
102964,A,product_view
102965,A,product_view
102965,A,add_to_cart
102966,A,product_view
102967,A,product_view
102968,B,product_view
102968,B,add_to_cart
102968,B,checkout
102968,B,purchase
102969,B,product_view
102970,B,click
102970,B,product_view
102971,A,product_view
102972,B,product_view
102973,A,product_view
102974,B,product_view
102977,B,product_view
102977,B,add_to_cart
102978,B,product_view
102979,A,product_view
102980,A,click
102981,B,product_view
102982,A,click
102982,A,product_view
102983,A,click
102983,A,product_view
102984,A,product_view
102985,B,product_view
102986,A,product_view
102987,B,product_view
102988,B,product_view
102988,B,add_to_cart
102988,B,checkout
102989,B,click
102989,B,product_view
102990,A,product_view
102990,A,add_to_cart
102992,A,product_view
102994,B,product_view
102995,A,click
102997,B,click
102999,B,click
102999,B,product_view
102999,B,add_to_cart
103000,A,product_view
103000,A,add_to_cart
103001,B,product_view
103002,A,product_view
103004,B,click
103004,B,product_view
103004,B,add_to_cart
103004,B,checkout
103004,B,purchase
103004,B,repeat_purchase
103005,B,click
103005,B,product_view
103007,B,product_view
103008,A,product_view
103008,A,add_to_cart
103009,B,product_view
103010,B,product_view
103012,B,product_view
103012,B,add_to_cart
103012,B,checkout
103012,B,purchase
103013,B,product_view
103014,B,product_view
103015,B,product_view
103016,A,product_view
103018,A,product_view
103018,A,add_to_cart
103018,A,checkout
103019,A,product_view
103020,A,product_view
103021,A,product_view
103022,A,product_view
103023,B,product_view
103024,B,product_view
103026,B,click
103026,B,product_view
103027,A,product_view
103028,A,product_view
103029,B,product_view
103030,A,product_view
103031,A,product_view
103031,A,add_to_cart
103031,A,checkout
103031,A,purchase
103032,B,product_view
103032,B,add_to_cart
103032,B,checkout
103032,B,purchase
103033,B,product_view
103034,A,product_view
103034,A,add_to_cart
103035,B,click
103035,B,product_view
103035,B,add_to_cart
103035,B,checkout
103036,B,product_view
103036,B,add_to_cart
103036,B,checkout
103036,B,purchase
103037,B,product_view
103037,B,add_to_cart
103038,B,product_view
103039,A,product_view
103041,B,product_view
103042,A,click
103042,A,product_view
103042,A,add_to_cart
103042,A,checkout
103043,B,product_view
103044,B,product_view
103045,B,click
103045,B,product_view
103046,A,product_view
103047,B,product_view
103048,A,product_view
103049,B,click
103049,B,product_view
103049,B,add_to_cart
103049,B,checkout
103049,B,purchase
103050,A,product_view
103050,A,add_to_cart
103050,A,checkout
103050,A,purchase
103051,A,product_view
103052,B,product_view
103052,B,add_to_cart
103052,B,checkout
103053,A,product_view
103054,A,product_view
103054,A,add_to_cart
103054,A,checkout
103054,A,purchase
103055,B,product_view
103056,B,product_view
103057,B,product_view
103058,A,click
103058,A,product_view
103059,A,product_view
103059,A,add_to_cart
103059,A,checkout
103059,A,purchase
103060,B,click
103060,B,product_view
103061,B,product_view
103062,A,product_view
103062,A,add_to_cart
103062,A,checkout
103063,A,product_view
103064,B,product_view
103065,A,product_view
103066,B,product_view
103067,A,product_view
103068,B,product_view
103069,A,product_view
103069,A,add_to_cart
103069,A,checkout
103069,A,purchase
103072,B,product_view
103075,A,product_view
103076,B,product_view
103076,B,add_to_cart
103076,B,checkout
103076,B,purchase
103077,A,product_view
103078,B,product_view
103079,A,product_view
103080,B,product_view
103081,B,click
103081,B,product_view
103082,B,product_view
103083,B,click
103083,B,product_view
103084,B,product_view
103084,B,add_to_cart
103084,B,checkout
103084,B,purchase
103085,B,product_view
103086,A,product_view
103087,B,click
103087,B,product_view
103088,B,click
103088,B,product_view
103089,A,product_view
103090,B,product_view
103090,B,add_to_cart
103090,B,checkout
103090,B,purchase
103091,B,product_view
103091,B,add_to_cart
103092,B,product_view
103093,A,product_view
103094,A,product_view
103094,A,add_to_cart
103095,A,product_view
103096,B,click
103097,B,product_view
103099,B,product_view
103100,B,product_view
103100,B,add_to_cart
103100,B,checkout
103100,B,purchase
103102,A,click
103103,A,product_view
103104,B,product_view
103105,B,product_view
103105,B,add_to_cart
103105,B,checkout
103105,B,purchase
103106,B,product_view
103107,A,product_view
103108,A,product_view
103108,A,add_to_cart
103108,A,checkout
103108,A,purchase
103109,B,product_view
103110,A,click
103110,A,product_view
103111,B,product_view
103111,B,add_to_cart
103111,B,checkout
103111,B,purchase
103112,B,product_view
103113,A,product_view
103115,B,click
103115,B,product_view
103115,B,add_to_cart
103115,B,checkout
103115,B,purchase
103116,B,product_view
103117,A,product_view
103118,B,product_view
103119,A,product_view
103120,A,product_view
103124,B,click
103125,B,product_view
103126,B,product_view
103127,A,product_view
103128,A,click
103129,A,product_view
103130,B,product_view
103131,B,product_view
103132,B,product_view
103133,A,product_view
103134,A,product_view
103135,A,product_view
103136,B,product_view
103137,B,product_view
103138,A,product_view
103139,B,product_view
103140,B,product_view
103141,A,product_view
103143,A,click
103143,A,product_view
103143,A,add_to_cart
103143,A,checkout
103143,A,purchase
103145,B,product_view
103146,A,product_view
103148,B,product_view
103150,B,product_view
103150,B,add_to_cart
103150,B,checkout
103150,B,purchase
103151,A,product_view
103152,A,product_view
103152,A,add_to_cart
103153,B,product_view
103154,B,product_view
103155,A,product_view
103156,A,click
103156,A,product_view
103157,A,product_view
103158,B,product_view
103159,B,product_view
103161,B,product_view
103161,B,add_to_cart
103161,B,checkout
103161,B,purchase
103162,A,product_view
103163,A,product_view
103164,B,click
103164,B,product_view
103165,B,product_view
103166,B,product_view
103167,A,product_view
103169,A,product_view
103170,B,product_view
103174,A,click
103174,A,product_view
103177,B,product_view
103178,A,product_view
103180,A,product_view
103181,A,product_view
103181,A,add_to_cart
103182,A,product_view
103183,B,product_view
103184,A,product_view
103185,B,product_view
103186,A,product_view
103187,B,product_view
103188,A,click
103188,A,product_view
103189,A,product_view
103192,B,product_view
103193,A,product_view
103194,A,product_view
103196,B,product_view
103197,A,click
103199,A,product_view
103200,B,product_view
103201,B,product_view
103202,A,product_view
103203,B,product_view
103203,B,add_to_cart
103204,A,product_view
103205,A,product_view
103206,B,product_view
103206,B,add_to_cart
103206,B,checkout
103206,B,purchase
103207,B,product_view
103208,A,product_view
103209,A,product_view
103209,A,add_to_cart
103209,A,checkout
103209,A,purchase
103210,B,click
103210,B,product_view
103212,A,product_view
103212,A,add_to_cart
103213,B,product_view
103216,B,product_view
103217,A,click
103217,A,product_view
103218,B,product_view
103219,A,product_view
103220,A,product_view
103221,A,product_view
103222,B,product_view
103223,A,product_view
103224,A,product_view
103225,B,product_view
103226,A,product_view
103227,B,product_view
103228,B,product_view
103229,A,product_view
103230,A,product_view
103231,B,product_view
103232,B,product_view
103234,A,product_view
103235,A,product_view
103236,A,product_view
103236,A,add_to_cart
103236,A,checkout
103236,A,purchase
103237,A,product_view
103238,A,product_view
103238,A,add_to_cart
103238,A,checkout
103238,A,purchase
103239,B,product_view
103239,B,add_to_cart
103239,B,checkout
103239,B,purchase
103241,A,product_view
103242,A,product_view
103243,A,product_view
103244,B,product_view
103245,A,product_view
103246,B,product_view
103247,B,click
103247,B,product_view
103248,B,product_view
103250,B,product_view
103252,B,product_view
103254,A,product_view
103255,B,click
103255,B,product_view
103257,A,click
103257,A,product_view
103258,B,product_view
103260,A,product_view
103261,B,product_view
103262,B,product_view
103263,B,product_view
103263,B,add_to_cart
103263,B,checkout
103263,B,purchase
103265,B,product_view
103266,B,product_view
103267,A,product_view
103267,A,add_to_cart
103269,A,product_view
103270,A,click
103270,A,product_view
103271,A,click
103272,A,product_view
103274,A,product_view
103275,A,product_view
103276,B,product_view
103278,B,click
103279,B,product_view
103280,B,product_view
103281,B,product_view
103282,A,product_view
103283,B,product_view
103284,A,product_view
103285,A,product_view
103286,A,product_view
103288,B,product_view
103289,A,product_view
103290,B,product_view
103291,B,product_view
103292,A,product_view
103293,B,product_view
103294,A,product_view
103295,B,click
103295,B,product_view
103297,B,product_view
103297,B,add_to_cart
103297,B,checkout
103298,B,product_view
103299,B,product_view
103300,A,product_view
103301,B,product_view
103304,B,product_view
103304,B,add_to_cart
103304,B,checkout
103304,B,purchase
103305,B,product_view
103306,B,product_view
103306,B,add_to_cart
103307,A,product_view
103308,A,product_view
103308,A,add_to_cart
103309,A,product_view
103310,B,product_view
103311,A,product_view
103312,B,product_view
103313,B,product_view
103314,A,product_view
103314,A,add_to_cart
103314,A,checkout
103316,B,click
103316,B,product_view
103317,A,product_view
103317,A,add_to_cart
103317,A,checkout
103317,A,purchase
103319,A,product_view
103320,B,product_view
103321,A,product_view
103321,A,add_to_cart
103321,A,checkout
103322,A,product_view
103323,A,product_view
103324,B,product_view
103325,B,product_view
103326,A,product_view
103327,A,product_view
103329,B,product_view
103329,B,add_to_cart
103330,A,product_view
103331,B,product_view
103332,B,product_view
103333,B,product_view
103334,A,product_view
103335,A,product_view
103335,A,add_to_cart
103335,A,checkout
103335,A,purchase
103337,B,product_view
103339,A,click
103339,A,product_view
103340,A,product_view
103341,B,click
103343,B,product_view
103344,B,product_view
103344,B,add_to_cart
103344,B,checkout
103344,B,purchase
103346,B,product_view
103347,A,product_view
103348,A,product_view
103349,A,product_view
103349,A,add_to_cart
103349,A,checkout
103350,A,product_view
103350,A,add_to_cart
103350,A,checkout
103350,A,purchase
103351,A,product_view
103352,A,click
103352,A,product_view
103353,A,product_view
103354,B,click
103354,B,product_view
103355,A,product_view
103356,B,product_view
103357,B,product_view
103358,B,click
103358,B,product_view
103360,B,product_view
103361,B,product_view
103362,B,product_view
103363,A,product_view
103364,B,product_view
103365,B,product_view
103366,B,product_view
103367,B,product_view
103368,B,product_view
103369,A,click
103369,A,product_view
103370,A,product_view
103370,A,add_to_cart
103371,A,product_view
103372,A,product_view
103372,A,add_to_cart
103373,B,product_view
103374,B,product_view
103374,B,add_to_cart
103375,B,product_view
103375,B,add_to_cart
103375,B,checkout
103375,B,purchase
103375,B,repeat_purchase
103376,B,product_view
103377,B,product_view
103377,B,add_to_cart
103377,B,checkout
103377,B,purchase
103377,B,repeat_purchase
103378,B,product_view
103379,B,product_view
103380,B,click
103380,B,product_view
103381,B,product_view
103381,B,add_to_cart
103381,B,checkout
103381,B,purchase
103382,A,product_view
103382,A,add_to_cart
103383,B,product_view
103387,B,product_view
103388,B,product_view
103388,B,add_to_cart
103389,B,product_view
103391,B,click
103391,B,product_view
103392,B,product_view
103392,B,add_to_cart
103392,B,checkout
103393,B,product_view
103396,B,product_view
103397,B,product_view
103397,B,add_to_cart
103397,B,checkout
103398,A,product_view
103400,B,product_view
103401,A,product_view
103402,B,product_view
103404,A,product_view
103405,B,product_view
103406,B,product_view
103407,A,product_view
103408,A,product_view
103409,B,product_view
103410,A,product_view
103411,A,product_view
103414,A,product_view
103415,B,product_view
103416,A,product_view
103416,A,add_to_cart
103416,A,checkout
103416,A,purchase
103416,A,repeat_purchase
103418,B,product_view
103419,B,product_view
103421,A,product_view
103422,B,product_view
103423,B,product_view
103423,B,add_to_cart
103424,B,product_view
103425,A,product_view
103426,A,product_view
103426,A,add_to_cart
103426,A,checkout
103426,A,purchase
103427,B,product_view
103429,B,product_view
103429,B,add_to_cart
103429,B,checkout
103429,B,purchase
103430,A,product_view
103431,A,product_view
103433,A,product_view
103434,A,product_view
103434,A,add_to_cart
103434,A,checkout
103434,A,purchase
103436,A,product_view
103436,A,add_to_cart
103437,A,product_view
103437,A,add_to_cart
103437,A,checkout
103437,A,purchase
103439,A,product_view
103440,A,product_view
103441,B,product_view
103444,B,product_view
103445,B,product_view
103445,B,add_to_cart
103445,B,checkout
103446,A,product_view
103446,A,add_to_cart
103447,B,product_view
103448,B,click
103448,B,product_view
103449,A,product_view
103450,B,product_view
103450,B,add_to_cart
103450,B,checkout
103450,B,purchase
103451,A,click
103451,A,product_view
103452,B,product_view
103453,B,product_view
103454,A,product_view
103455,A,product_view
103456,A,click
103456,A,product_view
103457,A,click
103457,A,product_view
103458,A,product_view
103459,A,product_view
103459,A,add_to_cart
103459,A,checkout
103459,A,purchase
103460,A,product_view
103460,A,add_to_cart
103462,B,click
103462,B,product_view
103463,B,product_view
103465,A,product_view
103465,A,add_to_cart
103466,A,product_view
103467,A,product_view
103468,A,product_view
103469,B,product_view
103470,A,product_view
103471,B,product_view
103472,B,product_view
103473,B,product_view
103475,A,product_view
103476,B,product_view
103476,B,add_to_cart
103476,B,checkout
103476,B,purchase
103477,A,product_view
103478,B,product_view
103480,B,product_view
103481,A,product_view
103481,A,add_to_cart
103481,A,checkout
103482,A,product_view
103483,B,product_view
103484,A,product_view
103485,B,product_view
103486,A,product_view
103487,A,product_view
103488,B,product_view
103490,B,product_view
103491,A,product_view
103491,A,add_to_cart
103493,B,product_view
103494,B,product_view
103497,A,product_view
103498,B,product_view
103500,A,product_view
103501,B,product_view
103502,B,product_view
103502,B,add_to_cart
103503,A,product_view
103506,B,product_view
103507,B,product_view
103508,B,product_view
103509,A,click
103509,A,product_view
103510,B,product_view
103511,B,click
103511,B,product_view
103512,A,product_view
103513,B,product_view
103514,B,product_view
103515,A,product_view
103517,B,product_view
103518,A,product_view
103519,A,product_view
103520,B,product_view
103520,B,add_to_cart
103520,B,checkout
103520,B,purchase
103521,B,product_view
103522,B,product_view
103523,A,product_view
103524,B,product_view
103525,A,product_view
103526,B,product_view
103527,B,product_view
103528,B,product_view
103529,B,product_view
103530,A,product_view
103532,A,product_view
103533,B,product_view
103533,B,add_to_cart
103534,A,product_view
103535,A,product_view
103536,A,product_view
103538,B,product_view
103539,A,product_view
103540,B,click
103540,B,product_view
103541,A,product_view
103544,B,click
103544,B,product_view
103544,B,add_to_cart
103544,B,checkout
103544,B,purchase
103545,A,product_view
103546,B,product_view
103547,B,product_view
103548,A,product_view
103550,A,product_view
103550,A,add_to_cart
103551,A,product_view
103552,B,product_view
103552,B,add_to_cart
103552,B,checkout
103552,B,purchase
103553,B,click
103553,B,product_view
103554,A,product_view
103555,B,product_view
103556,A,product_view
103558,A,product_view
103559,A,product_view
103559,A,add_to_cart
103559,A,checkout
103559,A,purchase
103560,A,product_view
103561,B,product_view
103562,A,product_view
103562,A,add_to_cart
103562,A,checkout
103563,A,click
103564,B,product_view
103564,B,add_to_cart
103564,B,checkout
103564,B,purchase
103565,A,product_view
103565,A,add_to_cart
103565,A,checkout
103566,B,product_view
103567,B,product_view
103569,A,product_view
103570,A,product_view
103572,B,product_view
103573,B,product_view
103574,B,product_view
103575,A,product_view
103576,B,click
103576,B,product_view
103578,A,product_view
103578,A,add_to_cart
103578,A,checkout
103579,A,product_view
103581,A,click
103581,A,product_view
103582,B,product_view
103583,B,product_view
103584,B,product_view
103584,B,add_to_cart
103585,A,product_view
103586,B,product_view
103587,A,product_view
103587,A,add_to_cart
103587,A,checkout
103588,B,product_view
103589,B,product_view
103590,B,product_view
103591,A,product_view
103591,A,add_to_cart
103592,B,product_view
103593,B,product_view
103594,A,product_view
103595,B,product_view
103596,B,product_view
103597,B,product_view
103597,B,add_to_cart
103597,B,checkout
103597,B,purchase
103598,B,product_view
103599,B,product_view
103600,A,product_view
103601,B,product_view
103603,A,click
103603,A,product_view
103604,A,click
103606,B,product_view
103607,B,product_view
103608,B,product_view
103610,B,product_view
103612,A,product_view
103613,B,product_view
103614,B,click
103614,B,product_view
103615,B,product_view
103616,A,click
103616,A,product_view
103616,A,add_to_cart
103616,A,checkout
103616,A,purchase
103617,B,click
103618,B,product_view
103621,B,product_view
103622,B,product_view
103623,B,product_view
103624,A,product_view
103624,A,add_to_cart
103628,A,product_view
103629,A,product_view
103630,A,click
103630,A,product_view
103632,B,product_view
103633,A,product_view
103634,B,product_view
103634,B,add_to_cart
103634,B,checkout
103634,B,purchase
103635,A,product_view
103636,B,product_view
103636,B,add_to_cart
103636,B,checkout
103636,B,purchase
103636,B,repeat_purchase
103637,A,product_view
103637,A,add_to_cart
103639,B,product_view
103639,B,add_to_cart
103639,B,checkout
103639,B,purchase
103640,B,product_view
103641,B,product_view
103642,B,product_view
103642,B,add_to_cart
103642,B,checkout
103643,B,product_view
103644,B,product_view
103645,A,product_view
103646,A,product_view
103647,B,product_view
103648,B,product_view
103649,A,product_view
103649,A,add_to_cart
103650,A,product_view
103650,A,add_to_cart
103650,A,checkout
103650,A,purchase
103651,A,product_view
103652,B,product_view
103652,B,add_to_cart
103652,B,checkout
103653,B,product_view
103653,B,add_to_cart
103654,B,product_view
103655,A,product_view
103656,A,product_view
103657,A,click
103657,A,product_view
103658,B,product_view
103658,B,add_to_cart
103658,B,checkout
103658,B,purchase
103659,A,product_view
103660,A,product_view
103661,B,product_view
103663,B,click
103663,B,product_view
103663,B,add_to_cart
103663,B,checkout
103663,B,purchase
103663,B,repeat_purchase
103664,B,product_view
103666,A,product_view
103666,A,add_to_cart
103666,A,checkout
103666,A,purchase
103666,A,repeat_purchase
103667,A,product_view
103668,B,product_view
103668,B,add_to_cart
103668,B,checkout
103668,B,purchase
103669,A,product_view
103670,A,product_view
103671,B,click
103671,B,product_view
103675,B,product_view
103678,B,product_view
103679,A,product_view
103680,A,product_view
103681,A,product_view
103682,B,product_view
103683,B,product_view
103684,B,product_view
103685,B,product_view
103686,B,product_view
103687,A,product_view
103687,A,add_to_cart
103687,A,checkout
103687,A,purchase
103690,B,product_view
103691,B,product_view
103693,A,click
103693,A,product_view
103694,A,click
103695,A,product_view
103695,A,add_to_cart
103696,A,product_view
103697,A,product_view
103698,B,click
103698,B,product_view
103698,B,add_to_cart
103698,B,checkout
103698,B,purchase
103699,B,product_view
103700,A,product_view
103700,A,add_to_cart
103700,A,checkout
103700,A,purchase
103701,A,click
103702,B,product_view
103703,B,product_view
103703,B,add_to_cart
103703,B,checkout
103703,B,purchase
103704,B,product_view
103705,B,product_view
103706,A,click
103706,A,product_view
103707,B,product_view
103708,B,product_view
103710,B,product_view
103711,B,product_view
103713,A,product_view
103714,A,product_view
103714,A,add_to_cart
103714,A,checkout
103714,A,purchase
103715,B,product_view
103717,B,product_view
103718,B,product_view
103720,B,product_view
103722,A,product_view
103722,A,add_to_cart
103722,A,checkout
103722,A,purchase
103723,B,product_view
103724,B,product_view
103724,B,add_to_cart
103724,B,checkout
103724,B,purchase
103724,B,repeat_purchase
103726,B,product_view
103727,B,click
103727,B,product_view
103727,B,add_to_cart
103727,B,checkout
103728,A,product_view
103729,B,product_view
103730,B,click
103730,B,product_view
103731,A,product_view
103731,A,add_to_cart
103731,A,checkout
103731,A,purchase
103732,A,product_view
103733,A,product_view
103734,B,product_view
103735,A,product_view
103736,B,product_view
103737,A,product_view
103738,A,product_view
103740,A,product_view
103742,B,product_view
103743,A,product_view
103745,A,product_view
103746,A,product_view
103747,A,product_view
103748,A,product_view
103750,B,product_view
103750,B,add_to_cart
103751,B,product_view
103752,A,product_view
103752,A,add_to_cart
103752,A,checkout
103752,A,purchase
103753,B,product_view
103754,B,click
103755,A,product_view
103757,A,product_view
103758,B,product_view
103758,B,add_to_cart
103759,A,click
103759,A,product_view
103760,A,product_view
103761,A,product_view
103762,A,product_view
103763,A,product_view
103765,A,product_view
103766,A,click
103766,A,product_view
103767,A,product_view
103768,A,product_view
103768,A,add_to_cart
103768,A,checkout
103770,B,product_view
103771,B,click
103771,B,product_view
103772,A,product_view
103773,B,product_view
103774,A,product_view
103775,A,product_view
103776,A,product_view
103777,A,product_view
103778,B,product_view
103779,B,product_view
103780,B,product_view
103781,B,product_view
103781,B,add_to_cart
103782,B,product_view
103784,A,product_view
103785,A,product_view
103786,B,click
103786,B,product_view
103787,A,product_view
103788,B,product_view
103789,B,product_view
103790,A,product_view
103791,A,product_view
103792,A,product_view
103793,B,click
103793,B,product_view
103794,B,product_view
103795,A,product_view
103797,A,product_view
103798,A,product_view
103800,A,product_view
103801,B,product_view
103802,A,product_view
103803,B,product_view
103804,A,product_view
103805,A,product_view
103806,A,product_view
103808,B,product_view
103809,B,product_view
103810,A,product_view
103811,B,click
103811,B,product_view
103811,B,add_to_cart
103811,B,checkout
103811,B,purchase
103812,A,click
103812,A,product_view
103812,A,add_to_cart
103813,A,product_view
103814,B,product_view
103814,B,add_to_cart
103815,A,click
103816,A,click
103816,A,product_view
103817,A,product_view
103817,A,add_to_cart
103817,A,checkout
103817,A,purchase
103818,A,product_view
103818,A,add_to_cart
103819,A,product_view
103820,A,product_view
103821,B,product_view
103822,A,product_view
103823,A,click
103823,A,product_view
103825,B,product_view
103826,B,product_view
103826,B,add_to_cart
103826,B,checkout
103826,B,purchase
103826,B,repeat_purchase
103827,A,product_view
103828,B,click
103828,B,product_view
103830,B,product_view
103831,A,product_view
103833,B,click
103833,B,product_view
103834,B,product_view
103835,B,click
103835,B,product_view
103836,A,product_view
103836,A,add_to_cart
103836,A,checkout
103837,A,product_view
103839,B,product_view
103840,A,click
103840,A,product_view
103841,A,product_view
103842,A,product_view
103842,A,add_to_cart
103842,A,checkout
103843,B,product_view
103844,B,product_view
103845,A,product_view
103846,B,product_view
103847,A,product_view
103848,A,product_view
103848,A,add_to_cart
103848,A,checkout
103849,A,product_view
103849,A,add_to_cart
103849,A,checkout
103849,A,purchase
103850,B,product_view
103851,B,product_view
103854,A,product_view
103855,B,product_view
103856,B,product_view
103858,A,product_view
103859,A,product_view
103860,B,product_view
103861,A,product_view
103864,B,product_view
103865,B,product_view
103865,B,add_to_cart
103866,A,product_view
103867,B,product_view
103869,B,product_view
103871,A,product_view
103871,A,add_to_cart
103871,A,checkout
103872,A,product_view
103873,B,click
103873,B,product_view
103873,B,add_to_cart
103873,B,checkout
103873,B,purchase
103874,B,product_view
103875,A,product_view
103876,B,product_view
103877,B,product_view
103878,A,product_view
103879,A,product_view
103881,B,click
103881,B,product_view
103882,A,product_view
103883,A,product_view
103884,B,product_view
103886,A,product_view
103886,A,add_to_cart
103886,A,checkout
103886,A,purchase
103887,B,product_view
103888,B,product_view
103889,A,product_view
103890,B,product_view
103890,B,add_to_cart
103891,A,product_view
103892,B,product_view
103894,A,product_view
103895,B,product_view
103896,B,product_view
103896,B,add_to_cart
103896,B,checkout
103896,B,purchase
103897,A,product_view
103898,B,click
103898,B,product_view
103899,A,product_view
103900,A,product_view
103901,B,click
103901,B,product_view
103902,B,product_view
103903,B,product_view
103904,A,product_view
103905,A,product_view
103907,B,product_view
103907,B,add_to_cart
103907,B,checkout
103907,B,purchase
103908,B,product_view
103909,A,product_view
103910,A,product_view
103911,A,product_view
103912,A,product_view
103913,A,product_view
103913,A,add_to_cart
103913,A,checkout
103914,B,product_view
103915,A,product_view
103916,A,product_view
103917,A,product_view
103918,A,product_view
103920,B,product_view
103920,B,add_to_cart
103920,B,checkout
103920,B,purchase
103922,A,product_view
103923,B,product_view
103924,A,product_view
103924,A,add_to_cart
103925,A,product_view
103926,A,product_view
103926,A,add_to_cart
103926,A,checkout
103926,A,purchase
103927,A,product_view
103928,B,product_view
103929,B,product_view
103930,A,click
103931,A,product_view
103933,A,product_view
103934,B,product_view
103935,A,product_view
103936,B,product_view
103936,B,add_to_cart
103936,B,checkout
103936,B,purchase
103937,A,product_view
103937,A,add_to_cart
103937,A,checkout
103938,B,product_view
103939,B,click
103939,B,product_view
103939,B,add_to_cart
103940,B,product_view
103942,B,click
103942,B,product_view
103943,A,product_view
103944,B,product_view
103945,A,product_view
103946,A,click
103946,A,product_view
103947,B,product_view
103948,B,product_view
103949,B,product_view
103950,A,product_view
103951,A,product_view
103952,A,product_view
103954,A,product_view
103954,A,add_to_cart
103955,B,product_view
103957,A,product_view
103958,B,product_view
103959,B,product_view
103959,B,add_to_cart
103960,A,click
103960,A,product_view
103961,A,product_view
103962,B,product_view
103963,A,product_view
103964,B,product_view
103965,B,product_view
103967,A,product_view
103968,B,product_view
103969,B,product_view
103970,B,product_view
103970,B,add_to_cart
103971,A,product_view
103972,B,product_view
103973,B,product_view
103974,A,product_view
103975,A,product_view
103976,A,product_view
103977,A,product_view
103978,A,product_view
103979,B,product_view
103980,B,product_view
103981,A,click
103981,A,product_view
103982,A,product_view
103982,A,add_to_cart
103983,B,product_view
103985,B,product_view
103986,B,product_view
103988,B,product_view
103989,A,click
103989,A,product_view
103990,B,product_view
103992,A,product_view
103993,B,product_view
103993,B,add_to_cart
103993,B,checkout
103993,B,purchase
103994,A,click
103997,A,click
103997,A,product_view
103999,B,product_view
104000,B,product_view
104001,A,click
104002,B,product_view
104002,B,add_to_cart
104002,B,checkout
104002,B,purchase
104003,A,product_view
104004,A,product_view
104006,B,product_view
104008,A,product_view
104009,A,click
104009,A,product_view
104010,A,click
104010,A,product_view
104010,A,add_to_cart
104010,A,checkout
104010,A,purchase
104012,B,product_view
104012,B,add_to_cart
104012,B,checkout
104012,B,purchase
104013,B,product_view
104014,B,product_view
104017,B,product_view
104018,A,product_view
104019,B,product_view
104020,B,click
104020,B,product_view
104022,B,product_view
104023,B,product_view
104023,B,add_to_cart
104023,B,checkout
104023,B,purchase
104024,A,product_view
104025,A,product_view
104026,A,product_view
104026,A,add_to_cart
104026,A,checkout
104026,A,purchase
104027,A,click
104027,A,product_view
104028,A,click
104028,A,product_view
104029,A,click
104029,A,product_view
104030,B,product_view
104030,B,add_to_cart
104030,B,checkout
104030,B,purchase
104031,A,product_view
104032,B,product_view
104032,B,add_to_cart
104032,B,checkout
104032,B,purchase
104033,B,product_view
104033,B,add_to_cart
104034,B,product_view
104034,B,add_to_cart
104034,B,checkout
104034,B,purchase
104034,B,repeat_purchase
104035,A,product_view
104036,A,product_view
104036,A,add_to_cart
104036,A,checkout
104036,A,purchase
104037,A,product_view
104037,A,add_to_cart
104038,A,product_view
104039,B,product_view
104040,B,product_view
104041,A,product_view
104042,A,click
104042,A,product_view
104043,A,click
104043,A,product_view
104044,B,product_view
104045,B,product_view
104046,A,product_view
104047,A,product_view
104048,A,product_view
104048,A,add_to_cart
104049,B,product_view
104050,A,product_view
104051,B,product_view
104052,B,click
104052,B,product_view
104053,A,product_view
104054,B,click
104054,B,product_view
104055,B,product_view
104056,A,product_view
104058,B,product_view
104059,A,product_view
104060,B,click
104060,B,product_view
104060,B,add_to_cart
104062,B,product_view
104063,A,product_view
104064,B,product_view
104065,B,product_view
104065,B,add_to_cart
104066,A,click
104066,A,product_view
104070,A,product_view
104070,A,add_to_cart
104071,A,product_view
104072,A,product_view
104073,B,product_view
104074,B,product_view
104075,A,product_view
104076,B,product_view
104076,B,add_to_cart
104076,B,checkout
104076,B,purchase
104079,A,product_view
104080,A,product_view
104081,B,product_view
104082,B,product_view
104083,B,product_view
104084,A,product_view
104084,A,add_to_cart
104084,A,checkout
104085,A,product_view
104088,A,click
104088,A,product_view
104089,A,product_view
104089,A,add_to_cart
104090,B,product_view
104091,B,product_view
104092,A,product_view
104092,A,add_to_cart
104092,A,checkout
104092,A,purchase
104093,A,click
104093,A,product_view
104094,B,product_view
104095,B,product_view
104095,B,add_to_cart
104096,A,product_view
104098,B,product_view
104099,B,product_view
104100,B,click
104101,B,product_view
104102,A,product_view
104104,B,product_view
104105,A,product_view
104106,A,product_view
104107,B,product_view
104109,A,click
104109,A,product_view
104110,A,product_view
104110,A,add_to_cart
104110,A,checkout
104110,A,purchase
104111,A,product_view
104113,A,product_view
104113,A,add_to_cart
104114,A,product_view
104116,A,product_view
104117,A,product_view
104118,B,product_view
104120,A,product_view
104121,A,product_view
104123,B,product_view
104124,B,product_view
104125,B,product_view
104127,A,product_view
104128,A,product_view
104128,A,add_to_cart
104128,A,checkout
104128,A,purchase
104128,A,repeat_purchase
104129,A,click
104129,A,product_view
104130,B,product_view
104132,B,product_view
104133,A,product_view
104134,A,product_view
104135,B,product_view
104136,A,product_view
104137,B,product_view
104137,B,add_to_cart
104137,B,checkout
104137,B,purchase
104137,B,repeat_purchase
104138,A,product_view
104139,A,click
104139,A,product_view
104140,A,product_view
104141,A,product_view
104142,B,product_view
104143,B,product_view
104147,B,product_view
104148,A,product_view
104150,B,product_view
104150,B,add_to_cart
104151,B,product_view
104151,B,add_to_cart
104153,A,product_view
104154,A,product_view
104155,B,click
104155,B,product_view
104156,A,product_view
104157,A,product_view
104157,A,add_to_cart
104157,A,checkout
104157,A,purchase
104157,A,repeat_purchase
104158,B,product_view
104160,A,product_view
104161,A,product_view
104162,B,product_view
104162,B,add_to_cart
104162,B,checkout
104162,B,purchase
104165,A,product_view
104165,A,add_to_cart
104165,A,checkout
104165,A,purchase
104166,A,click
104167,A,product_view
104168,A,product_view
104169,A,product_view
104170,A,product_view
104170,A,add_to_cart
104170,A,checkout
104170,A,purchase
104171,B,product_view
104172,B,product_view
104173,B,product_view
104175,A,product_view
104177,A,product_view
104178,B,click
104179,A,product_view
104180,A,product_view
104180,A,add_to_cart
104181,A,product_view
104181,A,add_to_cart
104181,A,checkout
104182,A,click
104183,A,product_view
104184,A,product_view
104184,A,add_to_cart
104186,B,product_view
104187,A,product_view
104187,A,add_to_cart
104187,A,checkout
104187,A,purchase
104187,A,repeat_purchase
104188,A,product_view
104189,A,product_view
104189,A,add_to_cart
104189,A,checkout
104190,A,product_view
104190,A,add_to_cart
104191,A,click
104191,A,product_view
104192,A,product_view
104193,B,product_view
104193,B,add_to_cart
104194,B,product_view
104196,A,product_view
104197,A,product_view
104198,B,product_view
104199,A,product_view
104200,A,product_view
104201,A,product_view
104202,A,product_view
104203,B,product_view
104205,B,product_view
104206,B,click
104206,B,product_view
104206,B,add_to_cart
104206,B,checkout
104206,B,purchase
104207,A,product_view
104207,A,add_to_cart
104207,A,checkout
104207,A,purchase
104208,B,product_view
104209,B,product_view
104211,A,product_view
104212,A,product_view
104213,B,product_view
104214,B,product_view
104216,A,product_view
104217,B,click
104217,B,product_view
104217,B,add_to_cart
104217,B,checkout
104217,B,purchase
104217,B,repeat_purchase
104218,A,product_view
104221,B,product_view
104221,B,add_to_cart
104221,B,checkout
104221,B,purchase
104222,B,product_view
104223,B,product_view
104224,B,product_view
104225,B,product_view
104226,B,product_view
104227,B,product_view
104227,B,add_to_cart
104228,B,product_view
104229,B,product_view
104230,B,product_view
104231,A,click
104231,A,product_view
104232,A,click
104232,A,product_view
104235,B,product_view
104236,B,product_view
104237,B,product_view
104238,B,product_view
104238,B,add_to_cart
104238,B,checkout
104238,B,purchase
104239,B,product_view
104241,B,click
104241,B,product_view
104242,B,product_view
104243,A,product_view
104244,A,product_view
104245,A,click
104245,A,product_view
104246,B,product_view
104248,B,product_view
104249,A,product_view
104249,A,add_to_cart
104250,B,product_view
104250,B,add_to_cart
104251,B,click
104251,B,product_view
104252,A,product_view
104253,B,product_view
104254,A,product_view
104254,A,add_to_cart
104255,A,click
104256,A,product_view
104256,A,add_to_cart
104256,A,checkout
104256,A,purchase
104258,B,product_view
104260,A,product_view
104261,B,product_view
104262,A,product_view
104263,B,product_view
104264,B,product_view
104265,B,product_view
104266,A,product_view
104267,B,product_view
104267,B,add_to_cart
104268,A,product_view
104269,A,product_view
104270,B,product_view
104271,A,product_view
104272,A,product_view
104272,A,add_to_cart
104272,A,checkout
104272,A,purchase
104274,B,product_view
104274,B,add_to_cart
104275,A,click
104275,A,product_view
104275,A,add_to_cart
104275,A,checkout
104276,A,click
104276,A,product_view
104277,B,product_view
104278,B,product_view
104278,B,add_to_cart
104279,B,product_view
104280,B,product_view
104282,A,product_view
104283,B,product_view
104284,B,product_view
104285,B,product_view
104286,A,product_view
104287,B,product_view
104288,B,product_view
104289,B,product_view
104290,B,product_view
104290,B,add_to_cart
104291,A,product_view
104292,B,click
104292,B,product_view
104292,B,add_to_cart
104293,A,product_view
104294,B,product_view
104295,A,product_view
104295,A,add_to_cart
104295,A,checkout
104295,A,purchase
104296,B,product_view
104298,A,product_view
104299,A,product_view
104302,A,product_view
104303,B,product_view
104304,A,click
104304,A,product_view
104306,A,product_view
104307,B,product_view
104307,B,add_to_cart
104308,A,product_view
104310,A,product_view
104311,B,product_view
104313,A,click
104313,A,product_view
104314,A,product_view
104314,A,add_to_cart
104315,B,product_view
104315,B,add_to_cart
104315,B,checkout
104315,B,purchase
104315,B,repeat_purchase
104316,A,product_view
104317,A,product_view
104318,A,product_view
104319,B,product_view
104319,B,add_to_cart
104319,B,checkout
104319,B,purchase
104319,B,repeat_purchase
104320,A,click
104320,A,product_view
104320,A,add_to_cart
104321,A,click
104321,A,product_view
104323,A,product_view
104323,A,add_to_cart
104325,A,product_view
104326,B,click
104326,B,product_view
104327,A,click
104328,A,click
104329,B,product_view
104330,B,product_view
104330,B,add_to_cart
104330,B,checkout
104330,B,purchase
104331,A,product_view
104332,A,product_view
104333,A,product_view
104333,A,add_to_cart
104333,A,checkout
104333,A,purchase
104334,B,click
104334,B,product_view
104335,A,product_view
104336,A,click
104337,A,product_view
104339,B,product_view
104341,A,product_view
104342,A,product_view
104342,A,add_to_cart
104343,B,product_view
104344,A,product_view
104345,B,product_view
104346,B,product_view
104347,A,product_view
104347,A,add_to_cart
104348,B,product_view
104351,B,product_view
104352,A,product_view
104352,A,add_to_cart
104353,A,product_view
104354,B,click
104354,B,product_view
104354,B,add_to_cart
104354,B,checkout
104355,B,product_view
104356,B,product_view
104357,A,product_view
104358,A,product_view
104359,B,click
104359,B,product_view
104360,B,product_view
104361,A,product_view
104362,A,click
104362,A,product_view
104363,A,product_view
104363,A,add_to_cart
104364,A,product_view
104365,A,product_view
104366,B,product_view
104368,B,product_view
104370,A,product_view
104371,B,product_view
104372,A,product_view
104373,B,product_view
104374,A,product_view
104375,B,product_view
104377,A,product_view
104379,A,product_view
104380,A,product_view
104381,B,product_view
104381,B,add_to_cart
104382,A,product_view
104383,A,product_view
104385,B,click
104386,A,product_view
104386,A,add_to_cart
104387,B,click
104387,B,product_view
104387,B,add_to_cart
104387,B,checkout
104387,B,purchase
104388,B,product_view
104389,A,product_view
104390,B,product_view
104391,A,product_view
104392,B,product_view
104393,B,product_view
104394,A,product_view
104395,A,product_view
104397,B,product_view
104398,A,product_view
104399,A,product_view
104401,A,product_view
104402,B,click
104402,B,product_view
104403,B,product_view
104404,B,product_view
104405,B,product_view
104406,A,product_view
104408,A,product_view
104409,A,product_view
104410,B,product_view
104411,A,product_view
104412,A,product_view
104412,A,add_to_cart
104412,A,checkout
104412,A,purchase
104413,A,product_view
104414,B,product_view
104417,B,product_view
104418,B,product_view
104418,B,add_to_cart
104418,B,checkout
104420,A,product_view
104421,A,product_view
104422,B,product_view
104424,B,product_view
104424,B,add_to_cart
104425,A,product_view
104426,B,click
104426,B,product_view
104427,A,product_view
104428,A,product_view
104429,B,product_view
104430,B,product_view
104432,A,product_view
104434,B,product_view
104435,A,product_view
104435,A,add_to_cart
104436,A,product_view
104437,A,product_view
104438,A,product_view
104438,A,add_to_cart
104438,A,checkout
104438,A,purchase
104439,B,product_view
104441,A,product_view
104443,A,product_view
104443,A,add_to_cart
104443,A,checkout
104444,B,product_view
104445,B,product_view
104446,B,click
104446,B,product_view
104447,B,product_view
104447,B,add_to_cart
104447,B,checkout
104447,B,purchase
104448,B,product_view
104449,A,product_view
104450,A,product_view
104450,A,add_to_cart
104451,A,product_view
104451,A,add_to_cart
104453,B,product_view
104453,B,add_to_cart
104453,B,checkout
104453,B,purchase
104454,A,product_view
104455,A,product_view
104456,A,product_view
104459,A,product_view
104460,B,product_view
104460,B,add_to_cart
104462,A,product_view
104463,B,product_view
104464,A,product_view
104465,B,product_view
104466,A,product_view
104466,A,add_to_cart
104466,A,checkout
104467,A,product_view
104469,B,product_view
104471,A,product_view
104471,A,add_to_cart
104472,B,product_view
104473,B,product_view
104474,B,product_view
104476,B,product_view
104476,B,add_to_cart
104476,B,checkout
104478,A,product_view
104479,B,product_view
104480,A,product_view
104480,A,add_to_cart
104480,A,checkout
104480,A,purchase
104481,A,product_view
104482,A,product_view
104483,B,product_view
104484,A,product_view
104485,B,product_view
104486,B,product_view
104487,B,product_view
104488,A,product_view
104489,A,product_view
104490,B,product_view
104490,B,add_to_cart
104491,B,product_view
104492,A,product_view
104493,A,product_view
104494,B,product_view
104495,B,product_view
104496,B,product_view
104497,B,product_view
104498,A,product_view
104498,A,add_to_cart
104498,A,checkout
104498,A,purchase
104499,B,product_view
104500,B,product_view
104501,B,product_view
104502,A,product_view
104504,B,product_view
104505,B,product_view
104505,B,add_to_cart
104505,B,checkout
104505,B,purchase
104508,A,product_view
104510,A,product_view
104511,A,product_view
104512,A,product_view
104513,A,product_view
104514,A,product_view
104515,A,product_view
104516,A,product_view
104516,A,add_to_cart
104516,A,checkout
104516,A,purchase
104517,B,click
104517,B,product_view
104517,B,add_to_cart
104517,B,checkout
104518,B,product_view
104518,B,add_to_cart
104518,B,checkout
104519,A,click
104519,A,product_view
104521,A,product_view
104521,A,add_to_cart
104521,A,checkout
104521,A,purchase
104522,A,click
104522,A,product_view
104522,A,add_to_cart
104522,A,checkout
104522,A,purchase
104523,A,product_view
104524,B,product_view
104525,B,product_view
104526,B,product_view
104527,A,click
104527,A,product_view
104528,A,product_view
104529,A,product_view
104531,A,product_view
104532,A,product_view
104534,A,product_view
104535,A,product_view
104535,A,add_to_cart
104535,A,checkout
104535,A,purchase
104535,A,repeat_purchase
104537,B,product_view
104539,B,product_view
104540,B,product_view
104541,B,product_view
104542,A,product_view
104544,B,product_view
104544,B,add_to_cart
104546,B,product_view
104549,A,product_view
104549,A,add_to_cart
104550,A,click
104551,A,product_view
104552,A,product_view
104553,B,click
104553,B,product_view
104554,B,product_view
104555,A,product_view
104556,A,product_view
104557,B,product_view
104557,B,add_to_cart
104557,B,checkout
104557,B,purchase
104558,B,product_view
104558,B,add_to_cart
104558,B,checkout
104558,B,purchase
104559,A,click
104559,A,product_view
104559,A,add_to_cart
104560,B,product_view
104561,B,click
104561,B,product_view
104565,B,product_view
104565,B,add_to_cart
104565,B,checkout
104565,B,purchase
104566,A,click
104566,A,product_view
104568,A,product_view
104569,A,product_view
104570,A,product_view
104571,B,product_view
104572,A,product_view
104573,B,click
104573,B,product_view
104574,A,product_view
104574,A,add_to_cart
104575,B,product_view
104576,A,product_view
104577,B,click
104577,B,product_view
104577,B,add_to_cart
104578,A,product_view
104579,A,product_view
104580,B,product_view
104580,B,add_to_cart
104581,B,product_view
104582,A,product_view
104583,B,product_view
104585,A,product_view
104586,B,product_view
104588,B,product_view
104589,A,product_view
104589,A,add_to_cart
104589,A,checkout
104589,A,purchase
104590,A,product_view
104591,A,product_view
104592,B,product_view
104593,B,product_view
104594,B,product_view
104595,B,click
104595,B,product_view
104596,A,product_view
104597,B,product_view
104597,B,add_to_cart
104597,B,checkout
104597,B,purchase
104599,B,product_view
104600,B,product_view
104601,A,product_view
104602,B,product_view
104603,A,product_view
104603,A,add_to_cart
104604,A,click
104604,A,product_view
104605,B,product_view
104608,B,product_view
104609,A,product_view
104610,A,product_view
104611,A,product_view
104613,B,product_view
104614,A,product_view
104616,B,product_view
104617,A,product_view
104618,B,product_view
104619,B,product_view
104620,B,product_view
104620,B,add_to_cart
104620,B,checkout
104620,B,purchase
104621,A,product_view
104622,A,product_view
104623,A,product_view
104623,A,add_to_cart
104625,B,product_view
104626,A,product_view
104627,A,product_view
104628,B,product_view
104629,A,product_view
104630,B,product_view
104631,B,product_view
104632,A,product_view
104632,A,add_to_cart
104632,A,checkout
104632,A,purchase
104633,A,click
104633,A,product_view
104633,A,add_to_cart
104633,A,checkout
104633,A,purchase
104634,A,product_view
104637,B,product_view
104638,B,product_view
104639,B,click
104639,B,product_view
104641,A,product_view
104642,A,product_view
104643,A,product_view
104643,A,add_to_cart
104643,A,checkout
104643,A,purchase
104644,A,product_view
104644,A,add_to_cart
104645,B,product_view
104646,A,product_view
104647,B,product_view
104649,B,product_view
104651,B,click
104651,B,product_view
104653,B,click
104653,B,product_view
104653,B,add_to_cart
104653,B,checkout
104653,B,purchase
104653,B,repeat_purchase
104654,A,product_view
104655,B,product_view
104657,A,product_view
104658,A,click
104658,A,product_view
104659,B,product_view
104660,A,product_view
104661,A,click
104661,A,product_view
104662,B,product_view
104663,B,product_view
104664,A,product_view
104665,B,product_view
104666,A,product_view
104667,A,product_view
104668,A,product_view
104669,A,click
104669,A,product_view
104670,A,product_view
104672,A,click
104672,A,product_view
104673,A,click
104673,A,product_view
104674,B,product_view
104675,A,product_view
104676,B,product_view
104678,B,click
104678,B,product_view
104679,A,product_view
104680,A,product_view
104681,B,product_view
104682,B,product_view
104683,A,click
104684,B,product_view
104685,A,product_view
104685,A,add_to_cart
104685,A,checkout
104686,B,product_view
104688,B,product_view
104689,A,product_view
104689,A,add_to_cart
104692,A,product_view
104693,A,product_view
104694,B,product_view
104696,A,product_view
104697,B,product_view
104697,B,add_to_cart
104697,B,checkout
104697,B,purchase
104698,B,click
104698,B,product_view
104699,B,product_view
104699,B,add_to_cart
104699,B,checkout
104699,B,purchase
104699,B,repeat_purchase
104700,B,product_view
104701,B,product_view
104701,B,add_to_cart
104701,B,checkout
104701,B,purchase
104702,A,product_view
104703,B,product_view
104705,A,product_view
104706,B,product_view
104708,B,product_view
104709,A,click
104710,A,product_view
104711,B,product_view
104711,B,add_to_cart
104711,B,checkout
104711,B,purchase
104712,B,product_view
104712,B,add_to_cart
104713,B,click
104713,B,product_view
104714,A,product_view
104715,A,product_view
104715,A,add_to_cart
104716,B,product_view
104717,B,product_view
104719,B,product_view
104720,B,click
104720,B,product_view
104721,B,product_view
104722,A,product_view
104723,B,product_view
104723,B,add_to_cart
104723,B,checkout
104723,B,purchase
104724,A,product_view
104725,A,product_view
104725,A,add_to_cart
104725,A,checkout
104725,A,purchase
104726,A,product_view
104727,A,product_view
104728,B,product_view
104729,A,product_view
104730,A,product_view
104731,B,product_view
104732,A,product_view
104733,A,product_view
104733,A,add_to_cart
104734,A,product_view
104735,B,product_view
104736,B,product_view
104736,B,add_to_cart
104736,B,checkout
104737,B,product_view
104738,A,product_view
104738,A,add_to_cart
104739,B,product_view
104739,B,add_to_cart
104739,B,checkout
104739,B,purchase
104741,A,product_view
104742,B,product_view
104742,B,add_to_cart
104742,B,checkout
104742,B,purchase
104743,B,product_view
104743,B,add_to_cart
104743,B,checkout
104744,B,product_view
104744,B,add_to_cart
104744,B,checkout
104744,B,purchase
104745,A,product_view
104745,A,add_to_cart
104745,A,checkout
104745,A,purchase
104745,A,repeat_purchase
104747,A,product_view
104748,A,product_view
104748,A,add_to_cart
104749,A,product_view
104751,B,product_view
104752,A,product_view
104754,A,product_view
104755,A,product_view
104755,A,add_to_cart
104755,A,checkout
104756,A,product_view
104756,A,add_to_cart
104757,B,product_view
104757,B,add_to_cart
104757,B,checkout
104758,A,click
104758,A,product_view
104759,A,product_view
104760,B,product_view
104762,A,product_view
104763,A,product_view
104764,B,product_view
104765,B,product_view
104766,B,product_view
104766,B,add_to_cart
104767,B,product_view
104768,B,product_view
104769,A,click
104769,A,product_view
104771,A,product_view
104772,B,product_view
104773,B,product_view
104774,A,product_view
104775,A,product_view
104777,B,product_view
104778,A,product_view
104779,A,product_view
104780,A,product_view
104780,A,add_to_cart
104780,A,checkout
104781,B,product_view
104781,B,add_to_cart
104781,B,checkout
104781,B,purchase
104782,A,click
104783,B,click
104783,B,product_view
104784,B,product_view
104785,B,click
104785,B,product_view
104785,B,add_to_cart
104785,B,checkout
104785,B,purchase
104786,B,product_view
104786,B,add_to_cart
104786,B,checkout
104786,B,purchase
104787,A,product_view
104788,B,product_view
104789,A,product_view
104790,A,product_view
104791,B,product_view
104792,A,product_view
104792,A,add_to_cart
104792,A,checkout
104793,B,product_view
104793,B,add_to_cart
104793,B,checkout
104793,B,purchase
104795,A,product_view
104796,B,click
104796,B,product_view
104797,B,product_view
104799,A,click
104799,A,product_view
104801,B,product_view
104803,A,product_view
104804,A,product_view
104804,A,add_to_cart
104805,B,product_view
104805,B,add_to_cart
104805,B,checkout
104805,B,purchase
104805,B,repeat_purchase
104808,A,product_view
104809,B,product_view
104809,B,add_to_cart
104809,B,checkout
104810,B,product_view
104811,A,product_view
104811,A,add_to_cart
104811,A,checkout
104813,A,product_view
104816,A,product_view
104817,A,product_view
104819,A,click
104820,B,product_view
104820,B,add_to_cart
104820,B,checkout
104820,B,purchase
104821,A,product_view
104822,A,product_view
104823,B,product_view
104824,A,product_view
104825,B,product_view
104826,B,product_view
104827,B,product_view
104827,B,add_to_cart
104828,A,click
104828,A,product_view
104829,B,click
104829,B,product_view
104831,B,product_view
104832,B,product_view
104834,A,product_view
104835,A,product_view
104837,A,product_view
104840,A,product_view
104841,B,product_view
104842,A,product_view
104842,A,add_to_cart
104842,A,checkout
104843,B,product_view
104844,A,product_view
104844,A,add_to_cart
104844,A,checkout
104845,B,product_view
104847,A,product_view
104847,A,add_to_cart
104847,A,checkout
104847,A,purchase
104848,B,product_view
104849,A,product_view
104850,B,product_view
104850,B,add_to_cart
104850,B,checkout
104851,B,product_view
104852,B,product_view
104853,A,product_view
104854,A,product_view
104855,B,product_view
104855,B,add_to_cart
104855,B,checkout
104855,B,purchase
104856,A,product_view
104856,A,add_to_cart
104857,B,product_view
104859,A,product_view
104860,B,product_view
104861,A,product_view
104862,B,product_view
104862,B,add_to_cart
104862,B,checkout
104862,B,purchase
104863,B,product_view
104864,B,product_view
104865,A,product_view
104866,B,product_view
104867,A,product_view
104869,A,product_view
104870,B,product_view
104872,B,product_view
104873,A,product_view
104874,A,product_view
104876,B,product_view
104877,B,product_view
104879,B,click
104879,B,product_view
104880,A,product_view
104881,A,product_view
104881,A,add_to_cart
104882,B,product_view
104885,A,product_view
104886,B,product_view
104886,B,add_to_cart
104886,B,checkout
104886,B,purchase
104886,B,repeat_purchase
104887,B,product_view
104888,B,product_view
104890,A,product_view
104891,A,product_view
104891,A,add_to_cart
104894,B,product_view
104895,B,click
104895,B,product_view
104896,A,product_view
104897,A,product_view
104898,A,product_view
104900,B,product_view
104901,A,product_view
104902,A,product_view
104903,B,product_view
104903,B,add_to_cart
104904,A,product_view
104905,B,product_view
104907,B,product_view
104908,B,product_view
104909,B,product_view
104910,A,product_view
104912,B,click
104912,B,product_view
104913,A,product_view
104914,A,click
104914,A,product_view
104915,B,product_view
104916,A,product_view
104918,B,click
104918,B,product_view
104919,B,product_view
104920,A,product_view
104921,A,product_view
104921,A,add_to_cart
104921,A,checkout
104922,B,product_view
104923,B,click
104924,B,product_view
104926,A,product_view
104927,A,product_view
104928,B,click
104929,A,product_view
104930,B,product_view
104933,A,product_view
104933,A,add_to_cart
104933,A,checkout
104933,A,purchase
104934,A,product_view
104935,A,product_view
104937,B,click
104937,B,product_view
104938,B,product_view
104939,B,product_view
104940,A,product_view
104941,B,product_view
104942,B,click
104942,B,product_view
104942,B,add_to_cart
104943,B,product_view
104944,A,product_view
104945,A,product_view
104946,B,product_view
104947,A,product_view
104948,A,product_view
104949,B,product_view
104950,B,product_view
104951,A,product_view
104952,B,click
104952,B,product_view
104953,B,product_view
104954,B,product_view
104955,B,product_view
104956,A,product_view
104957,A,product_view
104958,A,product_view
104959,A,product_view
104960,B,product_view
104962,B,product_view
104962,B,add_to_cart
104962,B,checkout
104962,B,purchase
104963,B,click
104963,B,product_view
104964,A,product_view
104965,B,product_view
104965,B,add_to_cart
104966,A,product_view
104967,A,product_view
104967,A,add_to_cart
104967,A,checkout
104967,A,purchase
104968,A,product_view
104968,A,add_to_cart
104968,A,checkout
104968,A,purchase
104970,B,click
104970,B,product_view
104971,A,product_view
104972,A,product_view
104972,A,add_to_cart
104972,A,checkout
104974,B,product_view
104975,B,product_view
104976,A,product_view
104977,B,product_view
104978,A,product_view
104979,B,click
104979,B,product_view
104979,B,add_to_cart
104980,B,click
104980,B,product_view
104981,A,product_view
104982,B,product_view
104983,A,product_view
104984,A,product_view
104987,B,product_view
104988,A,product_view
104989,A,product_view
104991,B,product_view
104992,A,product_view
104993,B,product_view
104994,A,product_view
104994,A,add_to_cart
104994,A,checkout
104997,B,product_view
104998,A,click
104998,A,product_view
105000,B,product_view
105000,B,add_to_cart
105001,B,product_view
105001,B,add_to_cart
105002,A,product_view
105002,A,add_to_cart
105002,A,checkout
105002,A,purchase
105003,A,click
105003,A,product_view
105003,A,add_to_cart
105003,A,checkout
105004,B,product_view
105005,A,product_view
105008,A,product_view
105009,A,product_view
105010,B,product_view
105011,A,product_view
105011,A,add_to_cart
105012,A,product_view
105013,A,click
105014,B,product_view
105015,B,click
105015,B,product_view
105018,B,product_view
105019,B,product_view
105019,B,add_to_cart
105019,B,checkout
105019,B,purchase
105020,B,product_view
105021,A,product_view
105022,B,product_view
105022,B,add_to_cart
105022,B,checkout
105022,B,purchase
105022,B,repeat_purchase
105023,B,product_view
105024,A,product_view
105025,A,product_view
105026,B,product_view
105027,A,product_view
105028,A,product_view
105029,B,product_view
105030,B,product_view
105032,B,product_view
105033,A,product_view
105034,A,product_view
105034,A,add_to_cart
105034,A,checkout
105034,A,purchase
105034,A,repeat_purchase
105036,A,product_view
105037,A,product_view
105039,B,product_view
105040,B,product_view
105041,A,product_view
105043,A,product_view
105043,A,add_to_cart
105044,A,product_view
105046,A,click
105046,A,product_view
105047,A,product_view
105048,A,product_view
105048,A,add_to_cart
105049,B,click
105049,B,product_view
105050,B,product_view
105051,B,product_view
105053,B,product_view
105054,A,product_view
105054,A,add_to_cart
105054,A,checkout
105054,A,purchase
105054,A,repeat_purchase
105055,A,product_view
105056,B,product_view
105057,A,product_view
105058,A,product_view
105059,A,product_view
105060,B,product_view
105061,A,product_view
105062,A,product_view
105063,B,product_view
105064,B,product_view
105065,A,product_view
105066,B,product_view
105067,A,product_view
105068,B,product_view
105069,A,product_view
105070,A,click
105071,A,product_view
105071,A,add_to_cart
105071,A,checkout
105072,B,product_view
105072,B,add_to_cart
105072,B,checkout
105072,B,purchase
105073,B,product_view
105074,B,product_view
105075,B,product_view
105076,A,click
105077,A,product_view
105079,A,product_view
105079,A,add_to_cart
105079,A,checkout
105083,B,product_view
105084,A,click
105085,A,product_view
105086,A,product_view
105086,A,add_to_cart
105087,B,product_view
105087,B,add_to_cart
105087,B,checkout
105088,B,product_view
105089,B,product_view
105090,B,product_view
105091,B,product_view
105092,A,product_view
105093,B,product_view
105095,B,product_view
105096,B,product_view
105098,A,product_view
105099,B,product_view
105100,B,product_view
105101,B,product_view
105102,A,click
105102,A,product_view
105103,A,click
105103,A,product_view
105104,A,product_view
105105,A,product_view
105106,A,product_view
105107,B,product_view
105108,B,product_view
105110,A,product_view
105111,A,product_view
105111,A,add_to_cart
105112,A,product_view
105113,A,product_view
105114,A,product_view
105115,B,product_view
105116,B,product_view
105116,B,add_to_cart
105118,A,product_view
105118,A,add_to_cart
105118,A,checkout
105118,A,purchase
105119,B,product_view
105121,B,click
105121,B,product_view
105121,B,add_to_cart
105123,B,click
105123,B,product_view
105124,A,click
105124,A,product_view
105125,A,product_view
105126,A,product_view
105127,A,product_view
105128,B,click
105129,A,product_view
105131,A,product_view
105132,A,product_view
105132,A,add_to_cart
105135,B,click
105135,B,product_view
105136,B,product_view
105137,A,product_view
105138,B,click
105138,B,product_view
105138,B,add_to_cart
105138,B,checkout
105138,B,purchase
105138,B,repeat_purchase
105140,B,product_view
105141,B,product_view
105142,B,product_view
105143,A,product_view
105143,A,add_to_cart
105144,B,product_view
105145,A,product_view
105146,B,product_view
105149,B,product_view
105149,B,add_to_cart
105150,B,product_view
105154,A,product_view
105155,A,product_view
105156,A,product_view
105157,A,click
105157,A,product_view
105158,B,product_view
105159,A,product_view
105159,A,add_to_cart
105159,A,checkout
105159,A,purchase
105160,A,product_view
105161,B,product_view
105162,B,product_view
105162,B,add_to_cart
105163,A,product_view
105164,A,product_view
105165,B,click
105165,B,product_view
105167,B,product_view
105167,B,add_to_cart
105167,B,checkout
105168,B,product_view
105168,B,add_to_cart
105168,B,checkout
105168,B,purchase
105169,A,click
105169,A,product_view
105169,A,add_to_cart
105169,A,checkout
105170,B,product_view
105171,B,product_view
105172,B,product_view
105174,B,product_view
105176,A,product_view
105176,A,add_to_cart
105177,B,click
105177,B,product_view
105178,B,product_view
105179,A,product_view
105181,A,product_view
105182,B,product_view
105183,A,product_view
105185,B,product_view
105186,B,product_view
105186,B,add_to_cart
105186,B,checkout
105187,B,product_view
105188,B,click
105188,B,product_view
105188,B,add_to_cart
105188,B,checkout
105188,B,purchase
105189,B,product_view
105189,B,add_to_cart
105189,B,checkout
105189,B,purchase
105190,B,product_view
105192,B,product_view
105192,B,add_to_cart
105193,A,product_view
105194,A,product_view
105195,A,product_view
105196,A,product_view
105198,A,click
105198,A,product_view
105199,B,product_view
105200,A,click
105201,A,product_view
105202,A,product_view
105203,B,product_view
105204,A,click
105204,A,product_view
105204,A,add_to_cart
105204,A,checkout
105204,A,purchase
105204,A,repeat_purchase
105205,B,product_view
105206,B,product_view
105208,B,click
105208,B,product_view
105210,A,product_view
105212,B,product_view
105214,B,click
105216,B,product_view
105217,A,product_view
105218,A,product_view
105219,A,product_view
105219,A,add_to_cart
105219,A,checkout
105219,A,purchase
105220,A,product_view
105220,A,add_to_cart
105220,A,checkout
105220,A,purchase
105222,B,click
105222,B,product_view
105224,A,product_view
105227,A,product_view
105228,B,product_view
105229,A,product_view
105232,A,product_view
105233,B,product_view
105234,A,product_view
105235,B,product_view
105235,B,add_to_cart
105235,B,checkout
105235,B,purchase
105237,B,product_view
105241,A,product_view
105242,B,product_view
105244,B,product_view
105245,A,click
105246,B,product_view
105247,B,product_view
105250,B,product_view
105251,A,product_view
105252,B,product_view
105253,A,click
105253,A,product_view
105254,B,product_view
105255,A,product_view
105256,A,product_view
105256,A,add_to_cart
105256,A,checkout
105257,B,product_view
105258,B,product_view
105258,B,add_to_cart
105258,B,checkout
105259,A,product_view
105260,A,product_view
105261,B,product_view
105262,A,product_view
105263,B,click
105263,B,product_view
105263,B,add_to_cart
105263,B,checkout
105263,B,purchase
105264,B,product_view
105265,B,product_view
105268,A,click
105270,B,product_view
105272,B,product_view
105275,A,click
105276,A,click
105276,A,product_view
105277,A,product_view
105278,B,product_view
105279,A,product_view
105281,A,product_view
105282,B,product_view
105282,B,add_to_cart
105282,B,checkout
105282,B,purchase
105283,B,product_view
105283,B,add_to_cart
105283,B,checkout
105284,A,product_view
105285,A,product_view
105285,A,add_to_cart
105286,B,product_view
105287,B,product_view
105288,B,click
105288,B,product_view
105288,B,add_to_cart
105289,B,product_view
105290,B,product_view
105290,B,add_to_cart
105291,B,product_view
105292,A,product_view
105293,A,click
105293,A,product_view
105294,A,click
105294,A,product_view
105295,B,product_view
105296,B,product_view
105296,B,add_to_cart
105298,B,product_view
105299,A,click
105300,A,product_view
105301,A,product_view
105301,A,add_to_cart
105303,A,product_view
105305,B,click
105306,B,product_view
105309,A,product_view
105310,B,product_view
105311,B,product_view
105315,B,product_view
105316,A,product_view
105316,A,add_to_cart
105316,A,checkout
105316,A,purchase
105317,A,product_view
105318,B,product_view
105319,B,product_view
105320,A,product_view
105321,B,product_view
105322,B,product_view
105323,B,product_view
105324,B,product_view
105325,B,product_view
105326,B,product_view
105326,B,add_to_cart
105328,A,product_view
105329,B,product_view
105330,B,product_view
105331,B,product_view
105332,B,click
105332,B,product_view
105333,B,product_view
105333,B,add_to_cart
105333,B,checkout
105333,B,purchase
105334,A,product_view
105335,A,product_view
105336,A,product_view
105337,A,click
105337,A,product_view
105338,B,product_view
105339,B,product_view
105340,A,product_view
105340,A,add_to_cart
105341,B,product_view
105342,B,click
105342,B,product_view
105343,B,product_view
105344,A,product_view
105345,B,product_view
105346,B,product_view
105347,A,product_view
105347,A,add_to_cart
105347,A,checkout
105348,B,click
105348,B,product_view
105348,B,add_to_cart
105348,B,checkout
105348,B,purchase
105349,B,product_view
105350,B,product_view
105351,A,product_view
105351,A,add_to_cart
105351,A,checkout
105351,A,purchase
105352,B,product_view
105354,B,click
105354,B,product_view
105355,B,product_view
105356,B,product_view
105357,B,product_view
105358,A,product_view
105360,A,click
105360,A,product_view
105360,A,add_to_cart
105360,A,checkout
105361,A,product_view
105361,A,add_to_cart
105362,A,product_view
105364,B,click
105366,B,product_view
105367,B,product_view
105368,B,product_view
105368,B,add_to_cart
105368,B,checkout
105368,B,purchase
105369,A,product_view
105370,A,product_view
105372,A,product_view
105373,A,product_view
105374,A,product_view
105375,B,product_view
105375,B,add_to_cart
105375,B,checkout
105375,B,purchase
105376,A,product_view
105378,A,product_view
105379,A,product_view
105380,A,product_view
105381,B,product_view
105382,A,product_view
105383,B,product_view
105384,B,product_view
105385,A,product_view
105387,A,product_view
105388,A,product_view
105390,B,product_view
105392,B,click
105393,A,click
105394,A,product_view
105395,B,product_view
105396,B,product_view
105397,B,product_view
105399,B,product_view
105400,B,product_view
105401,B,product_view
105401,B,add_to_cart
105401,B,checkout
105401,B,purchase
105401,B,repeat_purchase
105402,B,product_view
105402,B,add_to_cart
105402,B,checkout
105402,B,purchase
105402,B,repeat_purchase
105403,A,product_view
105403,A,add_to_cart
105403,A,checkout
105403,A,purchase
105405,B,product_view
105405,B,add_to_cart
105405,B,checkout
105407,A,product_view
105407,A,add_to_cart
105409,A,product_view
105411,B,product_view
105411,B,add_to_cart
105411,B,checkout
105411,B,purchase
105411,B,repeat_purchase
105412,B,click
105412,B,product_view
105414,B,product_view
105415,A,product_view
105416,B,product_view
105417,B,product_view
105419,B,product_view
105419,B,add_to_cart
105419,B,checkout
105419,B,purchase
105421,B,product_view
105422,A,click
105422,A,product_view
105424,B,product_view
105425,A,product_view
105426,A,product_view
105427,A,product_view
105428,B,product_view
105429,B,product_view
105430,A,product_view
105432,B,product_view
105433,B,product_view
105434,B,product_view
105435,A,product_view
105436,A,product_view
105437,A,product_view
105439,B,product_view
105440,A,product_view
105441,B,product_view
105443,B,product_view
105444,B,product_view
105446,B,product_view
105446,B,add_to_cart
105446,B,checkout
105446,B,purchase
105446,B,repeat_purchase
105447,A,product_view
105448,B,product_view
105448,B,add_to_cart
105448,B,checkout
105448,B,purchase
105448,B,repeat_purchase
105449,B,product_view
105451,A,product_view
105453,A,product_view
105456,B,product_view
105457,B,product_view
105458,A,product_view
105460,A,product_view
105461,B,click
105461,B,product_view
105464,B,product_view
105464,B,add_to_cart
105464,B,checkout
105464,B,purchase
105466,A,product_view
105467,B,product_view
105469,B,product_view
105470,A,product_view
105471,B,product_view
105472,B,product_view
105472,B,add_to_cart
105472,B,checkout
105473,B,product_view
105474,B,product_view
105475,A,product_view
105476,A,product_view
105478,A,product_view
105479,A,product_view
105480,B,product_view
105481,A,product_view
105482,B,product_view
105482,B,add_to_cart
105482,B,checkout
105482,B,purchase
105485,A,product_view
105486,A,click
105487,B,product_view
105488,B,click
105488,B,product_view
105488,B,add_to_cart
105488,B,checkout
105488,B,purchase
105489,B,product_view
105489,B,add_to_cart
105490,B,product_view
105492,A,product_view
105492,A,add_to_cart
105494,A,click
105494,A,product_view
105495,A,product_view
105496,B,product_view
105498,A,product_view
105499,A,product_view
105500,B,product_view
105501,B,product_view
105502,B,product_view
105504,B,product_view
105505,A,product_view
105506,A,product_view
105507,B,product_view
105508,B,product_view
105509,B,product_view
105509,B,add_to_cart
105509,B,checkout
105509,B,purchase
105510,A,product_view
105510,A,add_to_cart
105510,A,checkout
105510,A,purchase
105510,A,repeat_purchase
105511,A,product_view
105512,B,product_view
105512,B,add_to_cart
105512,B,checkout
105512,B,purchase
105513,B,product_view
105514,B,product_view
105517,B,product_view
105518,B,product_view
105518,B,add_to_cart
105518,B,checkout
105518,B,purchase
105519,B,product_view
105521,A,product_view
105522,A,product_view
105523,A,product_view
105524,B,product_view
105525,A,product_view
105526,A,product_view
105529,A,product_view
105530,B,product_view
105530,B,add_to_cart
105530,B,checkout
105535,B,product_view
105536,A,product_view
105537,A,product_view
105538,B,product_view
105539,B,product_view
105540,A,product_view
105540,A,add_to_cart
105540,A,checkout
105541,B,product_view
105542,A,product_view
105542,A,add_to_cart
105542,A,checkout
105542,A,purchase
105543,B,product_view
105544,A,product_view
105545,A,product_view
105545,A,add_to_cart
105546,B,click
105546,B,product_view
105546,B,add_to_cart
105546,B,checkout
105547,B,product_view
105548,B,product_view
105549,A,product_view
105550,B,product_view
105550,B,add_to_cart
105552,A,product_view
105553,A,click
105553,A,product_view
105553,A,add_to_cart
105553,A,checkout
105555,A,product_view
105557,A,product_view
105558,A,product_view
105559,B,product_view
105560,A,click
105560,A,product_view
105560,A,add_to_cart
105560,A,checkout
105560,A,purchase
105562,A,click
105562,A,product_view
105562,A,add_to_cart
105562,A,checkout
105562,A,purchase
105562,A,repeat_purchase
105563,A,product_view
105563,A,add_to_cart
105563,A,checkout
105563,A,purchase
105563,A,repeat_purchase
105564,A,product_view
105566,A,product_view
105567,B,product_view
105569,B,product_view
105570,A,product_view
105571,B,product_view
105572,B,product_view
105572,B,add_to_cart
105574,A,product_view
105574,A,add_to_cart
105574,A,checkout
105574,A,purchase
105576,B,product_view
105577,A,product_view
105578,A,product_view
105579,B,click
105579,B,product_view
105579,B,add_to_cart
105579,B,checkout
105579,B,purchase
105580,A,product_view
105580,A,add_to_cart
105581,B,click
105581,B,product_view
105582,B,product_view
105584,A,product_view
105584,A,add_to_cart
105584,A,checkout
105584,A,purchase
105585,A,product_view
105586,B,product_view
105587,B,product_view
105587,B,add_to_cart
105587,B,checkout
105587,B,purchase
105588,A,product_view
105590,A,product_view
105591,A,product_view
105592,A,product_view
105593,A,product_view
105594,A,product_view
105595,A,product_view
105596,B,product_view
105597,A,product_view
105598,A,click
105599,B,product_view
105600,B,click
105600,B,product_view
105601,A,product_view
105602,B,product_view
105603,A,product_view
105604,B,product_view
105605,B,product_view
105606,A,product_view
105607,A,product_view
105611,B,product_view
105611,B,add_to_cart
105611,B,checkout
105611,B,purchase
105612,A,product_view
105613,B,product_view
105613,B,add_to_cart
105614,B,product_view
105616,B,product_view
105617,B,product_view
105619,A,product_view
105620,B,product_view
105621,B,click
105621,B,product_view
105622,A,product_view
105624,A,click
105624,A,product_view
105625,B,product_view
105626,B,product_view
105628,A,click
105631,B,product_view
105632,B,product_view
105632,B,add_to_cart
105634,B,product_view
105635,A,product_view
105636,A,product_view
105637,B,product_view
105638,A,product_view
105640,A,product_view
105641,A,product_view
105642,B,click
105642,B,product_view
105643,B,product_view
105644,A,product_view
105645,A,product_view
105646,A,product_view
105647,B,product_view
105648,B,click
105648,B,product_view
105649,A,product_view
105650,B,product_view
105651,B,product_view
105652,A,product_view
105653,B,product_view
105655,B,click
105655,B,product_view
105656,A,product_view
105657,B,click
105657,B,product_view
105658,A,product_view
105659,A,product_view
105660,A,product_view
105661,B,click
105661,B,product_view
105662,A,product_view
105664,B,click
105664,B,product_view
105665,A,click
105667,A,product_view
105668,A,product_view
105669,B,product_view
105670,B,product_view
105671,A,product_view
105672,A,product_view
105673,B,product_view
105674,B,product_view
105675,B,product_view
105676,B,product_view
105678,A,product_view
105678,A,add_to_cart
105678,A,checkout
105678,A,purchase
105679,B,product_view
105680,B,product_view
105680,B,add_to_cart
105680,B,checkout
105680,B,purchase
105682,A,product_view
105683,A,product_view
105684,A,click
105685,B,click
105685,B,product_view
105686,A,product_view
105687,B,product_view
105688,B,product_view
105689,A,product_view
105690,B,product_view
105691,A,product_view
105692,A,product_view
105695,B,click
105695,B,product_view
105696,A,product_view
105697,A,product_view
105697,A,add_to_cart
105697,A,checkout
105698,A,product_view
105699,B,product_view
105700,A,product_view
105700,A,add_to_cart
105700,A,checkout
105700,A,purchase
105701,B,product_view
105701,B,add_to_cart
105701,B,checkout
105701,B,purchase
105702,A,product_view
105703,A,product_view
105704,B,product_view
105704,B,add_to_cart
105704,B,checkout
105704,B,purchase
105705,B,product_view
105706,B,product_view
105707,A,product_view
105708,B,product_view
105709,B,product_view
105710,B,product_view
105713,B,product_view
105714,A,product_view
105714,A,add_to_cart
105715,B,product_view
105716,A,click
105716,A,product_view
105717,A,product_view
105718,A,product_view
105719,B,product_view
105720,A,product_view
105721,B,product_view
105722,A,product_view
105723,A,product_view
105723,A,add_to_cart
105724,A,product_view
105725,B,click
105725,B,product_view
105726,A,product_view
105727,A,product_view
105728,B,product_view
105729,A,product_view
105729,A,add_to_cart
105731,A,product_view
105731,A,add_to_cart
105731,A,checkout
105731,A,purchase
105732,A,product_view
105733,A,product_view
105734,A,click
105734,A,product_view
105735,B,product_view
105736,B,product_view
105737,B,product_view
105739,B,product_view
105740,A,product_view
105742,B,product_view
105744,B,product_view
105745,B,product_view
105746,A,product_view
105746,A,add_to_cart
105746,A,checkout
105746,A,purchase
105746,A,repeat_purchase
105747,A,product_view
105749,A,product_view
105750,A,product_view
105750,A,add_to_cart
105751,B,product_view
105751,B,add_to_cart
105751,B,checkout
105752,B,product_view
105755,B,click
105755,B,product_view
105756,A,product_view
105758,A,product_view
105759,B,product_view
105761,B,product_view
105763,B,product_view
105765,B,product_view
105766,A,product_view
105767,B,product_view
105768,B,click
105768,B,product_view
105769,A,product_view
105770,A,click
105773,B,product_view
105774,A,product_view
105775,B,product_view
105776,A,product_view
105776,A,add_to_cart
105777,A,click
105777,A,product_view
105778,A,product_view
105779,B,product_view
105780,A,product_view
105781,A,product_view
105782,A,product_view
105783,A,product_view
105786,B,product_view
105789,A,product_view
105790,B,product_view
105791,A,product_view
105792,A,product_view
105793,B,product_view
105794,A,product_view
105796,B,product_view
105796,B,add_to_cart
105796,B,checkout
105797,B,product_view
105800,B,product_view
105801,B,product_view
105802,B,click
105803,A,product_view
105805,A,product_view
105806,B,product_view
105807,A,product_view
105808,A,product_view
105809,B,product_view
105810,B,product_view
105811,B,product_view
105812,B,product_view
105813,A,product_view
105815,A,product_view
105815,A,add_to_cart
105816,B,product_view
105817,A,product_view
105819,A,product_view
105820,B,product_view
105821,B,product_view
105825,B,product_view
105826,B,product_view
105827,B,product_view
105827,B,add_to_cart
105827,B,checkout
105827,B,purchase
105828,B,product_view
105829,B,product_view
105831,A,click
105832,B,product_view
105832,B,add_to_cart
105833,B,product_view
105833,B,add_to_cart
105834,B,product_view
105835,B,product_view
105836,B,product_view
105837,B,click
105837,B,product_view
105838,B,click
105838,B,product_view
105839,A,product_view
105840,A,product_view
105841,B,product_view
105842,A,product_view
105843,B,product_view
105843,B,add_to_cart
105843,B,checkout
105843,B,purchase
105844,A,product_view
105844,A,add_to_cart
105846,B,product_view
105847,B,product_view
105848,B,product_view
105848,B,add_to_cart
105849,A,product_view
105849,A,add_to_cart
105849,A,checkout
105850,B,product_view
105853,B,product_view
105855,B,product_view
105856,A,product_view
105857,B,product_view
105858,B,product_view
105859,B,product_view
105860,A,product_view
105861,B,product_view
105863,B,product_view
105867,B,product_view
105868,A,product_view
105869,B,product_view
105871,A,product_view
105872,A,product_view
105873,A,product_view
105873,A,add_to_cart
105874,B,product_view
105874,B,add_to_cart
105874,B,checkout
105874,B,purchase
105876,B,product_view
105876,B,add_to_cart
105877,B,product_view
105878,B,product_view
105879,B,click
105879,B,product_view
105880,A,product_view
105881,B,product_view
105882,A,product_view
105884,B,product_view
105886,A,product_view
105886,A,add_to_cart
105886,A,checkout
105886,A,purchase
105887,B,click
105887,B,product_view
105887,B,add_to_cart
105887,B,checkout
105887,B,purchase
105888,A,product_view
105889,B,product_view
105889,B,add_to_cart
105889,B,checkout
105889,B,purchase
105890,B,click
105890,B,product_view
105891,A,product_view
105891,A,add_to_cart
105891,A,checkout
105892,B,product_view
105895,A,click
105895,A,product_view
105896,B,product_view
105897,A,product_view
105898,B,product_view
105899,B,product_view
105901,A,product_view
105902,B,click
105902,B,product_view
105903,A,product_view
105903,A,add_to_cart
105903,A,checkout
105904,B,click
105904,B,product_view
105905,A,product_view
105907,A,product_view
105907,A,add_to_cart
105910,A,product_view
105911,A,product_view
105912,B,product_view
105913,A,product_view
105914,A,product_view
105914,A,add_to_cart
105915,A,product_view
105916,B,product_view
105918,B,product_view
105919,A,click
105919,A,product_view
105920,A,product_view
105921,B,product_view
105922,A,product_view
105923,B,product_view
105924,B,product_view
105925,A,product_view
105926,A,product_view
105927,B,product_view
105927,B,add_to_cart
105929,A,product_view
105929,A,add_to_cart
105929,A,checkout
105929,A,purchase
105930,A,product_view
105931,A,product_view
105932,B,product_view
105933,A,product_view
105934,A,product_view
105935,B,click
105936,B,product_view
105937,B,product_view
105937,B,add_to_cart
105937,B,checkout
105937,B,purchase
105937,B,repeat_purchase
105938,A,product_view
105939,B,product_view
105939,B,add_to_cart
105939,B,checkout
105939,B,purchase
105940,B,product_view
105944,B,click
105944,B,product_view
105945,B,product_view
105946,A,click
105947,A,product_view
105948,A,product_view
105949,B,product_view
105951,B,click
105952,B,product_view
105953,B,product_view
105954,B,product_view
105955,A,product_view
105956,A,product_view
105957,A,product_view
105957,A,add_to_cart
105957,A,checkout
105959,A,product_view
105960,A,product_view
105962,B,product_view
105962,B,add_to_cart
105963,A,product_view
105964,B,product_view
105965,A,product_view
105966,A,product_view
105967,A,product_view
105968,A,product_view
105969,B,product_view
105970,B,product_view
105971,B,click
105971,B,product_view
105971,B,add_to_cart
105971,B,checkout
105972,B,product_view
105974,B,product_view
105975,B,product_view
105976,A,product_view
105977,B,product_view
105978,B,product_view
105978,B,add_to_cart
105978,B,checkout
105979,A,product_view
105980,A,product_view
105981,A,click
105982,B,product_view
105982,B,add_to_cart
105982,B,checkout
105982,B,purchase
105983,A,click
105983,A,product_view
105984,A,click
105984,A,product_view
105984,A,add_to_cart
105985,B,product_view
105986,B,product_view
105987,A,product_view
105988,A,product_view
105990,B,product_view
105991,B,product_view
105992,A,product_view
105993,B,product_view
105994,B,product_view
105995,A,product_view
105996,A,product_view
105997,A,product_view
105998,A,product_view
105999,A,product_view
106000,B,product_view
106000,B,add_to_cart
106001,A,product_view
106002,B,click
106002,B,product_view
106003,B,product_view
106003,B,add_to_cart
106004,B,product_view
106006,B,click
106007,B,product_view
106008,B,product_view
106011,A,product_view
106012,B,product_view
106013,A,product_view
106017,B,product_view
106019,B,product_view
106020,A,product_view
106020,A,add_to_cart
106020,A,checkout
106020,A,purchase
106021,B,product_view
106022,B,product_view
106023,B,product_view
106024,A,product_view
106025,B,product_view
106025,B,add_to_cart
106025,B,checkout
106025,B,purchase
106027,B,product_view
106028,A,product_view
106029,A,product_view
106030,A,product_view
106031,A,click
106031,A,product_view
106032,A,product_view
106033,B,product_view
106034,B,product_view
106036,A,product_view
106037,A,product_view
106038,B,product_view
106038,B,add_to_cart
106039,B,click
106040,A,click
106040,A,product_view
106040,A,add_to_cart
106041,A,product_view
106042,A,product_view
106043,A,product_view
106045,B,product_view
106046,A,product_view
106048,A,click
106049,B,product_view
106049,B,add_to_cart
106050,B,product_view
106051,B,product_view
106052,A,product_view
106055,A,product_view
106056,B,product_view
106057,B,product_view
106057,B,add_to_cart
106058,A,product_view
106058,A,add_to_cart
106060,B,product_view
106061,B,click
106061,B,product_view
106062,A,product_view
106063,A,product_view
106063,A,add_to_cart
106064,B,product_view
106065,A,product_view
106066,B,product_view
106066,B,add_to_cart
106067,B,product_view
106068,B,product_view
106069,A,product_view
106070,B,product_view
106072,A,product_view
106074,A,product_view
106074,A,add_to_cart
106075,A,product_view
106076,B,product_view
106076,B,add_to_cart
106077,A,product_view
106079,A,product_view
106080,A,product_view
106081,B,product_view
106082,A,product_view
106083,A,product_view
106085,B,click
106085,B,product_view
106086,B,click
106086,B,product_view
106088,A,product_view
106089,B,click
106089,B,product_view
106089,B,add_to_cart
106091,B,product_view
106092,B,product_view
106094,B,product_view
106094,B,add_to_cart
106094,B,checkout
106094,B,purchase
106096,A,product_view
106096,A,add_to_cart
106096,A,checkout
106096,A,purchase
106097,A,product_view
106098,B,product_view
106099,A,product_view
106100,B,product_view
106101,A,product_view
106102,B,product_view
106103,B,product_view
106104,B,click
106104,B,product_view
106105,B,product_view
106106,B,product_view
106107,B,product_view
106107,B,add_to_cart
106108,A,product_view
106109,B,product_view
106110,A,product_view
106111,A,product_view
106112,A,product_view
106112,A,add_to_cart
106112,A,checkout
106112,A,purchase
106112,A,repeat_purchase
106113,B,product_view
106114,A,product_view
106116,B,product_view
106117,A,product_view
106118,B,product_view
106119,B,product_view
106120,B,click
106120,B,product_view
106121,A,product_view
106122,B,product_view
106123,B,click
106123,B,product_view
106124,B,product_view
106125,B,product_view
106126,B,product_view
106127,A,product_view
106128,B,product_view
106129,B,product_view
106130,B,product_view
106131,B,product_view
106131,B,add_to_cart
106134,A,product_view
106135,B,product_view
106136,B,click
106136,B,product_view
106138,A,product_view
106139,A,product_view
106140,B,product_view
106140,B,add_to_cart
106140,B,checkout
106140,B,purchase
106141,B,product_view
106141,B,add_to_cart
106141,B,checkout
106141,B,purchase
106142,A,product_view
106143,A,product_view
106144,A,product_view
106146,B,product_view
106147,B,product_view
106148,A,click
106149,A,click
106150,B,product_view
106152,B,click
106152,B,product_view
106152,B,add_to_cart
106152,B,checkout
106152,B,purchase
106153,A,product_view
106155,A,product_view
106157,A,product_view
106158,A,product_view
106158,A,add_to_cart
106159,B,product_view
106160,A,product_view
106162,B,product_view
106163,B,product_view
106163,B,add_to_cart
106163,B,checkout
106164,A,product_view
106164,A,add_to_cart
106165,A,product_view
106165,A,add_to_cart
106165,A,checkout
106165,A,purchase
106166,B,product_view
106167,B,product_view
106168,B,product_view
106168,B,add_to_cart
106169,A,product_view
106170,B,product_view
106171,A,product_view
106172,A,product_view
106173,A,product_view
106174,B,product_view
106175,B,product_view
106176,A,product_view
106177,B,click
106177,B,product_view
106177,B,add_to_cart
106177,B,checkout
106177,B,purchase
106178,B,product_view
106178,B,add_to_cart
106178,B,checkout
106180,B,product_view
106181,A,product_view
106182,A,product_view
106183,A,product_view
106184,A,product_view
106185,A,product_view
106185,A,add_to_cart
106186,B,product_view
106187,A,product_view
106189,A,product_view
106190,B,click
106190,B,product_view
106191,A,product_view
106192,B,product_view
106194,B,product_view
106194,B,add_to_cart
106194,B,checkout
106194,B,purchase
106196,B,click
106196,B,product_view
106197,B,product_view
106198,B,product_view
106199,B,click
106199,B,product_view
106200,B,product_view
106201,B,product_view
106201,B,add_to_cart
106203,B,product_view
106204,B,product_view
106205,A,click
106206,B,product_view
106207,B,product_view
106208,B,product_view
106209,A,click
106210,B,product_view
106211,A,product_view
106212,B,product_view
106213,B,product_view
106214,B,product_view
106214,B,add_to_cart
106215,B,product_view
106216,A,product_view
106217,A,product_view
106218,B,click
106218,B,product_view
106220,A,product_view
106221,B,product_view
106222,A,product_view
106223,A,product_view
106225,A,product_view
106226,B,click
106226,B,product_view
106227,B,click
106227,B,product_view
106228,A,product_view
106228,A,add_to_cart
106229,B,product_view
106229,B,add_to_cart
106229,B,checkout
106229,B,purchase
106230,B,click
106231,B,product_view
106232,B,product_view
106233,A,product_view
106235,A,product_view
106236,A,product_view
106237,B,product_view
106238,B,product_view
106240,B,click
106240,B,product_view
106241,B,product_view
106241,B,add_to_cart
106241,B,checkout
106241,B,purchase
106242,B,click
106242,B,product_view
106244,B,click
106244,B,product_view
106248,B,product_view
106249,A,product_view
106252,A,product_view
106253,A,product_view
106254,B,product_view
106255,A,product_view
106255,A,add_to_cart
106256,B,click
106257,B,product_view
106258,B,product_view
106259,B,product_view
106259,B,add_to_cart
106259,B,checkout
106259,B,purchase
106261,B,product_view
106262,A,product_view
106263,B,product_view
106265,B,product_view
106265,B,add_to_cart
106265,B,checkout
106265,B,purchase
106266,A,product_view
106266,A,add_to_cart
106266,A,checkout
106266,A,purchase
106267,B,product_view
106269,B,product_view
106270,A,product_view
106271,B,product_view
106272,B,product_view
106272,B,add_to_cart
106274,B,click
106274,B,product_view
106275,B,product_view
106277,B,product_view
106279,A,product_view
106280,B,product_view
106283,A,product_view
106284,B,product_view
106286,B,product_view
106287,A,product_view
106288,A,product_view
106289,A,product_view
106290,A,product_view
106292,A,product_view
106293,A,product_view
106294,A,product_view
106296,A,product_view
106296,A,add_to_cart
106296,A,checkout
106296,A,purchase
106298,A,product_view
106299,A,product_view
106301,B,product_view
106302,A,click
106303,B,product_view
106304,A,product_view
106305,B,click
106305,B,product_view
106307,B,product_view
106308,B,product_view
106309,A,product_view
106311,A,click
106313,B,product_view
106314,B,product_view
106320,B,product_view
106321,A,click
106321,A,product_view
106323,A,product_view
106324,B,product_view
106325,A,product_view
106326,B,product_view
106329,B,product_view
106330,A,product_view
106330,A,add_to_cart
106330,A,checkout
106330,A,purchase
106330,A,repeat_purchase
106331,A,product_view
106332,B,click
106333,B,product_view
106334,A,product_view
106335,A,product_view
106336,A,product_view
106337,A,click
106337,A,product_view
106338,B,product_view
106339,A,product_view
106340,A,product_view
106341,A,product_view
106342,B,product_view
106343,B,product_view
106344,B,product_view
106344,B,add_to_cart
106344,B,checkout
106344,B,purchase
106345,A,product_view
106347,A,click
106347,A,product_view
106348,A,click
106348,A,product_view
106348,A,add_to_cart
106349,A,product_view
106349,A,add_to_cart
106349,A,checkout
106349,A,purchase
106350,A,product_view
106351,B,product_view
106352,A,product_view
106353,B,product_view
106355,A,product_view
106357,A,click
106357,A,product_view
106358,B,product_view
106360,A,product_view
106361,B,product_view
106361,B,add_to_cart
106362,A,product_view
106362,A,add_to_cart
106363,A,product_view
106364,B,product_view
106365,A,product_view
106366,B,product_view
106367,A,product_view
106368,A,product_view
106368,A,add_to_cart
106368,A,checkout
106368,A,purchase
106369,A,click
106369,A,product_view
106371,A,product_view
106372,A,product_view
106375,A,product_view
106376,B,product_view
106377,B,product_view
106379,B,product_view
106380,B,click
106380,B,product_view
106381,A,click
106381,A,product_view
106382,A,product_view
106383,A,product_view
106384,A,click
106385,A,product_view
106386,A,product_view
106388,B,product_view
106388,B,add_to_cart
106388,B,checkout
106388,B,purchase
106389,A,product_view
106390,A,product_view
106392,A,product_view
106392,A,add_to_cart
106392,A,checkout
106393,B,product_view
106394,A,product_view
106395,B,product_view
106396,A,product_view
106397,A,click
106397,A,product_view
106397,A,add_to_cart
106397,A,checkout
106397,A,purchase
106397,A,repeat_purchase
106398,B,product_view
106398,B,add_to_cart
106398,B,checkout
106398,B,purchase
106399,A,click
106399,A,product_view
106399,A,add_to_cart
106400,A,product_view
106401,B,product_view
106403,B,product_view
106404,A,product_view
106405,B,product_view
106406,A,product_view
106409,B,product_view
106411,B,product_view
106414,A,product_view
106415,B,product_view
106417,B,product_view
106418,A,product_view
106418,A,add_to_cart
106418,A,checkout
106418,A,purchase
106419,B,click
106419,B,product_view
106420,A,product_view
106421,A,product_view
106421,A,add_to_cart
106422,A,click
106422,A,product_view
106422,A,add_to_cart
106423,A,product_view
106423,A,add_to_cart
106424,B,product_view
106425,A,click
106425,A,product_view
106426,B,product_view
106426,B,add_to_cart
106427,B,product_view
106428,B,product_view
106429,A,product_view
106430,B,product_view
106431,A,product_view
106432,B,click
106432,B,product_view
106432,B,add_to_cart
106433,B,product_view
106435,B,product_view
106435,B,add_to_cart
106435,B,checkout
106435,B,purchase
106437,A,product_view
106437,A,add_to_cart
106437,A,checkout
106437,A,purchase
106438,A,product_view
106438,A,add_to_cart
106438,A,checkout
106438,A,purchase
106439,B,product_view
106440,A,product_view
106441,A,product_view
106441,A,add_to_cart
106441,A,checkout
106441,A,purchase
106442,A,click
106444,B,product_view
106446,A,product_view
106447,B,product_view
106448,A,click
106449,A,product_view
106450,B,product_view
106451,B,product_view
106451,B,add_to_cart
106452,B,product_view
106453,A,product_view
106454,A,product_view
106455,B,product_view
106456,A,product_view
106458,A,product_view
106459,A,product_view
106460,A,product_view
106461,A,product_view
106462,B,product_view
106463,A,product_view
106465,A,product_view
106466,B,product_view
106466,B,add_to_cart
106466,B,checkout
106466,B,purchase
106466,B,repeat_purchase
106467,A,click
106467,A,product_view
106467,A,add_to_cart
106467,A,checkout
106467,A,purchase
106469,B,product_view
106470,A,product_view
106471,A,product_view
106472,A,product_view
106473,A,product_view
106474,A,product_view
106475,B,product_view
106476,B,product_view
106477,A,product_view
106478,B,product_view
106479,A,click
106479,A,product_view
106480,B,product_view
106481,B,click
106481,B,product_view
106481,B,add_to_cart
106482,A,product_view
106483,B,product_view
106484,A,product_view
106485,A,click
106485,A,product_view
106486,A,product_view
106486,A,add_to_cart
106487,B,product_view
106487,B,add_to_cart
106487,B,checkout
106487,B,purchase
106488,B,product_view
106489,A,product_view
106489,A,add_to_cart
106489,A,checkout
106489,A,purchase
106490,B,product_view
106491,B,product_view
106491,B,add_to_cart
106493,B,product_view
106494,B,product_view
106495,A,product_view
106497,B,click
106497,B,product_view
106498,B,product_view
106498,B,add_to_cart
106498,B,checkout
106498,B,purchase
106499,B,product_view
106500,A,product_view
106501,B,product_view
106503,B,click
106503,B,product_view
106508,B,product_view
106509,B,product_view
106509,B,add_to_cart
106510,B,product_view
106511,B,product_view
106512,B,product_view
106514,B,product_view
106515,A,product_view
106516,A,product_view
106517,A,product_view
106518,B,product_view
106519,A,product_view
106520,A,product_view
106521,A,product_view
106523,A,product_view
106524,B,product_view
106525,A,product_view
106526,A,product_view
106527,A,click
106527,A,product_view
106528,A,click
106528,A,product_view
106528,A,add_to_cart
106528,A,checkout
106529,A,product_view
106530,A,product_view
106530,A,add_to_cart
106530,A,checkout
106530,A,purchase
106531,B,product_view
106532,A,product_view
106533,B,product_view
106534,A,product_view
106535,B,product_view
106537,A,click
106537,A,product_view
106537,A,add_to_cart
106537,A,checkout
106538,B,product_view
106540,A,click
106542,A,product_view
106545,B,product_view
106546,A,product_view
106548,B,product_view
106549,B,product_view
106550,A,product_view
106550,A,add_to_cart
106551,B,product_view
106552,A,product_view
106553,A,product_view
106554,A,product_view
106556,B,click
106556,B,product_view
106557,A,product_view
106558,B,product_view
106558,B,add_to_cart
106559,B,product_view
106561,A,product_view
106562,B,product_view
106564,B,click
106564,B,product_view
106565,A,product_view
106565,A,add_to_cart
106565,A,checkout
106565,A,purchase
106565,A,repeat_purchase
106566,A,product_view
106567,A,product_view
106569,B,product_view
106570,B,product_view
106570,B,add_to_cart
106570,B,checkout
106570,B,purchase
106571,B,click
106571,B,product_view
106573,A,product_view
106574,A,product_view
106575,B,product_view
106576,A,product_view
106577,B,product_view
106578,A,product_view
106579,B,product_view
106580,B,click
106580,B,product_view
106581,A,click
106581,A,product_view
106582,A,product_view
106583,B,click
106583,B,product_view
106584,A,product_view
106586,B,click
106586,B,product_view
106587,B,product_view
106587,B,add_to_cart
106588,B,product_view
106589,A,product_view
106590,B,product_view
106592,B,click
106592,B,product_view
106593,B,product_view
106594,B,product_view
106595,A,product_view
106596,A,product_view
106597,A,product_view
106598,B,product_view
106600,B,product_view
106600,B,add_to_cart
106601,A,product_view
106603,B,product_view
106604,B,product_view
106605,B,product_view
106606,A,click
106607,B,product_view
106608,B,product_view
106609,A,product_view
106610,B,product_view
106611,B,product_view
106612,A,click
106612,A,product_view
106612,A,add_to_cart
106612,A,checkout
106612,A,purchase
106612,A,repeat_purchase
106614,B,product_view
106615,B,product_view
106616,A,product_view
106617,B,product_view
106618,B,product_view
106619,B,product_view
106619,B,add_to_cart
106619,B,checkout
106619,B,purchase
106620,A,product_view
106620,A,add_to_cart
106621,B,click
106622,B,product_view
106623,A,product_view
106625,A,product_view
106628,B,click
106628,B,product_view
106629,A,product_view
106630,A,product_view
106632,B,product_view
106632,B,add_to_cart
106632,B,checkout
106632,B,purchase
106634,A,product_view
106635,A,product_view
106636,B,product_view
106636,B,add_to_cart
106636,B,checkout
106636,B,purchase
106638,B,product_view
106639,B,product_view
106641,A,click
106641,A,product_view
106642,A,product_view
106645,A,product_view
106646,B,product_view
106646,B,add_to_cart
106647,A,product_view
106648,B,product_view
106649,A,product_view
106650,A,product_view
106650,A,add_to_cart
106650,A,checkout
106650,A,purchase
106651,A,product_view
106652,A,product_view
106653,A,click
106654,A,product_view
106655,A,product_view
106657,B,click
106658,B,product_view
106659,A,click
106660,B,product_view
106661,B,product_view
106662,A,product_view
106662,A,add_to_cart
106663,B,product_view
106664,A,product_view
106665,A,product_view
106666,A,click
106667,B,product_view
106668,B,product_view
106668,B,add_to_cart
106668,B,checkout
106668,B,purchase
106669,B,product_view
106670,A,product_view
106672,B,product_view
106673,B,product_view
106674,B,product_view
106675,A,product_view
106676,B,product_view
106677,A,product_view
106679,B,click
106679,B,product_view
106679,B,add_to_cart
106680,B,product_view
106680,B,add_to_cart
106681,B,product_view
106682,B,product_view
106683,A,product_view
106684,B,product_view
106685,A,product_view
106686,A,product_view
106688,B,product_view
106689,B,product_view
106690,B,product_view
106692,A,product_view
106695,A,product_view
106696,B,product_view
106697,B,product_view
106698,A,click
106698,A,product_view
106700,A,product_view
106700,A,add_to_cart
106700,A,checkout
106701,B,product_view
106703,A,product_view
106703,A,add_to_cart
106703,A,checkout
106703,A,purchase
106703,A,repeat_purchase
106704,A,click
106704,A,product_view
106706,B,product_view
106707,A,product_view
106708,B,product_view
106710,B,click
106710,B,product_view
106711,A,product_view
106712,A,product_view
106713,A,click
106714,B,product_view
106714,B,add_to_cart
106714,B,checkout
106714,B,purchase
106715,A,product_view
106717,B,product_view
106718,A,click
106718,A,product_view
106719,B,product_view
106720,A,product_view
106721,B,click
106721,B,product_view
106722,B,product_view
106722,B,add_to_cart
106722,B,checkout
106723,B,product_view
106723,B,add_to_cart
106723,B,checkout
106724,A,product_view
106726,B,product_view
106728,A,product_view
106728,A,add_to_cart
106728,A,checkout
106729,A,product_view
106730,B,product_view
106731,B,product_view
106731,B,add_to_cart
106731,B,checkout
106731,B,purchase
106732,B,product_view
106732,B,add_to_cart
106732,B,checkout
106732,B,purchase
106733,A,product_view
106735,B,product_view
106736,A,product_view
106737,A,product_view
106737,A,add_to_cart
106739,B,product_view
106739,B,add_to_cart
106739,B,checkout
106739,B,purchase
106740,A,product_view
106741,B,product_view
106742,A,product_view
106743,A,product_view
106743,A,add_to_cart
106744,B,product_view
106744,B,add_to_cart
106745,A,product_view
106746,B,click
106747,A,product_view
106748,B,product_view
106749,A,product_view
106749,A,add_to_cart
106751,A,product_view
106752,A,click
106752,A,product_view
106754,B,product_view
106755,B,click
106755,B,product_view
106756,B,product_view
106757,A,product_view
106758,A,click
106758,A,product_view
106759,A,product_view
106760,B,product_view
106761,B,click
106761,B,product_view
106762,A,click
106763,B,product_view
106765,B,product_view
106768,A,product_view
106769,A,product_view
106770,B,product_view
106770,B,add_to_cart
106770,B,checkout
106770,B,purchase
106771,A,product_view
106772,B,product_view
106774,B,product_view
106775,B,product_view
106776,B,product_view
106776,B,add_to_cart
106777,A,product_view
106778,A,product_view
106779,A,product_view
106780,B,product_view
106781,B,product_view
106782,B,product_view
106783,B,product_view
106783,B,add_to_cart
106784,A,click
106784,A,product_view
106785,A,click
106785,A,product_view
106786,B,click
106786,B,product_view
106787,A,product_view
106788,B,click
106788,B,product_view
106789,B,product_view
106789,B,add_to_cart
106789,B,checkout
106789,B,purchase
106790,B,product_view
106793,B,product_view
106795,B,product_view
106796,A,product_view
106797,B,product_view
106798,B,product_view
106799,A,product_view
106801,B,product_view
106802,A,product_view
106803,B,product_view
106804,B,product_view
106805,A,click
106806,B,product_view
106807,A,product_view
106808,A,product_view
106809,B,product_view
106810,A,product_view
106811,A,click
106811,A,product_view
106811,A,add_to_cart
106812,A,product_view
106813,B,product_view
106814,A,product_view
106815,B,product_view
106816,A,product_view
106817,B,click
106818,B,product_view
106819,B,product_view
106821,A,product_view
106823,A,product_view
106825,A,product_view
106827,A,product_view
106828,B,product_view
106828,B,add_to_cart
106829,B,product_view
106830,A,product_view
106831,B,click
106831,B,product_view
106833,B,product_view
106834,A,product_view
106835,B,product_view
106836,B,product_view
106838,B,product_view
106839,B,product_view
106840,A,product_view
106841,A,click
106841,A,product_view
106842,A,product_view
106843,A,product_view
106844,B,product_view
106844,B,add_to_cart
106846,A,product_view
106847,B,product_view
106847,B,add_to_cart
106848,A,product_view
106849,A,product_view
106851,B,product_view
106852,A,product_view
106853,B,product_view
106854,B,product_view
106855,B,product_view
106856,B,product_view
106857,B,product_view
106858,B,product_view
106859,A,product_view
106860,A,click
106860,A,product_view
106861,B,product_view
106861,B,add_to_cart
106861,B,checkout
106861,B,purchase
106862,B,product_view
106863,B,product_view
106864,A,product_view
106865,B,product_view
106866,B,product_view
106866,B,add_to_cart
106867,B,click
106867,B,product_view
106868,A,product_view
106869,B,product_view
106869,B,add_to_cart
106869,B,checkout
106870,A,product_view
106870,A,add_to_cart
106870,A,checkout
106870,A,purchase
106871,A,click
106871,A,product_view
106872,A,product_view
106873,B,product_view
106873,B,add_to_cart
106874,B,product_view
106874,B,add_to_cart
106874,B,checkout
106874,B,purchase
106875,B,product_view
106876,A,product_view
106876,A,add_to_cart
106876,A,checkout
106878,A,product_view
106878,A,add_to_cart
106879,B,product_view
106879,B,add_to_cart
106879,B,checkout
106879,B,purchase
106880,A,product_view
106882,A,product_view
106883,A,product_view
106884,A,product_view
106885,A,product_view
106886,B,product_view
106887,B,click
106887,B,product_view
106887,B,add_to_cart
106887,B,checkout
106887,B,purchase
106888,A,click
106888,A,product_view
106889,B,product_view
106890,B,product_view
106891,B,product_view
106892,A,product_view
106893,B,product_view
106895,B,click
106895,B,product_view
106897,B,product_view
106898,B,product_view
106898,B,add_to_cart
106898,B,checkout
106898,B,purchase
106899,B,product_view
106900,A,product_view
106901,A,product_view
106902,B,product_view
106903,B,product_view
106904,A,product_view
106906,B,product_view
106907,B,click
106907,B,product_view
106908,B,product_view
106909,B,product_view
106910,B,product_view
106911,B,click
106911,B,product_view
106912,A,product_view
106914,A,product_view
106915,A,product_view
106916,B,product_view
106917,A,product_view
106918,B,product_view
106918,B,add_to_cart
106919,A,product_view
106920,B,product_view
106922,A,product_view
106924,B,product_view
106925,A,product_view
106927,B,product_view
106929,B,product_view
106930,B,product_view
106931,B,click
106932,A,product_view
106933,B,product_view
106934,B,product_view
106935,A,product_view
106935,A,add_to_cart
106936,B,click
106936,B,product_view
106938,A,product_view
106939,B,product_view
106940,A,click
106940,A,product_view
106940,A,add_to_cart
106941,A,product_view
106941,A,add_to_cart
106942,A,product_view
106942,A,add_to_cart
106942,A,checkout
106942,A,purchase
106943,A,product_view
106945,B,product_view
106946,A,product_view
106948,A,product_view
106949,A,product_view
106951,A,product_view
106952,A,product_view
106953,A,product_view
106953,A,add_to_cart
106953,A,checkout
106953,A,purchase
106954,B,product_view
106956,B,product_view
106958,B,product_view
106959,B,product_view
106960,A,product_view
106963,B,product_view
106965,A,product_view
106966,B,product_view
106967,A,product_view
106969,B,product_view
106970,B,click
106970,B,product_view
106972,A,product_view
106973,A,product_view
106974,A,product_view
106975,A,product_view
106976,B,product_view
106977,A,product_view
106979,A,click
106979,A,product_view
106979,A,add_to_cart
106979,A,checkout
106980,B,product_view
106982,A,product_view
106984,B,product_view
106984,B,add_to_cart
106986,B,product_view
106987,A,product_view
106988,B,product_view
106991,B,click
106991,B,product_view
106992,B,product_view
106993,B,product_view
106994,A,click
106994,A,product_view
106996,B,product_view
106997,B,product_view
106999,A,product_view
107000,B,product_view
107001,B,product_view
107002,B,product_view
107003,A,click
107003,A,product_view
107003,A,add_to_cart
107003,A,checkout
107003,A,purchase
107004,A,click
107004,A,product_view
107005,B,product_view
107006,A,product_view
107007,A,product_view
107008,A,product_view
107009,A,product_view
107009,A,add_to_cart
107010,B,product_view
107011,A,product_view
107013,A,product_view
107013,A,add_to_cart
107013,A,checkout
107013,A,purchase
107014,A,click
107014,A,product_view
107014,A,add_to_cart
107014,A,checkout
107015,A,click
107015,A,product_view
107016,B,product_view
107016,B,add_to_cart
107017,B,product_view
107018,A,product_view
107019,A,product_view
107020,A,product_view
107021,B,click
107021,B,product_view
107021,B,add_to_cart
107023,B,product_view
107024,B,product_view
107025,B,product_view
107026,A,click
107026,A,product_view
107027,B,product_view
107029,A,product_view
107029,A,add_to_cart
107029,A,checkout
107029,A,purchase
107030,B,product_view
107030,B,add_to_cart
107030,B,checkout
107032,A,product_view
107032,A,add_to_cart
107032,A,checkout
107032,A,purchase
107032,A,repeat_purchase
107033,B,product_view
107034,B,product_view
107034,B,add_to_cart
107034,B,checkout
107035,B,product_view
107037,A,product_view
107039,A,product_view
107040,A,product_view
107041,B,product_view
107041,B,add_to_cart
107042,B,product_view
107043,A,product_view
107043,A,add_to_cart
107044,A,product_view
107045,A,product_view
107046,A,product_view
107047,B,click
107048,B,click
107048,B,product_view
107048,B,add_to_cart
107048,B,checkout
107048,B,purchase
107049,B,product_view
107051,A,product_view
107054,A,product_view
107055,B,click
107055,B,product_view
107056,A,product_view
107057,A,product_view
107058,B,product_view
107058,B,add_to_cart
107058,B,checkout
107059,A,product_view
107061,B,product_view
107062,A,product_view
107063,A,product_view
107065,A,product_view
107068,A,product_view
107069,A,product_view
107070,A,product_view
107071,B,product_view
107072,A,product_view
107073,B,product_view
107075,B,product_view
107076,A,product_view
107076,A,add_to_cart
107076,A,checkout
107076,A,purchase
107077,B,product_view
107078,A,product_view
107078,A,add_to_cart
107078,A,checkout
107079,B,product_view
107080,B,product_view
107081,A,product_view
107082,A,product_view
107083,B,product_view
107084,A,click
107084,A,product_view
107085,B,product_view
107086,B,product_view
107086,B,add_to_cart
107086,B,checkout
107086,B,purchase
107086,B,repeat_purchase
107087,A,product_view
107089,A,product_view
107089,A,add_to_cart
107089,A,checkout
107089,A,purchase
107090,B,product_view
107092,B,product_view
107094,B,product_view
107095,A,click
107095,A,product_view
107096,A,product_view
107096,A,add_to_cart
107097,A,click
107097,A,product_view
107100,B,product_view
107100,B,add_to_cart
107100,B,checkout
107101,A,click
107101,A,product_view
107102,A,product_view
107103,B,product_view
107104,B,product_view
107106,B,product_view
107107,A,product_view
107108,B,product_view
107111,A,product_view
107112,A,click
107112,A,product_view
107114,A,product_view
107114,A,add_to_cart
107114,A,checkout
107114,A,purchase
107117,B,product_view
107118,B,product_view
107119,A,product_view
107119,A,add_to_cart
107119,A,checkout
107119,A,purchase
107121,B,click
107121,B,product_view
107123,A,product_view
107125,B,product_view
107126,B,click
107126,B,product_view
107127,B,product_view
107128,A,product_view
107129,B,click
107129,B,product_view
107131,A,product_view
107131,A,add_to_cart
107131,A,checkout
107131,A,purchase
107132,B,click
107133,A,product_view
107134,A,click
107134,A,product_view
107136,A,product_view
107139,A,click
107139,A,product_view
107141,B,product_view
107142,A,product_view
107143,B,product_view
107143,B,add_to_cart
107143,B,checkout
107143,B,purchase
107145,A,product_view
107146,B,product_view
107148,B,product_view
107148,B,add_to_cart
107148,B,checkout
107148,B,purchase
107150,B,product_view
107151,A,product_view
107152,B,product_view
107153,B,product_view
107154,A,product_view
107155,A,product_view
107157,B,product_view
107158,B,click
107158,B,product_view
107158,B,add_to_cart
107159,A,product_view
107160,B,product_view
107160,B,add_to_cart
107161,A,product_view
107162,B,product_view
107166,A,product_view
107166,A,add_to_cart
107166,A,checkout
107166,A,purchase
107167,A,product_view
107168,B,product_view
107169,A,product_view
107170,B,product_view
107172,B,product_view
107173,A,product_view
107174,B,product_view
107176,A,product_view
107178,A,product_view
107178,A,add_to_cart
107179,A,click
107179,A,product_view
107181,B,product_view
107182,A,product_view
107183,A,product_view
107184,B,product_view
107185,A,product_view
107186,A,click
107188,A,product_view
107189,A,product_view
107190,B,product_view
107191,B,product_view
107192,A,product_view
107192,A,add_to_cart
107192,A,checkout
107193,A,product_view
107193,A,add_to_cart
107193,A,checkout
107193,A,purchase
107193,A,repeat_purchase
107195,B,product_view
107196,B,product_view
107198,A,product_view
107199,A,product_view
107200,B,product_view
107201,B,product_view
107202,A,click
107202,A,product_view
107203,A,product_view
107203,A,add_to_cart
107203,A,checkout
107203,A,purchase
107204,A,product_view
107205,B,product_view
107205,B,add_to_cart
107205,B,checkout
107206,A,product_view
107207,A,product_view
107208,A,click
107208,A,product_view
107209,B,product_view
107210,A,product_view
107211,B,product_view
107212,A,product_view
107213,A,click
107213,A,product_view
107214,B,product_view
107215,B,product_view
107217,B,click
107217,B,product_view
107217,B,add_to_cart
107217,B,checkout
107217,B,purchase
107217,B,repeat_purchase
107218,B,product_view
107218,B,add_to_cart
107219,A,product_view
107219,A,add_to_cart
107219,A,checkout
107219,A,purchase
107220,A,product_view
107221,B,product_view
107222,B,product_view
107223,B,product_view
107225,A,product_view
107225,A,add_to_cart
107225,A,checkout
107225,A,purchase
107225,A,repeat_purchase
107226,A,click
107227,A,product_view
107228,A,product_view
107228,A,add_to_cart
107228,A,checkout
107228,A,purchase
107228,A,repeat_purchase
107229,A,click
107229,A,product_view
107230,A,product_view
107230,A,add_to_cart
107230,A,checkout
107230,A,purchase
107231,A,product_view
107231,A,add_to_cart
107232,B,product_view
107233,B,product_view
107234,B,product_view
107234,B,add_to_cart
107234,B,checkout
107234,B,purchase
107235,B,product_view
107236,B,product_view
107237,A,product_view
107239,B,product_view
107240,A,click
107241,B,product_view
107241,B,add_to_cart
107241,B,checkout
107241,B,purchase
107242,B,click
107242,B,product_view
107243,B,product_view
107244,A,product_view
107245,A,product_view
107246,B,product_view
107247,A,product_view
107248,A,product_view
107249,B,product_view
107250,B,product_view
107251,B,product_view
107253,B,product_view
107253,B,add_to_cart
107253,B,checkout
107253,B,purchase
107254,A,product_view
107255,A,product_view
107256,A,product_view
107258,A,product_view
107259,A,product_view
107260,B,product_view
107261,B,click
107261,B,product_view
107262,B,product_view
107263,B,product_view
107264,A,product_view
107265,A,product_view
107266,A,click
107267,B,product_view
107268,A,product_view
107269,A,product_view
107270,A,product_view
107271,B,product_view
107271,B,add_to_cart
107271,B,checkout
107272,B,product_view
107273,B,product_view
107274,B,product_view
107275,B,product_view
107276,A,product_view
107277,A,product_view
107278,A,product_view
107278,A,add_to_cart
107278,A,checkout
107278,A,purchase
107279,A,product_view
107279,A,add_to_cart
107279,A,checkout
107279,A,purchase
107281,B,click
107281,B,product_view
107282,B,product_view
107284,B,click
107284,B,product_view
107284,B,add_to_cart
107284,B,checkout
107284,B,purchase
107289,B,product_view
107290,A,product_view
107293,B,product_view
107294,A,product_view
107295,B,product_view
107295,B,add_to_cart
107295,B,checkout
107295,B,purchase
107297,A,product_view
107298,A,product_view
107299,B,product_view
107300,A,product_view
107302,B,product_view
107303,A,product_view
107304,B,product_view
107305,B,product_view
107306,A,product_view
107307,B,click
107307,B,product_view
107308,B,click
107308,B,product_view
107308,B,add_to_cart
107308,B,checkout
107308,B,purchase
107310,A,product_view
107311,B,product_view
107312,A,product_view
107312,A,add_to_cart
107312,A,checkout
107312,A,purchase
107314,A,product_view
107315,B,product_view
107318,B,product_view
107319,B,product_view
107320,A,product_view
107320,A,add_to_cart
107320,A,checkout
107320,A,purchase
107321,A,click
107321,A,product_view
107322,A,product_view
107323,B,product_view
107323,B,add_to_cart
107323,B,checkout
107323,B,purchase
107324,A,product_view
107325,B,product_view
107327,A,product_view
107329,B,product_view
107330,A,product_view
107331,A,product_view
107332,A,product_view
107333,B,product_view
107334,B,product_view
107334,B,add_to_cart
107334,B,checkout
107334,B,purchase
107335,A,product_view
107336,B,product_view
107337,B,product_view
107338,B,product_view
107338,B,add_to_cart
107338,B,checkout
107339,B,product_view
107340,B,product_view
107341,B,product_view
107342,B,click
107342,B,product_view
107343,B,product_view
107345,A,product_view
107346,A,product_view
107347,B,product_view
107348,B,product_view
107349,A,product_view
107350,B,product_view
107351,B,product_view
107353,B,product_view
107354,A,product_view
107356,A,product_view
107357,B,product_view
107358,B,product_view
107359,A,product_view
107361,B,product_view
107362,A,product_view
107363,A,product_view
107364,A,product_view
107365,B,product_view
107365,B,add_to_cart
107365,B,checkout
107365,B,purchase
107366,B,product_view
107366,B,add_to_cart
107366,B,checkout
107366,B,purchase
107367,A,product_view
107368,A,product_view
107370,A,click
107372,B,product_view
107375,A,product_view
107376,B,product_view
107376,B,add_to_cart
107377,A,product_view
107377,A,add_to_cart
107377,A,checkout
107379,A,click
107381,B,product_view
107383,B,product_view
107383,B,add_to_cart
107384,B,click
107384,B,product_view
107385,B,product_view
107385,B,add_to_cart
107385,B,checkout
107385,B,purchase
107388,A,product_view
107389,B,product_view
107390,A,product_view
107391,B,product_view
107393,A,product_view
107394,B,product_view
107395,B,product_view
107396,A,product_view
107398,B,product_view
107399,A,product_view
107401,A,product_view
107401,A,add_to_cart
107402,B,product_view
107403,A,click
107403,A,product_view
107405,B,click
107405,B,product_view
107405,B,add_to_cart
107405,B,checkout
107405,B,purchase
107406,B,product_view
107407,B,product_view
107408,A,product_view
107409,B,product_view
107410,A,product_view
107411,B,product_view
107412,A,product_view
107413,B,click
107413,B,product_view
107414,A,click
107414,A,product_view
107414,A,add_to_cart
107415,A,product_view
107416,B,click
107417,B,product_view
107418,B,click
107421,A,product_view
107421,A,add_to_cart
107422,A,product_view
107423,A,product_view
107424,B,click
107424,B,product_view
107425,A,product_view
107426,A,product_view
107426,A,add_to_cart
107426,A,checkout
107426,A,purchase
107427,B,product_view
107429,A,product_view
107431,B,product_view
107432,B,product_view
107433,A,product_view
107434,B,product_view
107435,B,click
107436,A,product_view
107436,A,add_to_cart
107436,A,checkout
107436,A,purchase
107437,A,product_view
107438,A,product_view
107439,A,product_view
107439,A,add_to_cart
107442,B,product_view
107442,B,add_to_cart
107442,B,checkout
107442,B,purchase
107442,B,repeat_purchase
107443,B,click
107443,B,product_view
107444,A,product_view
107445,B,product_view
107446,B,product_view
107447,B,product_view
107448,B,product_view
107449,B,click
107450,A,product_view
107451,B,product_view
107452,B,product_view
107454,B,click
107454,B,product_view
107455,B,product_view
107456,B,product_view
107456,B,add_to_cart
107456,B,checkout
107456,B,purchase
107457,A,product_view
107458,A,product_view
107459,A,product_view
107460,B,product_view
107461,A,click
107461,A,product_view
107462,B,product_view
107462,B,add_to_cart
107462,B,checkout
107462,B,purchase
107463,A,product_view
107464,A,product_view
107464,A,add_to_cart
107464,A,checkout
107464,A,purchase
107465,B,product_view
107466,A,product_view
107468,B,product_view
107469,B,product_view
107470,B,product_view
107471,B,product_view
107472,A,product_view
107472,A,add_to_cart
107473,A,product_view
107474,A,product_view
107475,A,product_view
107476,B,product_view
107477,B,click
107477,B,product_view
107478,A,product_view
107479,A,product_view
107480,B,product_view
107481,B,click
107481,B,product_view
107482,B,product_view
107483,B,product_view
107485,A,product_view
107485,A,add_to_cart
107485,A,checkout
107485,A,purchase
107485,A,repeat_purchase
107486,A,product_view
107487,A,click
107489,B,click
107489,B,product_view
107491,B,product_view
107493,B,product_view
107494,A,click
107494,A,product_view
107496,A,product_view
107498,A,product_view
107499,B,product_view
107501,B,product_view
107501,B,add_to_cart
107504,B,product_view
107505,A,click
107505,A,product_view
107506,B,product_view
107507,A,click
107507,A,product_view
107508,A,product_view
107508,A,add_to_cart
107509,A,product_view
107511,B,product_view
107512,B,product_view
107513,A,product_view
107513,A,add_to_cart
107514,B,product_view
107515,B,product_view
107516,A,click
107516,A,product_view
107517,A,product_view
107518,A,product_view
107518,A,add_to_cart
107521,B,product_view
107521,B,add_to_cart
107524,A,product_view
107526,A,product_view
107527,A,product_view
107527,A,add_to_cart
107528,B,product_view
107528,B,add_to_cart
107528,B,checkout
107528,B,purchase
107528,B,repeat_purchase
107533,A,product_view
107534,B,click
107534,B,product_view
107535,B,product_view
107536,A,product_view
107537,A,product_view
107539,B,product_view
107540,A,product_view
107543,B,click
107543,B,product_view
107544,B,product_view
107544,B,add_to_cart
107544,B,checkout
107544,B,purchase
107545,A,product_view
107546,A,product_view
107547,A,product_view
107548,A,product_view
107549,A,product_view
107550,A,product_view
107551,B,product_view
107551,B,add_to_cart
107551,B,checkout
107551,B,purchase
107552,A,product_view
107552,A,add_to_cart
107552,A,checkout
107552,A,purchase
107553,A,click
107553,A,product_view
107554,A,product_view
107555,A,product_view
107556,A,click
107556,A,product_view
107557,B,product_view
107557,B,add_to_cart
107557,B,checkout
107557,B,purchase
107559,A,product_view
107560,B,product_view
107561,B,product_view
107562,A,product_view
107562,A,add_to_cart
107563,A,product_view
107564,B,product_view
107564,B,add_to_cart
107564,B,checkout
107564,B,purchase
107566,A,product_view
107567,B,product_view
107568,A,product_view
107570,B,click
107571,A,product_view
107572,B,product_view
107575,B,click
107575,B,product_view
107577,A,product_view
107578,B,product_view
107579,A,product_view
107580,B,product_view
107582,B,product_view
107583,A,product_view
107583,A,add_to_cart
107584,B,product_view
107585,B,product_view
107586,A,product_view
107587,B,product_view
107588,A,product_view
107589,B,product_view
107590,A,click
107590,A,product_view
107591,B,product_view
107592,A,product_view
107592,A,add_to_cart
107592,A,checkout
107592,A,purchase
107594,B,product_view
107595,B,product_view
107596,B,product_view
107597,A,click
107597,A,product_view
107599,A,product_view
107599,A,add_to_cart
107600,B,product_view
107601,B,product_view
107602,A,product_view
107603,B,product_view
107604,A,product_view
107605,B,product_view
107605,B,add_to_cart
107605,B,checkout
107605,B,purchase
107606,B,product_view
107607,A,product_view
107607,A,add_to_cart
107607,A,checkout
107610,A,product_view
107611,A,product_view
107612,A,product_view
107613,A,click
107613,A,product_view
107615,B,product_view
107615,B,add_to_cart
107615,B,checkout
107615,B,purchase
107615,B,repeat_purchase
107616,B,product_view
107617,A,product_view
107617,A,add_to_cart
107617,A,checkout
107617,A,purchase
107618,B,product_view
107618,B,add_to_cart
107618,B,checkout
107618,B,purchase
107619,A,product_view
107621,A,product_view
107622,A,product_view
107624,B,product_view
107624,B,add_to_cart
107625,B,product_view
107626,B,product_view
107627,B,product_view
107628,B,product_view
107629,B,product_view
107630,A,product_view
107630,A,add_to_cart
107631,A,product_view
107632,B,product_view
107634,B,product_view
107635,A,product_view
107637,A,product_view
107638,B,product_view
107639,A,product_view
107640,B,product_view
107641,A,click
107642,A,product_view
107643,A,click
107644,A,product_view
107645,A,product_view
107646,B,product_view
107647,B,product_view
107647,B,add_to_cart
107647,B,checkout
107647,B,purchase
107647,B,repeat_purchase
107648,B,product_view
107649,B,product_view
107650,B,click
107650,B,product_view
107650,B,add_to_cart
107653,A,product_view
107655,A,product_view
107656,A,product_view
107657,A,product_view
107657,A,add_to_cart
107657,A,checkout
107657,A,purchase
107658,A,product_view
107659,B,product_view
107660,B,product_view
107662,A,product_view
107663,B,click
107664,B,product_view
107665,A,click
107665,A,product_view
107666,A,product_view
107667,A,product_view
107668,B,click
107668,B,product_view
107669,A,product_view
107670,B,product_view
107671,B,product_view
107672,A,product_view
107673,A,product_view
107673,A,add_to_cart
107675,B,product_view
107676,B,product_view
107676,B,add_to_cart
107676,B,checkout
107676,B,purchase
107677,B,product_view
107678,A,product_view
107678,A,add_to_cart
107678,A,checkout
107679,B,click
107679,B,product_view
107680,A,click
107680,A,product_view
107682,B,product_view
107683,A,product_view
107683,A,add_to_cart
107683,A,checkout
107683,A,purchase
107684,B,product_view
107685,B,product_view
107686,A,product_view
107686,A,add_to_cart
107687,A,product_view
107688,B,product_view
107689,A,product_view
107690,B,product_view
107691,A,click
107691,A,product_view
107692,B,product_view
107693,B,click
107695,A,product_view
107695,A,add_to_cart
107695,A,checkout
107695,A,purchase
107696,B,product_view
107697,A,product_view
107699,A,product_view
107700,B,product_view
107701,A,product_view
107703,A,product_view
107704,B,click
107705,B,product_view
107705,B,add_to_cart
107706,A,product_view
107707,A,product_view
107707,A,add_to_cart
107708,A,product_view
107709,B,click
107709,B,product_view
107710,B,product_view
107711,B,click
107711,B,product_view
107712,B,product_view
107713,A,product_view
107713,A,add_to_cart
107713,A,checkout
107714,A,product_view
107715,B,product_view
107715,B,add_to_cart
107715,B,checkout
107715,B,purchase
107716,A,product_view
107717,A,click
107720,A,product_view
107721,B,product_view
107723,B,product_view
107723,B,add_to_cart
107723,B,checkout
107723,B,purchase
107723,B,repeat_purchase
107724,B,product_view
107725,A,product_view
107726,A,product_view
107727,B,product_view
107729,B,product_view
107730,B,product_view
107730,B,add_to_cart
107731,A,product_view
107733,A,product_view
107735,A,product_view
107738,A,click
107738,A,product_view
107738,A,add_to_cart
107739,A,product_view
107740,A,product_view
107743,A,product_view
107744,B,product_view
107744,B,add_to_cart
107746,B,click
107747,B,product_view
107749,B,product_view
107750,B,product_view
107751,B,product_view
107752,A,product_view
107753,B,product_view
107753,B,add_to_cart
107754,B,product_view
107755,A,product_view
107755,A,add_to_cart
107755,A,checkout
107755,A,purchase
107755,A,repeat_purchase
107756,B,product_view
107757,B,product_view
107760,B,product_view
107762,B,product_view
107763,B,product_view
107764,B,product_view
107765,B,product_view
107765,B,add_to_cart
107765,B,checkout
107767,A,product_view
107768,B,product_view
107769,B,product_view
107770,B,click
107770,B,product_view
107770,B,add_to_cart
107771,A,product_view
107772,A,product_view
107772,A,add_to_cart
107772,A,checkout
107772,A,purchase
107773,A,product_view
107774,B,product_view
107775,B,product_view
107776,A,click
107776,A,product_view
107777,A,product_view
107778,B,product_view
107779,B,product_view
107780,B,product_view
107780,B,add_to_cart
107780,B,checkout
107780,B,purchase
107782,A,product_view
107784,B,product_view
107785,B,product_view
107786,A,product_view
107787,B,product_view
107787,B,add_to_cart
107788,A,product_view
107789,B,click
107789,B,product_view
107790,A,product_view
107791,B,product_view
107792,B,product_view
107793,B,click
107795,A,product_view
107796,A,product_view
107797,A,product_view
107797,A,add_to_cart
107799,B,product_view
107800,A,product_view
107802,B,product_view
107802,B,add_to_cart
107802,B,checkout
107802,B,purchase
107803,A,product_view
107806,B,product_view
107807,B,product_view
107808,B,click
107808,B,product_view
107809,A,product_view
107810,B,click
107810,B,product_view
107811,A,product_view
107811,A,add_to_cart
107812,B,product_view
107812,B,add_to_cart
107812,B,checkout
107813,A,product_view
107814,A,click
107816,B,product_view
107817,B,product_view
107818,A,product_view
107819,A,product_view
107820,A,product_view
107821,A,click
107821,A,product_view
107822,B,product_view
107823,A,product_view
107824,B,product_view
107824,B,add_to_cart
107824,B,checkout
107824,B,purchase
107826,A,product_view
107827,B,product_view
107828,B,click
107828,B,product_view
107830,A,product_view
107831,A,product_view
107832,A,product_view
107832,A,add_to_cart
107833,A,product_view
107834,A,product_view
107836,A,product_view
107837,B,product_view
107838,A,product_view
107839,B,product_view
107840,A,product_view
107841,A,click
107841,A,product_view
107842,A,click
107843,A,product_view
107846,B,product_view
107847,B,product_view
107849,B,product_view
107850,A,product_view
107852,B,product_view
107853,A,product_view
107854,B,product_view
107855,B,product_view
107856,A,product_view
107857,B,product_view
107858,A,product_view
107860,B,product_view
107861,B,product_view
107861,B,add_to_cart
107862,A,product_view
107863,A,product_view
107864,A,product_view
107864,A,add_to_cart
107864,A,checkout
107864,A,purchase
107864,A,repeat_purchase
107865,B,product_view
107866,B,product_view
107868,A,product_view
107869,B,click
107869,B,product_view
107871,A,product_view
107871,A,add_to_cart
107872,B,product_view
107873,B,product_view
107874,B,product_view
107875,A,product_view
107877,A,product_view
107877,A,add_to_cart
107879,B,click
107879,B,product_view
107880,B,product_view
107880,B,add_to_cart
107880,B,checkout
107881,B,product_view
107882,B,product_view
107883,B,click
107883,B,product_view
107884,B,product_view
107884,B,add_to_cart
107884,B,checkout
107885,A,click
107885,A,product_view
107886,A,product_view
107886,A,add_to_cart
107886,A,checkout
107886,A,purchase
107887,B,product_view
107888,A,product_view
107889,A,product_view
107890,A,product_view
107891,A,product_view
107892,A,product_view
107893,A,click
107893,A,product_view
107894,A,product_view
107895,A,click
107895,A,product_view
107896,B,product_view
107899,B,click
107899,B,product_view
107899,B,add_to_cart
107899,B,checkout
107900,A,click
107900,A,product_view
107900,A,add_to_cart
107901,B,product_view
107902,B,product_view
107902,B,add_to_cart
107902,B,checkout
107903,B,product_view
107904,B,product_view
107905,B,product_view
107905,B,add_to_cart
107906,B,product_view
107907,B,product_view
107908,A,product_view
107911,B,product_view
107914,B,product_view
107914,B,add_to_cart
107914,B,checkout
107914,B,purchase
107915,B,product_view
107917,B,click
107917,B,product_view
107918,A,product_view
107919,B,product_view
107920,B,product_view
107921,A,product_view
107923,B,product_view
107924,A,product_view
107924,A,add_to_cart
107924,A,checkout
107925,B,product_view
107926,B,click
107926,B,product_view
107927,A,product_view
107928,B,product_view
107929,B,product_view
107930,B,product_view
107933,B,product_view
107934,A,product_view
107935,A,click
107935,A,product_view
107938,B,product_view
107938,B,add_to_cart
107940,A,product_view
107941,B,product_view
107942,B,product_view
107943,A,click
107943,A,product_view
107943,A,add_to_cart
107944,B,product_view
107945,B,product_view
107946,B,product_view
107946,B,add_to_cart
107946,B,checkout
107948,B,product_view
107949,A,product_view
107949,A,add_to_cart
107949,A,checkout
107949,A,purchase
107950,B,product_view
107951,B,product_view
107952,B,product_view
107953,A,product_view
107953,A,add_to_cart
107953,A,checkout
107953,A,purchase
107954,B,product_view
107954,B,add_to_cart
107956,A,click
107956,A,product_view
107957,B,click
107957,B,product_view
107958,B,product_view
107959,B,product_view
107959,B,add_to_cart
107961,B,product_view
107961,B,add_to_cart
107961,B,checkout
107962,A,product_view
107963,A,product_view
107964,B,product_view
107965,B,product_view
107966,A,product_view
107967,B,product_view
107968,A,product_view
107969,B,product_view
107970,B,product_view
107971,A,product_view
107972,B,product_view
107972,B,add_to_cart
107972,B,checkout
107972,B,purchase
107973,B,product_view
107974,A,product_view
107975,B,click
107975,B,product_view
107976,A,product_view
107977,B,product_view
107978,B,product_view
107979,A,product_view
107980,A,product_view
107981,B,product_view
107982,B,product_view
107982,B,add_to_cart
107982,B,checkout
107982,B,purchase
107982,B,repeat_purchase
107983,B,product_view
107984,A,product_view
107986,A,product_view
107988,A,product_view
107991,B,product_view
107991,B,add_to_cart
107991,B,checkout
107991,B,purchase
107992,B,click
107992,B,product_view
107993,A,product_view
107993,A,add_to_cart
107993,A,checkout
107993,A,purchase
107994,B,product_view
107995,A,click
107995,A,product_view
107997,A,product_view
108001,A,product_view
108002,A,product_view
108002,A,add_to_cart
108004,B,click
108004,B,product_view
108005,B,product_view
108006,A,product_view
108006,A,add_to_cart
108006,A,checkout
108006,A,purchase
108007,B,product_view
108009,A,product_view
108010,B,product_view
108011,B,product_view
108012,B,product_view
108013,A,product_view
108014,B,product_view
108015,B,product_view
108016,B,product_view
108017,B,product_view
108018,B,click
108018,B,product_view
108018,B,add_to_cart
108018,B,checkout
108018,B,purchase
108019,B,product_view
108022,B,product_view
108023,B,product_view
108024,A,product_view
108026,A,click
108027,B,product_view
108027,B,add_to_cart
108028,B,click
108028,B,product_view
108028,B,add_to_cart
108028,B,checkout
108029,B,product_view
108030,B,product_view
108034,B,click
108034,B,product_view
108035,A,click
108035,A,product_view
108037,A,product_view
108038,A,product_view
108039,A,product_view
108039,A,add_to_cart
108040,A,product_view
108041,A,product_view
108043,A,product_view
108044,B,product_view
108045,B,product_view
108046,B,product_view
108047,A,product_view
108047,A,add_to_cart
108048,A,product_view
108049,B,product_view
108050,B,product_view
108050,B,add_to_cart
108051,A,product_view
108052,A,product_view
108053,A,product_view
108054,A,product_view
108055,B,product_view
108056,A,product_view
108056,A,add_to_cart
108056,A,checkout
108057,A,product_view
108058,A,product_view
108059,B,product_view
108060,B,product_view
108061,A,product_view
108062,B,product_view
108063,B,product_view
108063,B,add_to_cart
108064,B,product_view
108065,A,product_view
108065,A,add_to_cart
108065,A,checkout
108065,A,purchase
108067,A,product_view
108067,A,add_to_cart
108067,A,checkout
108067,A,purchase
108068,B,product_view
108069,B,product_view
108070,A,product_view
108074,A,product_view
108074,A,add_to_cart
108074,A,checkout
108076,B,product_view
108078,A,product_view
108080,B,product_view
108081,B,product_view
108082,A,click
108083,B,product_view
108085,B,product_view
108086,B,product_view
108087,A,product_view
108088,B,product_view
108089,A,product_view
108090,B,product_view
108091,B,product_view
108092,B,product_view
108093,A,product_view
108093,A,add_to_cart
108093,A,checkout
108096,B,product_view
108097,B,product_view
108098,B,click
108098,B,product_view
108098,B,add_to_cart
108099,A,product_view
108099,A,add_to_cart
108101,B,product_view
108102,B,product_view
108103,B,product_view
108103,B,add_to_cart
108103,B,checkout
108103,B,purchase
108104,A,product_view
108106,B,product_view
108107,A,product_view
108108,A,product_view
108109,A,product_view
108110,A,click
108110,A,product_view
108111,A,product_view
108111,A,add_to_cart
108111,A,checkout
108111,A,purchase
108112,B,click
108112,B,product_view
108113,A,click
108113,A,product_view
108113,A,add_to_cart
108114,A,product_view
108115,B,product_view
108116,B,product_view
108117,B,product_view
108118,B,product_view
108119,B,product_view
108123,B,product_view
108124,A,product_view
108126,A,product_view
108127,B,product_view
108128,B,product_view
108129,A,product_view
108129,A,add_to_cart
108129,A,checkout
108130,B,click
108130,B,product_view
108130,B,add_to_cart
108132,B,product_view
108133,A,product_view
108135,B,product_view
108135,B,add_to_cart
108135,B,checkout
108136,B,product_view
108137,A,product_view
108138,A,product_view
108139,A,product_view
108140,A,product_view
108141,B,product_view
108142,A,click
108142,A,product_view
108143,B,product_view
108144,A,click
108144,A,product_view
108145,B,product_view
108146,A,product_view
108147,A,product_view
108149,B,click
108149,B,product_view
108151,A,product_view
108152,A,product_view
108153,A,product_view
108153,A,add_to_cart
108153,A,checkout
108153,A,purchase
108154,B,product_view
108154,B,add_to_cart
108155,A,product_view
108156,A,product_view
108160,A,product_view
108161,B,product_view
108162,B,product_view
108163,A,product_view
108165,B,product_view
108166,A,product_view
108167,B,product_view
108169,A,product_view
108170,B,product_view
108170,B,add_to_cart
108171,A,product_view
108171,A,add_to_cart
108171,A,checkout
108172,A,product_view
108172,A,add_to_cart
108172,A,checkout
108172,A,purchase
108172,A,repeat_purchase
108173,A,product_view
108174,B,product_view
108174,B,add_to_cart
108174,B,checkout
108175,B,product_view
108175,B,add_to_cart
108175,B,checkout
108175,B,purchase
108176,A,product_view
108176,A,add_to_cart
108176,A,checkout
108176,A,purchase
108177,B,product_view
108177,B,add_to_cart
108177,B,checkout
108177,B,purchase
108178,A,click
108178,A,product_view
108179,B,product_view
108180,B,product_view
108181,A,product_view
108181,A,add_to_cart
108181,A,checkout
108181,A,purchase
108182,A,product_view
108184,A,product_view
108184,A,add_to_cart
108185,B,click
108185,B,product_view
108186,B,click
108188,B,product_view
108189,B,click
108189,B,product_view
108190,B,product_view
108190,B,add_to_cart
108192,B,product_view
108193,A,product_view
108194,B,product_view
108195,A,product_view
108196,B,product_view
108198,B,product_view
108199,B,click
108200,B,product_view
108202,A,click
108202,A,product_view
108202,A,add_to_cart
108202,A,checkout
108202,A,purchase
108203,A,product_view
108203,A,add_to_cart
108203,A,checkout
108203,A,purchase
108203,A,repeat_purchase
108208,A,product_view
108209,B,click
108209,B,product_view
108210,B,product_view
108215,A,product_view
108215,A,add_to_cart
108215,A,checkout
108215,A,purchase
108216,A,click
108216,A,product_view
108216,A,add_to_cart
108216,A,checkout
108216,A,purchase
108217,A,click
108217,A,product_view
108218,B,product_view
108219,A,product_view
108219,A,add_to_cart
108220,A,product_view
108222,A,product_view
108223,B,product_view
108225,B,product_view
108226,B,product_view
108227,A,product_view
108228,B,product_view
108229,A,product_view
108230,B,click
108230,B,product_view
108231,B,product_view
108234,A,click
108234,A,product_view
108234,A,add_to_cart
108236,B,product_view
108237,B,product_view
108238,A,product_view
108238,A,add_to_cart
108239,B,click
108242,B,product_view
108243,B,product_view
108244,B,click
108244,B,product_view
108245,B,product_view
108246,B,product_view
108247,A,product_view
108248,B,product_view
108248,B,add_to_cart
108249,A,product_view
108249,A,add_to_cart
108249,A,checkout
108250,A,product_view
108251,B,product_view
108252,A,product_view
108253,B,click
108253,B,product_view
108254,A,product_view
108255,B,product_view
108255,B,add_to_cart
108255,B,checkout
108255,B,purchase
108255,B,repeat_purchase
108256,B,product_view
108258,B,click
108258,B,product_view
108259,A,product_view
108260,A,product_view
108261,A,product_view
108262,A,click
108262,A,product_view
108263,B,product_view
108265,A,product_view
108266,B,product_view
108267,B,product_view
108268,B,product_view
108269,B,product_view
108270,B,click
108270,B,product_view
108271,B,product_view
108272,B,product_view
108272,B,add_to_cart
108272,B,checkout
108272,B,purchase
108274,B,product_view
108276,B,product_view
108277,B,product_view
108278,B,product_view
108279,A,product_view
108279,A,add_to_cart
108279,A,checkout
108279,A,purchase
108280,B,product_view
108281,B,product_view
108282,A,product_view
108283,A,product_view
108285,A,product_view
108285,A,add_to_cart
108286,B,product_view
108288,A,product_view
108289,A,product_view
108291,A,product_view
108292,A,product_view
108293,B,product_view
108294,A,product_view
108295,A,product_view
108296,A,product_view
108298,B,product_view
108298,B,add_to_cart
108299,B,product_view
108299,B,add_to_cart
108299,B,checkout
108299,B,purchase
108300,A,click
108300,A,product_view
108301,B,product_view
108303,A,product_view
108304,B,product_view
108305,B,product_view
108307,A,product_view
108309,A,product_view
108310,A,product_view
108311,A,product_view
108312,A,product_view
108313,A,product_view
108313,A,add_to_cart
108314,A,click
108314,A,product_view
108315,A,product_view
108316,B,product_view
108319,A,product_view
108319,A,add_to_cart
108319,A,checkout
108319,A,purchase
108320,A,product_view
108320,A,add_to_cart
108320,A,checkout
108322,B,product_view
108322,B,add_to_cart
108322,B,checkout
108324,B,product_view
108324,B,add_to_cart
108324,B,checkout
108326,B,click
108326,B,product_view
108327,B,product_view
108328,A,product_view
108329,B,product_view
108330,A,product_view
108332,B,product_view
108333,B,product_view
108334,B,product_view
108334,B,add_to_cart
108335,B,product_view
108336,B,product_view
108337,B,product_view
108337,B,add_to_cart
108337,B,checkout
108337,B,purchase
108340,A,product_view
108341,B,product_view
108342,A,product_view
108343,B,product_view
108343,B,add_to_cart
108343,B,checkout
108343,B,purchase
108346,A,product_view
108347,A,product_view
108348,B,product_view
108348,B,add_to_cart
108349,A,product_view
108350,B,product_view
108351,B,click
108351,B,product_view
108353,A,product_view
108353,A,add_to_cart
108353,A,checkout
108354,B,product_view
108354,B,add_to_cart
108354,B,checkout
108354,B,purchase
108356,B,product_view
108356,B,add_to_cart
108356,B,checkout
108356,B,purchase
108357,B,product_view
108357,B,add_to_cart
108358,A,product_view
108361,B,product_view
108362,B,product_view
108362,B,add_to_cart
108365,B,product_view
108366,B,product_view
108368,A,product_view
108369,A,product_view
108369,A,add_to_cart
108369,A,checkout
108369,A,purchase
108370,B,product_view
108371,B,product_view
108372,A,product_view
108373,B,product_view
108374,B,product_view
108374,B,add_to_cart
108374,B,checkout
108374,B,purchase
108374,B,repeat_purchase
108375,B,product_view
108377,B,product_view
108378,B,product_view
108378,B,add_to_cart
108381,B,product_view
108381,B,add_to_cart
108381,B,checkout
108381,B,purchase
108382,A,product_view
108383,A,product_view
108385,B,product_view
108387,A,product_view
108388,B,click
108388,B,product_view
108389,A,product_view
108390,A,click
108390,A,product_view
108390,A,add_to_cart
108392,B,product_view
108394,B,product_view
108395,A,product_view
108397,B,click
108397,B,product_view
108398,B,product_view
108399,A,product_view
108400,A,product_view
108402,B,product_view
108403,B,product_view
108404,A,product_view
108405,B,click
108405,B,product_view
108408,A,product_view
108408,A,add_to_cart
108409,A,product_view
108410,A,product_view
108411,B,click
108412,B,product_view
108413,B,product_view
108413,B,add_to_cart
108413,B,checkout
108413,B,purchase
108414,B,product_view
108416,A,product_view
108417,A,product_view
108417,A,add_to_cart
108420,B,product_view
108421,B,product_view
108422,A,product_view
108423,A,product_view
108424,A,click
108424,A,product_view
108425,A,product_view
108425,A,add_to_cart
108425,A,checkout
108426,A,click
108426,A,product_view
108426,A,add_to_cart
108426,A,checkout
108427,A,product_view
108428,B,product_view
108429,B,product_view
108430,A,product_view
108431,B,product_view
108432,B,product_view
108432,B,add_to_cart
108432,B,checkout
108432,B,purchase
108433,A,product_view
108434,B,product_view
108434,B,add_to_cart
108434,B,checkout
108434,B,purchase
108435,B,product_view
108436,A,click
108436,A,product_view
108437,B,product_view
108437,B,add_to_cart
108437,B,checkout
108437,B,purchase
108438,A,product_view
108440,B,product_view
108441,A,product_view
108441,A,add_to_cart
108441,A,checkout
108442,A,product_view
108444,A,product_view
108445,A,product_view
108446,B,product_view
108447,B,product_view
108449,B,product_view
108450,A,product_view
108451,A,product_view
108452,B,product_view
108452,B,add_to_cart
108452,B,checkout
108452,B,purchase
108452,B,repeat_purchase
108453,B,product_view
108454,B,product_view
108455,B,product_view
108457,B,product_view
108458,A,product_view
108459,B,product_view
108462,B,product_view
108463,B,click
108463,B,product_view
108464,A,product_view
108465,B,product_view
108468,A,product_view
108470,B,product_view
108471,B,click
108471,B,product_view
108471,B,add_to_cart
108471,B,checkout
108471,B,purchase
108472,B,product_view
108473,B,product_view
108475,B,product_view
108475,B,add_to_cart
108475,B,checkout
108476,A,product_view
108477,A,product_view
108479,A,product_view
108480,B,product_view
108481,B,product_view
108481,B,add_to_cart
108481,B,checkout
108482,A,click
108482,A,product_view
108483,B,product_view
108483,B,add_to_cart
108483,B,checkout
108483,B,purchase
108484,B,product_view
108485,A,product_view
108486,A,click
108486,A,product_view
108487,B,product_view
108488,A,product_view
108490,B,product_view
108491,A,product_view
108492,A,click
108494,A,product_view
108494,A,add_to_cart
108494,A,checkout
108495,A,product_view
108495,A,add_to_cart
108495,A,checkout
108496,A,product_view
108496,A,add_to_cart
108497,A,product_view
108497,A,add_to_cart
108497,A,checkout
108497,A,purchase
108498,B,product_view
108499,B,product_view
108500,A,product_view
108501,A,product_view
108501,A,add_to_cart
108501,A,checkout
108501,A,purchase
108501,A,repeat_purchase
108502,B,product_view
108503,A,product_view
108503,A,add_to_cart
108503,A,checkout
108503,A,purchase
108504,B,product_view
108504,B,add_to_cart
108506,A,product_view
108506,A,add_to_cart
108507,A,product_view
108508,A,product_view
108509,A,product_view
108511,A,product_view
108513,B,click
108514,A,product_view
108515,B,product_view
108516,A,product_view
108517,B,product_view
108517,B,add_to_cart
108517,B,checkout
108517,B,purchase
108518,B,product_view
108519,A,click
108519,A,product_view
108520,A,product_view
108520,A,add_to_cart
108520,A,checkout
108520,A,purchase
108520,A,repeat_purchase
108521,B,product_view
108521,B,add_to_cart
108521,B,checkout
108522,A,product_view
108523,A,product_view
108524,A,product_view
108525,B,click
108525,B,product_view
108526,B,product_view
108527,A,product_view
108528,B,product_view
108529,B,click
108529,B,product_view
108530,B,product_view
108531,B,product_view
108532,B,product_view
108533,B,product_view
108533,B,add_to_cart
108533,B,checkout
108534,A,product_view
108535,A,product_view
108536,A,product_view
108538,A,product_view
108539,A,product_view
108540,A,product_view
108541,B,click
108541,B,product_view
108541,B,add_to_cart
108544,A,product_view
108546,B,product_view
108547,B,product_view
108548,A,product_view
108549,A,product_view
108550,B,product_view
108551,B,product_view
108552,A,product_view
108552,A,add_to_cart
108554,A,product_view
108554,A,add_to_cart
108555,B,product_view
108557,B,click
108557,B,product_view
108558,A,product_view
108559,B,product_view
108560,B,product_view
108561,A,product_view
108561,A,add_to_cart
108561,A,checkout
108561,A,purchase
108561,A,repeat_purchase
108562,A,click
108562,A,product_view
108562,A,add_to_cart
108562,A,checkout
108562,A,purchase
108563,B,product_view
108564,A,product_view
108564,A,add_to_cart
108567,B,product_view
108571,A,product_view
108572,B,product_view
108572,B,add_to_cart
108572,B,checkout
108572,B,purchase
108573,A,product_view
108575,A,click
108575,A,product_view
108577,B,click
108577,B,product_view
108578,A,product_view
108579,B,product_view
108581,A,product_view
108582,A,product_view
108583,A,click
108584,A,product_view
108585,B,product_view
108586,B,product_view
108588,B,product_view
108589,A,product_view
108590,A,product_view
108590,A,add_to_cart
108590,A,checkout
108591,A,product_view
108592,B,product_view
108593,B,product_view
108595,B,product_view
108598,A,product_view
108599,A,product_view
108599,A,add_to_cart
108599,A,checkout
108600,B,product_view
108600,B,add_to_cart
108601,A,product_view
108602,A,product_view
108603,B,product_view
108604,B,product_view
108605,B,product_view
108606,B,product_view
108607,A,product_view
108608,B,click
108608,B,product_view
108609,A,product_view
108610,B,product_view
108610,B,add_to_cart
108611,A,product_view
108612,B,product_view
108612,B,add_to_cart
108613,B,product_view
108614,A,product_view
108615,A,click
108615,A,product_view
108617,B,click
108617,B,product_view
108618,B,product_view
108619,A,product_view
108622,A,product_view
108623,A,product_view
108624,A,product_view
108625,B,product_view
108626,B,product_view
108626,B,add_to_cart
108626,B,checkout
108628,B,product_view
108628,B,add_to_cart
108628,B,checkout
108628,B,purchase
108628,B,repeat_purchase
108629,A,product_view
108630,B,product_view
108630,B,add_to_cart
108631,A,click
108631,A,product_view
108632,A,product_view
108633,A,product_view
108634,B,product_view
108635,B,product_view
108636,B,product_view
108637,A,click
108638,B,product_view
108639,A,click
108639,A,product_view
108640,B,product_view
108642,A,product_view
108643,A,click
108645,A,click
108645,A,product_view
108646,B,product_view
108647,B,product_view
108648,A,product_view
108649,B,product_view
108651,A,product_view
108652,B,click
108652,B,product_view
108653,B,click
108653,B,product_view
108654,A,product_view
108655,B,product_view
108657,B,click
108657,B,product_view
108660,A,product_view
108661,A,click
108662,B,product_view
108662,B,add_to_cart
108662,B,checkout
108663,B,click
108663,B,product_view
108664,A,product_view
108665,B,product_view
108666,A,product_view
108667,A,product_view
108668,B,click
108668,B,product_view
108670,A,product_view
108671,B,product_view
108671,B,add_to_cart
108671,B,checkout
108671,B,purchase
108671,B,repeat_purchase
108673,B,click
108673,B,product_view
108674,B,product_view
108674,B,add_to_cart
108674,B,checkout
108674,B,purchase
108675,A,product_view
108676,A,click
108676,A,product_view
108677,B,product_view
108679,A,product_view
108680,B,product_view
108681,B,click
108681,B,product_view
108681,B,add_to_cart
108682,A,product_view
108683,B,product_view
108684,B,product_view
108685,B,click
108687,A,product_view
108688,B,product_view
108689,B,product_view
108690,B,product_view
108691,B,product_view
108691,B,add_to_cart
108691,B,checkout
108692,A,product_view
108693,A,product_view
108694,B,click
108694,B,product_view
108695,A,product_view
108697,A,product_view
108698,B,product_view
108699,B,product_view
108701,B,product_view
108702,A,click
108702,A,product_view
108703,B,product_view
108704,B,click
108704,B,product_view
108704,B,add_to_cart
108706,B,product_view
108707,A,product_view
108708,A,product_view
108709,B,product_view
108710,B,product_view
108711,A,product_view
108712,B,product_view
108713,B,click
108714,A,product_view
108714,A,add_to_cart
108715,A,product_view
108717,A,product_view
108718,B,product_view
108719,A,product_view
108720,A,product_view
108720,A,add_to_cart
108720,A,checkout
108720,A,purchase
108722,A,product_view
108724,B,product_view
108724,B,add_to_cart
108725,B,product_view
108726,A,product_view
108727,B,product_view
108728,B,product_view
108729,B,product_view
108730,A,product_view
108732,B,product_view
108733,B,product_view
108733,B,add_to_cart
108733,B,checkout
108733,B,purchase
108733,B,repeat_purchase
108734,B,product_view
108735,B,product_view
108736,B,product_view
108737,B,product_view
108738,A,product_view
108738,A,add_to_cart
108738,A,checkout
108738,A,purchase
108739,B,product_view
108739,B,add_to_cart
108740,B,product_view
108741,B,click
108741,B,product_view
108742,A,product_view
108743,A,product_view
108744,A,product_view
108746,A,click
108746,A,product_view
108747,B,product_view
108748,A,product_view
108749,A,product_view
108750,A,product_view
108750,A,add_to_cart
108751,B,product_view
108752,A,product_view
108752,A,add_to_cart
108753,B,product_view
108754,A,product_view
108755,B,product_view
108756,A,product_view
108759,A,product_view
108759,A,add_to_cart
108760,B,product_view
108761,A,product_view
108763,A,click
108763,A,product_view
108764,B,product_view
108765,A,product_view
108765,A,add_to_cart
108765,A,checkout
108765,A,purchase
108766,B,product_view
108767,A,product_view
108768,B,product_view
108770,A,product_view
108771,B,click
108772,B,product_view
108773,B,product_view
108774,A,product_view
108775,B,product_view
108775,B,add_to_cart
108775,B,checkout
108775,B,purchase
108776,A,product_view
108777,B,product_view
108778,A,product_view
108778,A,add_to_cart
108778,A,checkout
108778,A,purchase
108779,A,product_view
108779,A,add_to_cart
108779,A,checkout
108779,A,purchase
108779,A,repeat_purchase
108781,A,product_view
108782,A,product_view
108783,A,product_view
108784,B,click
108784,B,product_view
108786,B,product_view
108789,B,product_view
108790,A,product_view
108791,B,product_view
108792,B,click
108792,B,product_view
108792,B,add_to_cart
108793,A,product_view
108794,A,product_view
108794,A,add_to_cart
108795,B,product_view
108796,B,product_view
108797,A,product_view
108798,A,product_view
108798,A,add_to_cart
108798,A,checkout
108799,A,product_view
108800,A,product_view
108802,B,product_view
108803,A,product_view
108804,B,product_view
108805,B,product_view
108806,B,click
108806,B,product_view
108807,A,product_view
108808,B,product_view
108809,B,product_view
108809,B,add_to_cart
108809,B,checkout
108809,B,purchase
108810,A,product_view
108811,B,product_view
108812,A,product_view
108812,A,add_to_cart
108813,B,product_view
108813,B,add_to_cart
108814,A,product_view
108815,A,product_view
108816,A,product_view
108819,A,product_view
108820,A,product_view
108821,A,product_view
108824,B,product_view
108825,A,product_view
108825,A,add_to_cart
108825,A,checkout
108825,A,purchase
108826,A,product_view
108827,B,product_view
108828,B,product_view
108829,B,product_view
108830,A,product_view
108831,B,product_view
108832,B,product_view
108833,B,click
108833,B,product_view
108833,B,add_to_cart
108833,B,checkout
108833,B,purchase
108834,B,product_view
108835,B,product_view
108836,B,product_view
108838,A,product_view
108839,B,product_view
108839,B,add_to_cart
108839,B,checkout
108840,B,product_view
108841,A,product_view
108843,A,product_view
108844,A,product_view
108845,A,product_view
108846,A,click
108847,A,click
108848,A,product_view
108849,A,product_view
108850,A,click
108850,A,product_view
108851,A,product_view
108852,A,product_view
108853,A,product_view
108854,B,click
108854,B,product_view
108856,A,product_view
108857,A,product_view
108859,A,product_view
108859,A,add_to_cart
108859,A,checkout
108859,A,purchase
108860,B,product_view
108861,B,product_view
108862,A,product_view
108863,A,product_view
108863,A,add_to_cart
108863,A,checkout
108863,A,purchase
108864,B,product_view
108865,B,product_view
108866,A,product_view
108868,B,product_view
108868,B,add_to_cart
108869,A,click
108869,A,product_view
108870,B,product_view
108870,B,add_to_cart
108871,B,click
108871,B,product_view
108872,B,click
108872,B,product_view
108873,B,product_view
108874,A,product_view
108875,B,product_view
108876,A,product_view
108878,B,product_view
108878,B,add_to_cart
108878,B,checkout
108878,B,purchase
108880,B,product_view
108881,B,product_view
108882,B,product_view
108882,B,add_to_cart
108882,B,checkout
108882,B,purchase
108883,B,click
108884,B,product_view
108886,B,click
108886,B,product_view
108886,B,add_to_cart
108886,B,checkout
108886,B,purchase
108887,A,product_view
108890,B,product_view
108891,A,product_view
108893,A,product_view
108896,B,product_view
108897,A,product_view
108898,B,product_view
108901,A,product_view
108902,A,click
108903,A,click
108903,A,product_view
108905,B,product_view
108906,B,product_view
108907,A,product_view
108908,A,product_view
108909,A,product_view
108909,A,add_to_cart
108909,A,checkout
108909,A,purchase
108911,B,product_view
108912,B,product_view
108913,B,product_view
108915,A,product_view
108916,B,product_view
108917,B,product_view
108918,A,product_view
108919,A,product_view
108920,B,product_view
108921,B,click
108921,B,product_view
108921,B,add_to_cart
108921,B,checkout
108921,B,purchase
108922,B,product_view
108923,B,product_view
108923,B,add_to_cart
108924,A,click
108924,A,product_view
108925,A,product_view
108926,A,product_view
108927,A,product_view
108928,B,click
108928,B,product_view
108929,B,product_view
108930,A,product_view
108931,A,product_view
108932,A,product_view
108933,A,product_view
108934,A,product_view
108935,B,product_view
108936,B,product_view
108938,B,product_view
108939,B,product_view
108940,A,product_view
108942,A,click
108942,A,product_view
108943,B,product_view
108945,B,product_view
108946,A,product_view
108946,A,add_to_cart
108946,A,checkout
108946,A,purchase
108946,A,repeat_purchase
108947,A,product_view
108947,A,add_to_cart
108947,A,checkout
108947,A,purchase
108948,B,click
108948,B,product_view
108950,B,product_view
108951,B,product_view
108951,B,add_to_cart
108951,B,checkout
108951,B,purchase
108952,A,product_view
108954,B,product_view
108954,B,add_to_cart
108954,B,checkout
108954,B,purchase
108955,B,product_view
108955,B,add_to_cart
108955,B,checkout
108957,A,product_view
108957,A,add_to_cart
108958,B,click
108958,B,product_view
108959,B,click
108959,B,product_view
108960,A,product_view
108961,A,product_view
108963,A,product_view
108964,B,product_view
108966,B,click
108966,B,product_view
108967,A,product_view
108968,B,product_view
108970,B,product_view
108972,A,product_view
108974,B,product_view
108975,A,product_view
108976,B,product_view
108977,A,product_view
108977,A,add_to_cart
108977,A,checkout
108977,A,purchase
108978,A,product_view
108979,B,product_view
108980,B,product_view
108981,B,product_view
108982,A,product_view
108983,A,product_view
108983,A,add_to_cart
108983,A,checkout
108983,A,purchase
108983,A,repeat_purchase
108984,A,product_view
108985,B,product_view
108986,B,product_view
108987,A,click
108987,A,product_view
108987,A,add_to_cart
108990,A,product_view
108991,B,product_view
108992,B,product_view
108993,A,product_view
108994,B,product_view
108997,B,product_view
108998,A,product_view
108998,A,add_to_cart
108999,B,product_view
109000,B,click
109000,B,product_view
109001,B,click
109001,B,product_view
109002,B,click
109002,B,product_view
109003,A,product_view
109005,B,product_view
109006,B,product_view
109008,B,product_view
109008,B,add_to_cart
109008,B,checkout
109008,B,purchase
109009,A,product_view
109010,B,product_view
109011,A,product_view
109012,A,product_view
109012,A,add_to_cart
109012,A,checkout
109012,A,purchase
109014,A,product_view
109015,A,click
109015,A,product_view
109016,A,product_view
109017,B,product_view
109019,A,click
109019,A,product_view
109020,A,product_view
109021,B,product_view
109021,B,add_to_cart
109021,B,checkout
109021,B,purchase
109022,B,product_view
109022,B,add_to_cart
109022,B,checkout
109022,B,purchase
109024,A,product_view
109024,A,add_to_cart
109024,A,checkout
109024,A,purchase
109025,A,product_view
109026,A,click
109026,A,product_view
109027,A,product_view
109028,A,product_view
109029,A,product_view
109029,A,add_to_cart
109029,A,checkout
109029,A,purchase
109030,B,product_view
109032,B,product_view
109032,B,add_to_cart
109032,B,checkout
109032,B,purchase
109033,A,product_view
109034,B,click
109034,B,product_view
109036,A,product_view
109037,A,product_view
109038,A,product_view
109039,A,product_view
109040,B,click
109040,B,product_view
109040,B,add_to_cart
109040,B,checkout
109040,B,purchase
109041,B,product_view
109043,A,product_view
109045,A,product_view
109046,A,click
109046,A,product_view
109047,A,product_view
109048,A,product_view
109050,A,product_view
109052,B,product_view
109053,A,product_view
109054,A,product_view
109055,A,product_view
109056,B,product_view
109058,B,product_view
109059,B,product_view
109060,A,product_view
109061,B,product_view
109063,A,product_view
109064,B,product_view
109065,A,click
109065,A,product_view
109067,B,product_view
109069,A,product_view
109070,B,product_view
109073,A,product_view
109074,A,product_view
109076,B,click
109076,B,product_view
109077,B,click
109077,B,product_view
109078,B,product_view
109079,B,product_view
109080,A,product_view
109081,B,product_view
109081,B,add_to_cart
109081,B,checkout
109082,A,product_view
109083,B,product_view
109085,B,product_view
109087,A,product_view
109088,A,product_view
109089,B,click
109089,B,product_view
109090,B,product_view
109091,A,product_view
109091,A,add_to_cart
109091,A,checkout
109092,B,product_view
109093,B,click
109093,B,product_view
109094,A,product_view
109095,A,product_view
109096,A,click
109097,A,product_view
109098,A,product_view
109099,A,product_view
109100,A,product_view
109100,A,add_to_cart
109100,A,checkout
109100,A,purchase
109101,B,product_view
109101,B,add_to_cart
109102,B,product_view
109103,B,product_view
109104,A,click
109104,A,product_view
109105,B,product_view
109106,B,click
109106,B,product_view
109108,B,product_view
109109,B,product_view
109109,B,add_to_cart
109109,B,checkout
109110,A,product_view
109111,A,product_view
109111,A,add_to_cart
109111,A,checkout
109112,B,product_view
109113,A,product_view
109114,A,click
109114,A,product_view
109115,A,product_view
109116,A,click
109116,A,product_view
109117,B,product_view
109118,A,product_view
109119,B,product_view
109120,A,product_view
109123,B,product_view
109124,B,product_view
109126,A,click
109126,A,product_view
109127,B,product_view
109128,A,product_view
109128,A,add_to_cart
109128,A,checkout
109128,A,purchase
109129,B,product_view
109130,B,product_view
109133,B,product_view
109134,B,product_view
109135,A,product_view
109136,A,product_view
109137,B,product_view
109139,B,product_view
109140,B,product_view
109140,B,add_to_cart
109141,A,product_view
109142,A,product_view
109142,A,add_to_cart
109143,B,product_view
109144,B,click
109144,B,product_view
109144,B,add_to_cart
109145,B,click
109145,B,product_view
109146,B,click
109146,B,product_view
109148,B,product_view
109149,A,click
109150,A,product_view
109151,B,product_view
109152,A,product_view
109154,B,product_view
109155,B,product_view
109156,A,click
109158,B,product_view
109159,B,product_view
109160,A,product_view
109161,A,product_view
109162,A,product_view
109163,B,click
109164,A,product_view
109165,A,product_view
109166,B,product_view
109166,B,add_to_cart
109166,B,checkout
109167,B,product_view
109168,B,product_view
109169,A,product_view
109169,A,add_to_cart
109169,A,checkout
109171,B,product_view
109171,B,add_to_cart
109171,B,checkout
109172,B,click
109172,B,product_view
109173,A,product_view
109175,A,product_view
109176,A,product_view
109177,B,product_view
109178,B,product_view
109179,A,product_view
109180,A,product_view
109181,A,product_view
109181,A,add_to_cart
109184,B,click
109184,B,product_view
109186,B,product_view
109187,A,click
109187,A,product_view
109187,A,add_to_cart
109189,A,product_view
109190,B,product_view
109191,A,product_view
109192,A,click
109192,A,product_view
109192,A,add_to_cart
109192,A,checkout
109192,A,purchase
109193,A,product_view
109195,A,product_view
109195,A,add_to_cart
109195,A,checkout
109195,A,purchase
109196,A,product_view
109197,B,product_view
109198,B,product_view
109199,A,product_view
109200,B,product_view
109201,A,product_view
109201,A,add_to_cart
109202,A,product_view
109203,A,product_view
109204,A,product_view
109205,B,product_view
109207,B,product_view
109208,A,product_view
109208,A,add_to_cart
109209,A,product_view
109209,A,add_to_cart
109209,A,checkout
109209,A,purchase
109209,A,repeat_purchase
109212,B,product_view
109212,B,add_to_cart
109213,A,product_view
109213,A,add_to_cart
109213,A,checkout
109213,A,purchase
109214,B,click
109214,B,product_view
109215,A,click
109216,A,product_view
109217,A,product_view
109219,A,product_view
109219,A,add_to_cart
109220,B,product_view
109221,B,product_view
109223,A,product_view
109225,B,product_view
109226,B,product_view
109228,B,product_view
109229,B,product_view
109230,B,product_view
109232,A,product_view
109233,B,product_view
109233,B,add_to_cart
109233,B,checkout
109233,B,purchase
109237,A,click
109237,A,product_view
109238,A,click
109240,A,product_view
109240,A,add_to_cart
109240,A,checkout
109240,A,purchase
109242,A,product_view
109244,B,product_view
109245,A,product_view
109246,B,product_view
109246,B,add_to_cart
109246,B,checkout
109246,B,purchase
109247,A,product_view
109248,A,product_view
109249,A,product_view
109251,A,product_view
109252,B,product_view
109253,B,product_view
109254,B,click
109254,B,product_view
109255,B,product_view
109256,A,product_view
109257,B,product_view
109258,B,product_view
109260,B,product_view
109260,B,add_to_cart
109260,B,checkout
109260,B,purchase
109261,B,product_view
109262,B,product_view
109263,A,click
109264,B,click
109264,B,product_view
109264,B,add_to_cart
109266,B,product_view
109268,A,product_view
109269,B,product_view
109270,B,product_view
109271,A,product_view
109273,B,product_view
109274,A,product_view
109274,A,add_to_cart
109275,A,product_view
109276,A,product_view
109277,B,click
109278,B,product_view
109278,B,add_to_cart
109278,B,checkout
109278,B,purchase
109279,B,product_view
109280,B,product_view
109283,A,product_view
109283,A,add_to_cart
109283,A,checkout
109283,A,purchase
109283,A,repeat_purchase
109284,A,click
109284,A,product_view
109287,B,product_view
109288,A,product_view
109289,A,product_view
109290,A,product_view
109291,B,product_view
109293,B,product_view
109295,A,product_view
109295,A,add_to_cart
109295,A,checkout
109296,A,product_view
109297,A,click
109297,A,product_view
109297,A,add_to_cart
109298,A,product_view
109299,A,click
109300,A,product_view
109301,B,product_view
109303,A,product_view
109303,A,add_to_cart
109303,A,checkout
109303,A,purchase
109304,B,product_view
109306,A,product_view
109307,B,click
109307,B,product_view
109307,B,add_to_cart
109307,B,checkout
109308,B,product_view
109309,A,product_view
109309,A,add_to_cart
109309,A,checkout
109309,A,purchase
109309,A,repeat_purchase
109310,A,product_view
109312,A,product_view
109314,B,product_view
109315,B,product_view
109316,B,product_view
109317,B,product_view
109318,A,click
109318,A,product_view
109321,A,product_view
109322,A,product_view
109324,A,product_view
109325,A,click
109325,A,product_view
109326,B,product_view
109326,B,add_to_cart
109327,B,product_view
109328,A,click
109328,A,product_view
109330,B,product_view
109331,A,product_view
109331,A,add_to_cart
109331,A,checkout
109331,A,purchase
109333,A,product_view
109333,A,add_to_cart
109334,B,product_view
109334,B,add_to_cart
109334,B,checkout
109334,B,purchase
109335,A,product_view
109337,A,product_view
109337,A,add_to_cart
109337,A,checkout
109337,A,purchase
109338,A,product_view
109339,A,product_view
109340,A,click
109341,A,click
109342,B,product_view
109342,B,add_to_cart
109342,B,checkout
109342,B,purchase
109342,B,repeat_purchase
109344,B,product_view
109346,A,product_view
109346,A,add_to_cart
109347,B,product_view
109347,B,add_to_cart
109347,B,checkout
109347,B,purchase
109348,B,click
109349,A,product_view
109349,A,add_to_cart
109349,A,checkout
109349,A,purchase
109350,A,click
109350,A,product_view
109351,B,product_view
109352,B,product_view
109353,B,product_view
109353,B,add_to_cart
109353,B,checkout
109353,B,purchase
109354,A,product_view
109355,B,click
109355,B,product_view
109356,A,product_view
109357,B,click
109357,B,product_view
109358,B,click
109358,B,product_view
109360,B,product_view
109361,A,product_view
109362,A,product_view
109363,A,product_view
109364,A,click
109364,A,product_view
109365,A,product_view
109366,B,product_view
109367,A,product_view
109367,A,add_to_cart
109368,A,product_view
109369,B,product_view
109371,A,product_view
109373,A,product_view
109373,A,add_to_cart
109374,B,product_view
109375,A,product_view
109376,B,product_view
109376,B,add_to_cart
109376,B,checkout
109376,B,purchase
109377,A,product_view
109378,B,product_view
109378,B,add_to_cart
109379,B,product_view
109379,B,add_to_cart
109379,B,checkout
109379,B,purchase
109380,B,product_view
109381,A,product_view
109382,B,product_view
109383,A,click
109383,A,product_view
109384,B,product_view
109385,A,product_view
109386,A,click
109386,A,product_view
109387,A,product_view
109388,B,product_view
109390,B,product_view
109391,A,product_view
109392,A,product_view
109393,B,product_view
109394,B,product_view
109395,A,click
109396,B,product_view
109397,B,product_view
109399,A,product_view
109400,A,product_view
109401,A,product_view
109402,A,product_view
109404,A,product_view
109406,B,click
109406,B,product_view
109409,A,click
109411,A,product_view
109412,B,product_view
109413,A,product_view
109413,A,add_to_cart
109414,A,product_view
109415,B,product_view
109415,B,add_to_cart
109415,B,checkout
109416,B,product_view
109417,B,product_view
109417,B,add_to_cart
109417,B,checkout
109417,B,purchase
109418,B,product_view
109418,B,add_to_cart
109418,B,checkout
109420,A,click
109420,A,product_view
109421,B,product_view
109422,A,click
109422,A,product_view
109424,B,product_view
109425,A,product_view
109425,A,add_to_cart
109425,A,checkout
109425,A,purchase
109426,B,product_view
109428,A,product_view
109428,A,add_to_cart
109428,A,checkout
109431,B,product_view
109432,A,product_view
109435,A,product_view
109436,A,product_view
109437,A,product_view
109438,A,product_view
109441,A,product_view
109442,A,product_view
109443,B,product_view
109445,A,product_view
109446,A,product_view
109447,B,product_view
109447,B,add_to_cart
109447,B,checkout
109447,B,purchase
109447,B,repeat_purchase
109448,B,product_view
109449,B,product_view
109452,B,product_view
109452,B,add_to_cart
109453,B,product_view
109454,A,product_view
109455,A,product_view
109455,A,add_to_cart
109456,A,product_view
109457,B,product_view
109458,B,product_view
109460,A,product_view
109462,A,product_view
109463,B,click
109463,B,product_view
109464,B,product_view
109464,B,add_to_cart
109465,A,product_view
109466,A,product_view
109469,A,product_view
109470,B,product_view
109471,A,product_view
109472,A,product_view
109473,B,product_view
109474,B,product_view
109475,B,click
109477,A,product_view
109478,A,product_view
109478,A,add_to_cart
109479,A,product_view
109479,A,add_to_cart
109479,A,checkout
109480,A,product_view
109481,A,product_view
109482,A,product_view
109483,B,product_view
109485,B,product_view
109486,B,product_view
109487,A,product_view
109488,A,product_view
109489,B,product_view
109490,A,click
109490,A,product_view
109491,B,product_view
109492,A,product_view
109493,B,product_view
109493,B,add_to_cart
109493,B,checkout
109493,B,purchase
109494,B,click
109494,B,product_view
109495,A,product_view
109496,A,product_view
109496,A,add_to_cart
109496,A,checkout
109496,A,purchase
109497,B,product_view
109498,A,product_view
109499,B,product_view
109500,A,product_view
109501,A,product_view
109501,A,add_to_cart
109502,B,product_view
109502,B,add_to_cart
109503,A,product_view
109504,B,product_view
109505,A,product_view
109506,B,click
109506,B,product_view
109506,B,add_to_cart
109507,B,click
109507,B,product_view
109508,B,product_view
109510,B,product_view
109511,B,product_view
109512,B,product_view
109513,A,product_view
109513,A,add_to_cart
109514,B,product_view
109516,B,product_view
109517,B,product_view
109518,A,product_view
109518,A,add_to_cart
109518,A,checkout
109518,A,purchase
109519,B,product_view
109520,B,product_view
109521,B,click
109521,B,product_view
109522,B,product_view
109523,A,product_view
109524,A,product_view
109525,A,product_view
109526,A,product_view
109526,A,add_to_cart
109527,A,product_view
109528,A,product_view
109529,A,product_view
109530,A,click
109530,A,product_view
109531,B,product_view
109531,B,add_to_cart
109533,B,product_view
109534,B,click
109534,B,product_view
109535,A,product_view
109536,A,product_view
109537,A,product_view
109538,B,product_view
109539,A,product_view
109540,B,product_view
109541,B,product_view
109542,B,product_view
109544,B,product_view
109544,B,add_to_cart
109545,B,product_view
109545,B,add_to_cart
109545,B,checkout
109545,B,purchase
109546,B,click
109546,B,product_view
109546,B,add_to_cart
109547,A,product_view
109547,A,add_to_cart
109547,A,checkout
109547,A,purchase
109547,A,repeat_purchase
109549,B,click
109549,B,product_view
109549,B,add_to_cart
109551,B,product_view
109552,A,product_view
109554,A,product_view
109557,B,click
109557,B,product_view
109558,A,product_view
109560,B,product_view
109560,B,add_to_cart
109560,B,checkout
109560,B,purchase
109561,B,product_view
109562,B,product_view
109563,A,product_view
109564,A,product_view
109565,B,product_view
109566,B,product_view
109566,B,add_to_cart
109566,B,checkout
109566,B,purchase
109567,B,product_view
109568,B,click
109568,B,product_view
109569,A,product_view
109569,A,add_to_cart
109569,A,checkout
109570,B,click
109570,B,product_view
109570,B,add_to_cart
109570,B,checkout
109570,B,purchase
109571,A,product_view
109572,A,product_view
109573,A,product_view
109574,A,product_view
109575,A,product_view
109575,A,add_to_cart
109576,A,product_view
109577,B,product_view
109577,B,add_to_cart
109577,B,checkout
109577,B,purchase
109579,B,product_view
109580,B,product_view
109582,A,product_view
109584,A,product_view
109584,A,add_to_cart
109584,A,checkout
109585,B,click
109585,B,product_view
109585,B,add_to_cart
109585,B,checkout
109585,B,purchase
109586,B,product_view
109587,B,product_view
109588,A,click
109588,A,product_view
109589,B,product_view
109590,A,product_view
109591,B,product_view
109593,B,product_view
109594,A,click
109595,B,product_view
109596,B,product_view
109597,B,product_view
109598,B,product_view
109600,B,product_view
109601,A,product_view
109602,B,product_view
109603,A,product_view
109604,A,product_view
109605,B,product_view
109606,B,product_view
109607,B,product_view
109608,A,product_view
109609,B,product_view
109610,B,product_view
109611,A,product_view
109611,A,add_to_cart
109611,A,checkout
109612,B,product_view
109613,B,product_view
109614,B,product_view
109615,B,product_view
109616,A,product_view
109617,A,product_view
109618,B,product_view
109618,B,add_to_cart
109619,A,product_view
109620,B,product_view
109621,B,click
109621,B,product_view
109622,A,product_view
109622,A,add_to_cart
109622,A,checkout
109622,A,purchase
109623,B,product_view
109624,B,product_view
109625,B,product_view
109626,A,product_view
109627,B,click
109628,A,product_view
109629,B,product_view
109630,A,product_view
109631,B,product_view
109632,B,product_view
109632,B,add_to_cart
109632,B,checkout
109634,B,product_view
109635,B,product_view
109635,B,add_to_cart
109636,B,product_view
109637,A,product_view
109638,A,product_view
109641,B,product_view
109642,A,product_view
109643,B,product_view
109644,A,product_view
109645,B,click
109645,B,product_view
109646,A,product_view
109648,B,click
109648,B,product_view
109651,B,product_view
109652,A,product_view
109653,A,product_view
109653,A,add_to_cart
109653,A,checkout
109653,A,purchase
109654,B,click
109655,A,product_view
109657,B,product_view
109658,A,click
109658,A,product_view
109658,A,add_to_cart
109660,B,product_view
109661,B,product_view
109662,A,product_view
109663,B,product_view
109664,A,product_view
109665,A,product_view
109666,A,product_view
109666,A,add_to_cart
109667,A,product_view
109667,A,add_to_cart
109668,A,product_view
109669,B,product_view
109670,A,product_view
109670,A,add_to_cart
109670,A,checkout
109672,A,product_view
109674,A,product_view
109675,A,product_view
109676,A,product_view
109677,A,click
109677,A,product_view
109678,A,click
109678,A,product_view
109678,A,add_to_cart
109680,A,product_view
109682,A,click
109682,A,product_view
109683,A,product_view
109684,B,product_view
109684,B,add_to_cart
109684,B,checkout
109685,B,product_view
109685,B,add_to_cart
109686,B,product_view
109689,A,product_view
109690,A,product_view
109691,A,product_view
109692,B,product_view
109693,A,product_view
109694,B,product_view
109696,B,product_view
109697,B,product_view
109699,B,product_view
109700,B,click
109700,B,product_view
109702,B,click
109702,B,product_view
109703,B,product_view
109703,B,add_to_cart
109704,A,product_view
109706,B,product_view
109707,B,product_view
109707,B,add_to_cart
109707,B,checkout
109707,B,purchase
109707,B,repeat_purchase
109708,B,product_view
109709,B,product_view
109710,B,product_view
109711,B,product_view
109713,A,click
109713,A,product_view
109717,B,product_view
109718,A,product_view
109720,B,product_view
109721,A,click
109721,A,product_view
109722,B,product_view
109723,A,product_view
109723,A,add_to_cart
109723,A,checkout
109724,A,product_view
109725,B,product_view
109726,A,product_view
109727,A,product_view
109728,A,product_view
109729,A,click
109730,B,product_view
109730,B,add_to_cart
109731,B,product_view
109731,B,add_to_cart
109731,B,checkout
109732,A,product_view
109734,A,click
109734,A,product_view
109735,A,product_view
109736,A,product_view
109738,A,product_view
109738,A,add_to_cart
109739,B,product_view
109740,A,product_view
109741,A,product_view
109742,A,product_view
109743,B,product_view
109744,B,product_view
109746,A,product_view
109748,A,product_view
109749,A,product_view
109750,B,product_view
109751,A,product_view
109753,B,product_view
109755,B,product_view
109756,B,product_view
109757,B,product_view
109758,A,product_view
109760,B,product_view
109761,B,product_view
109763,B,click
109763,B,product_view
109764,B,product_view
109765,A,product_view
109766,A,product_view
109766,A,add_to_cart
109767,A,product_view
109768,A,product_view
109769,A,product_view
109771,A,product_view
109772,A,product_view
109774,A,click
109774,A,product_view
109775,A,product_view
109776,A,product_view
109777,A,product_view
109779,A,product_view
109780,A,product_view
109781,B,product_view
109781,B,add_to_cart
109782,A,product_view
109784,B,product_view
109785,B,product_view
109785,B,add_to_cart
109786,B,product_view
109787,A,product_view
109788,B,product_view
109789,B,product_view
109790,B,product_view
109790,B,add_to_cart
109790,B,checkout
109790,B,purchase
109790,B,repeat_purchase
109793,B,product_view
109795,A,product_view
109796,B,product_view
109796,B,add_to_cart
109796,B,checkout
109796,B,purchase
109797,A,click
109797,A,product_view
109799,A,product_view
109800,A,product_view
109801,A,product_view
109802,A,product_view
109803,A,product_view
109804,B,click
109804,B,product_view
109806,A,product_view
109807,A,product_view
109809,B,product_view
109810,A,product_view
109811,A,product_view
109812,A,product_view
109813,A,click
109813,A,product_view
109814,B,product_view
109817,B,product_view
109817,B,add_to_cart
109817,B,checkout
109817,B,purchase
109817,B,repeat_purchase
109818,A,product_view
109819,A,product_view
109820,B,product_view
109820,B,add_to_cart
109821,A,product_view
109822,B,click
109822,B,product_view
109823,A,product_view
109824,B,click
109824,B,product_view
109825,B,product_view
109826,B,product_view
109827,A,product_view
109828,A,product_view
109830,A,product_view
109831,B,product_view
109832,B,product_view
109833,A,product_view
109833,A,add_to_cart
109834,A,product_view
109835,A,product_view
109836,A,product_view
109837,A,product_view
109838,B,click
109838,B,product_view
109840,A,product_view
109841,B,product_view
109842,B,product_view
109843,B,product_view
109845,A,product_view
109846,B,product_view
109846,B,add_to_cart
109847,A,product_view
109848,B,product_view
109849,A,product_view
109850,B,click
109850,B,product_view
109851,B,product_view
109852,A,product_view
109853,A,click
109853,A,product_view
109854,B,product_view
109854,B,add_to_cart
109854,B,checkout
109854,B,purchase
109855,A,product_view
109856,A,product_view
109856,A,add_to_cart
109856,A,checkout
109857,B,product_view
109858,A,product_view
109858,A,add_to_cart
109858,A,checkout
109859,B,click
109859,B,product_view
109860,B,product_view
109862,B,product_view
109863,B,product_view
109864,B,product_view
109864,B,add_to_cart
109864,B,checkout
109865,B,product_view
109866,B,product_view
109867,B,product_view
109868,A,click
109868,A,product_view
109871,A,product_view
109872,B,product_view
109873,A,product_view
109875,B,product_view
109876,A,product_view
109876,A,add_to_cart
109877,A,click
109877,A,product_view
109878,B,product_view
109879,B,product_view
109881,A,product_view
109881,A,add_to_cart
109881,A,checkout
109881,A,purchase
109881,A,repeat_purchase
109883,B,click
109883,B,product_view
109884,A,product_view
109885,A,product_view
109886,B,product_view
109887,A,product_view
109887,A,add_to_cart
109888,B,product_view
109889,B,product_view
109891,B,product_view
109892,A,product_view
109893,B,click
109893,B,product_view
109894,B,product_view
109899,B,product_view
109901,B,product_view
109902,A,product_view
109902,A,add_to_cart
109902,A,checkout
109903,B,click
109903,B,product_view
109904,A,click
109904,A,product_view
109905,A,product_view
109905,A,add_to_cart
109906,A,product_view
109907,A,product_view
109909,A,product_view
109910,A,click
109910,A,product_view
109911,B,product_view
109914,A,product_view
109915,A,click
109916,B,product_view
109918,B,product_view
109918,B,add_to_cart
109918,B,checkout
109918,B,purchase
109918,B,repeat_purchase
109919,B,product_view
109920,A,product_view
109920,A,add_to_cart
109921,A,product_view
109922,B,product_view
109923,B,click
109923,B,product_view
109924,A,product_view
109925,A,product_view
109926,A,product_view
109927,A,product_view
109929,A,click
109929,A,product_view
109929,A,add_to_cart
109930,B,product_view
109932,B,product_view
109933,B,product_view
109934,B,product_view
109934,B,add_to_cart
109934,B,checkout
109934,B,purchase
109936,A,product_view
109937,A,product_view
109938,A,product_view
109940,A,product_view
109942,A,product_view
109943,B,product_view
109944,B,product_view
109946,A,product_view
109947,A,product_view
109947,A,add_to_cart
109948,A,product_view
109949,B,product_view
109950,B,product_view
109951,B,product_view
109952,A,product_view
109953,B,product_view
109953,B,add_to_cart
109953,B,checkout
109953,B,purchase
109953,B,repeat_purchase
109954,B,product_view
109954,B,add_to_cart
109955,B,click
109955,B,product_view
109957,A,product_view
109958,A,product_view
109959,A,product_view
109960,B,product_view
109961,A,product_view
109962,A,click
109962,A,product_view
109964,A,product_view
109965,A,product_view
109965,A,add_to_cart
109966,A,product_view
109967,A,click
109967,A,product_view
109968,B,product_view
109970,B,product_view
109971,B,product_view
109971,B,add_to_cart
109971,B,checkout
109971,B,purchase
109972,B,product_view
109973,B,product_view
109974,A,product_view
109975,A,product_view
109975,A,add_to_cart
109977,B,product_view
109978,B,product_view
109979,A,product_view
109979,A,add_to_cart
109980,A,product_view
109985,A,product_view
109986,B,product_view
109987,B,product_view
109988,A,product_view
109989,A,click
109989,A,product_view
109990,B,product_view
109992,A,product_view
109994,B,click
109995,B,click
109996,B,product_view
109997,B,product_view
109998,A,product_view
109999,A,product_view
109999,A,add_to_cart
109999,A,checkout
110000,A,product_view
110001,B,product_view
110001,B,add_to_cart
110001,B,checkout
110001,B,purchase
110001,B,repeat_purchase
110002,B,product_view
110002,B,add_to_cart
110002,B,checkout
110002,B,purchase
110002,B,repeat_purchase
110003,A,click
110003,A,product_view
110005,A,product_view
110005,A,add_to_cart
110007,B,product_view
110008,B,product_view
110009,B,product_view
110010,B,product_view
110011,B,product_view
110011,B,add_to_cart
110012,A,click
110014,B,product_view
110015,B,product_view
110015,B,add_to_cart
110015,B,checkout
110015,B,purchase
110016,A,product_view
110016,A,add_to_cart
110017,B,product_view
110017,B,add_to_cart
110018,B,product_view
110019,A,product_view
110020,A,click
110020,A,product_view
110021,A,product_view
110022,A,product_view
110023,B,product_view
110024,A,product_view
110024,A,add_to_cart
110025,B,product_view
110026,B,product_view
110027,A,product_view
110029,B,product_view
110029,B,add_to_cart
110029,B,checkout
110029,B,purchase
110031,A,product_view
110032,B,product_view
110033,B,product_view
110033,B,add_to_cart
110033,B,checkout
110034,A,product_view
110035,A,product_view
110036,A,product_view
110037,B,product_view
110037,B,add_to_cart
110037,B,checkout
110037,B,purchase
110038,A,product_view
110039,B,product_view
110040,B,product_view
110040,B,add_to_cart
110040,B,checkout
110041,B,product_view
110043,B,product_view
110044,A,product_view
110045,A,product_view
110046,B,product_view
110047,B,product_view
110047,B,add_to_cart
110047,B,checkout
110047,B,purchase
110048,A,product_view
110049,B,click
110051,B,product_view
110053,B,product_view
110055,A,product_view
110057,B,product_view
110058,A,click
110058,A,product_view
110060,B,product_view
110061,A,product_view
110062,B,product_view
110063,A,click
110063,A,product_view
110063,A,add_to_cart
110063,A,checkout
110063,A,purchase
110063,A,repeat_purchase
110064,B,product_view
110065,A,product_view
110066,B,product_view
110068,A,product_view
110070,B,product_view
110071,B,product_view
110072,A,click
110072,A,product_view
110074,B,product_view
110075,A,product_view
110076,B,click
110077,A,product_view
110078,B,product_view
110079,A,product_view
110080,B,product_view
110081,B,product_view
110082,B,product_view
110084,A,product_view
110085,A,product_view
110085,A,add_to_cart
110085,A,checkout
110085,A,purchase
110085,A,repeat_purchase
110086,A,click
110086,A,product_view
110087,B,click
110087,B,product_view
110088,B,product_view
110089,A,product_view
110089,A,add_to_cart
110089,A,checkout
110089,A,purchase
110090,A,product_view
110092,B,click
110092,B,product_view
110092,B,add_to_cart
110092,B,checkout
110092,B,purchase
110094,B,product_view
110095,B,product_view
110096,B,product_view
110097,A,product_view
110098,A,click
110098,A,product_view
110098,A,add_to_cart
110098,A,checkout
110099,B,product_view
110100,A,product_view
110101,A,product_view
110102,A,product_view
110102,A,add_to_cart
110103,A,product_view
110104,A,product_view
110105,A,product_view
110106,A,product_view
110106,A,add_to_cart
110106,A,checkout
110106,A,purchase
110110,B,product_view
110111,A,product_view
110112,B,product_view
110113,B,product_view
110114,B,product_view
110116,B,product_view
110117,A,product_view
110119,B,product_view
110121,B,product_view
110121,B,add_to_cart
110121,B,checkout
110122,A,product_view
110125,B,product_view
110126,B,product_view
110127,B,product_view
110128,A,product_view
110129,A,product_view
110130,B,product_view
110131,B,product_view
110132,B,product_view
110133,A,product_view
110134,A,product_view
110135,B,product_view
110136,B,product_view
110137,A,product_view
110138,B,product_view
110139,B,product_view
110140,A,product_view
110141,A,product_view
110142,A,product_view
110143,B,product_view
110143,B,add_to_cart
110143,B,checkout
110143,B,purchase
110144,B,product_view
110145,B,product_view
110146,B,product_view
110147,A,product_view
110148,B,product_view
110148,B,add_to_cart
110148,B,checkout
110148,B,purchase
110149,A,product_view
110150,B,product_view
110151,B,product_view
110152,A,product_view
110153,B,product_view
110154,B,product_view
110154,B,add_to_cart
110156,B,product_view
110156,B,add_to_cart
110156,B,checkout
110157,A,click
110157,A,product_view
110160,A,product_view
110161,B,product_view
110162,A,product_view
110163,A,product_view
110164,A,click
110165,A,product_view
110167,B,product_view
110167,B,add_to_cart
110167,B,checkout
110167,B,purchase
110168,B,click
110168,B,product_view
110169,B,click
110169,B,product_view
110170,B,product_view
110171,A,product_view
110172,A,product_view
110174,B,product_view
110174,B,add_to_cart
110175,B,product_view
110176,B,product_view
110177,A,product_view
110178,B,product_view
110179,B,product_view
110180,B,product_view
110181,A,click
110182,B,product_view
110182,B,add_to_cart
110182,B,checkout
110182,B,purchase
110184,A,product_view
110185,B,product_view
110186,B,product_view
110188,A,product_view
110189,B,product_view
110190,B,product_view
110192,B,click
110192,B,product_view
110193,B,product_view
110194,A,product_view
110195,A,product_view
110196,A,product_view
110197,A,product_view
110199,A,product_view
110201,B,product_view
110202,A,click
110202,A,product_view
110203,A,product_view
110204,B,click
110204,B,product_view
110204,B,add_to_cart
110205,A,product_view
110206,B,click
110207,A,product_view
110208,A,product_view
110209,A,product_view
110212,A,product_view
110214,A,product_view
110215,A,product_view
110216,B,product_view
110217,B,product_view
110218,B,product_view
110219,A,product_view
110220,A,product_view
110221,B,product_view
110221,B,add_to_cart
110222,A,product_view
110222,A,add_to_cart
110222,A,checkout
110223,A,product_view
110224,B,product_view
110225,B,product_view
110227,B,product_view
110228,A,product_view
110228,A,add_to_cart
110228,A,checkout
110228,A,purchase
110229,B,click
110229,B,product_view
110230,B,product_view
110231,B,product_view
110232,B,click
110232,B,product_view
110233,B,click
110233,B,product_view
110234,A,product_view
110235,A,product_view
110236,B,product_view
110237,B,product_view
110239,A,product_view
110240,B,product_view
110241,B,product_view
110241,B,add_to_cart
110241,B,checkout
110241,B,purchase
110242,B,product_view
110243,A,click
110243,A,product_view
110244,B,product_view
110244,B,add_to_cart
110244,B,checkout
110244,B,purchase
110246,A,product_view
110246,A,add_to_cart
110246,A,checkout
110246,A,purchase
110247,B,product_view
110248,B,product_view
110249,B,click
110249,B,product_view
110250,B,click
110250,B,product_view
110251,B,product_view
110252,B,product_view
110253,B,product_view
110255,A,product_view
110255,A,add_to_cart
110257,B,product_view
110257,B,add_to_cart
110257,B,checkout
110257,B,purchase
110257,B,repeat_purchase
110258,A,click
110258,A,product_view
110259,B,product_view
110260,A,product_view
110261,A,product_view
110264,A,product_view
110265,A,product_view
110266,B,product_view
110268,B,product_view
110269,A,click
110269,A,product_view
110270,B,product_view
110271,B,product_view
110272,B,product_view
110273,B,product_view
110273,B,add_to_cart
110274,B,click
110274,B,product_view
110274,B,add_to_cart
110275,B,product_view
110276,A,product_view
110276,A,add_to_cart
110276,A,checkout
110276,A,purchase
110277,A,product_view
110277,A,add_to_cart
110277,A,checkout
110277,A,purchase
110278,A,product_view
110279,A,product_view
110280,B,product_view
110280,B,add_to_cart
110280,B,checkout
110280,B,purchase
110282,B,product_view
110283,B,click
110283,B,product_view
110284,A,product_view
110286,A,product_view
110287,B,product_view
110288,B,product_view
110289,A,product_view
110289,A,add_to_cart
110289,A,checkout
110289,A,purchase
110289,A,repeat_purchase
110291,A,click
110291,A,product_view
110292,B,click
110292,B,product_view
110293,A,product_view
110296,A,product_view
110296,A,add_to_cart
110297,A,product_view
110297,A,add_to_cart
110297,A,checkout
110298,A,product_view
110298,A,add_to_cart
110299,A,product_view
110300,B,product_view
110300,B,add_to_cart
110301,B,product_view
110302,B,product_view
110303,B,product_view
110303,B,add_to_cart
110304,A,product_view
110305,A,product_view
110307,A,product_view
110307,A,add_to_cart
110307,A,checkout
110307,A,purchase
110308,A,product_view
110309,A,product_view
110310,A,product_view
110311,B,product_view
110311,B,add_to_cart
110311,B,checkout
110312,A,click
110312,A,product_view
110313,B,product_view
110314,A,product_view
110315,B,product_view
110316,B,product_view
110317,A,product_view
110318,B,product_view
110319,A,product_view
110320,A,product_view
110321,B,product_view
110323,A,product_view
110324,A,click
110325,B,click
110325,B,product_view
110326,A,product_view
110327,B,product_view
110328,A,product_view
110330,A,product_view
110331,B,product_view
110335,A,product_view
110336,A,product_view
110337,A,click
110337,A,product_view
110338,B,product_view
110339,A,product_view
110340,B,click
110340,B,product_view
110341,B,product_view
110342,B,product_view
110343,A,product_view
110344,B,product_view
110344,B,add_to_cart
110346,B,product_view
110347,B,product_view
110348,B,product_view
110349,A,click
110349,A,product_view
110350,B,product_view
110352,A,click
110352,A,product_view
110353,B,product_view
110354,B,product_view
110355,A,product_view
110356,A,click
110356,A,product_view
110357,A,click
110357,A,product_view
110357,A,add_to_cart
110357,A,checkout
110357,A,purchase
110358,B,product_view
110359,A,product_view
110360,A,product_view
110361,A,product_view
110362,A,product_view
110363,A,product_view
110364,B,click
110364,B,product_view
110364,B,add_to_cart
110364,B,checkout
110364,B,purchase
110364,B,repeat_purchase
110365,A,click
110365,A,product_view
110366,B,product_view
110367,A,product_view
110368,A,product_view
110368,A,add_to_cart
110368,A,checkout
110368,A,purchase
110370,A,product_view
110370,A,add_to_cart
110370,A,checkout
110370,A,purchase
110371,A,product_view
110372,A,product_view
110372,A,add_to_cart
110372,A,checkout
110372,A,purchase
110372,A,repeat_purchase
110373,B,product_view
110374,B,product_view
110375,B,product_view
110376,A,product_view
110377,A,product_view
110378,B,product_view
110378,B,add_to_cart
110378,B,checkout
110378,B,purchase
110379,A,product_view
110380,A,product_view
110381,A,product_view
110381,A,add_to_cart
110381,A,checkout
110381,A,purchase
110381,A,repeat_purchase
110382,B,product_view
110384,B,product_view
110385,B,click
110385,B,product_view
110387,B,product_view
110388,B,product_view
110389,B,product_view
110389,B,add_to_cart
110389,B,checkout
110389,B,purchase
110390,B,product_view
110391,A,click
110391,A,product_view
110391,A,add_to_cart
110393,B,product_view
110394,A,product_view
110395,B,product_view
110398,B,click
110399,A,product_view
110400,B,product_view
110401,A,product_view
110401,A,add_to_cart
110403,B,product_view
110403,B,add_to_cart
110405,A,product_view
110407,A,product_view
110409,A,product_view
110410,B,click
110410,B,product_view
110411,B,product_view
110413,B,product_view
110413,B,add_to_cart
110414,B,product_view
110414,B,add_to_cart
110417,B,product_view
110418,B,product_view
110419,A,product_view
110420,B,product_view
110420,B,add_to_cart
110420,B,checkout
110420,B,purchase
110421,B,product_view
110423,A,product_view
110424,B,product_view
110424,B,add_to_cart
110424,B,checkout
110424,B,purchase
110425,A,click
110425,A,product_view
110425,A,add_to_cart
110425,A,checkout
110425,A,purchase
110426,A,product_view
110428,B,product_view
110428,B,add_to_cart
110428,B,checkout
110428,B,purchase
110430,B,click
110430,B,product_view
110431,B,click
110431,B,product_view
110432,A,product_view
110432,A,add_to_cart
110432,A,checkout
110433,B,product_view
110434,A,product_view
110436,A,product_view
110437,B,product_view
110438,A,product_view
110439,A,product_view
110440,A,product_view
110440,A,add_to_cart
110440,A,checkout
110440,A,purchase
110441,B,product_view
110442,B,product_view
110443,B,click
110443,B,product_view
110444,B,product_view
110446,A,product_view
110448,B,product_view
110449,B,product_view
110450,A,product_view
110452,B,product_view
110453,A,product_view
110456,B,click
110456,B,product_view
110457,A,product_view
110458,A,product_view
110459,B,product_view
110460,A,product_view
110461,A,product_view
110462,A,product_view
110462,A,add_to_cart
110462,A,checkout
110462,A,purchase
110463,A,click
110463,A,product_view
110464,A,product_view
110465,B,product_view
110467,A,product_view
110467,A,add_to_cart
110469,A,product_view
110469,A,add_to_cart
110469,A,checkout
110469,A,purchase
110469,A,repeat_purchase
110471,B,product_view
110472,B,product_view
110474,B,product_view
110475,B,product_view
110476,A,click
110478,A,click
110478,A,product_view
110480,A,product_view
110481,B,product_view
110482,A,product_view
110483,A,product_view
110484,A,product_view
110485,B,product_view
110486,A,product_view
110487,A,product_view
110488,A,product_view
110488,A,add_to_cart
110488,A,checkout
110488,A,purchase
110488,A,repeat_purchase
110489,A,product_view
110489,A,add_to_cart
110489,A,checkout
110489,A,purchase
110489,A,repeat_purchase
110490,B,product_view
110491,A,click
110491,A,product_view
110492,A,product_view
110493,B,click
110493,B,product_view
110496,A,product_view
110497,B,product_view
110498,A,product_view
110499,B,product_view
110500,B,product_view
110501,A,product_view
110503,A,product_view
110503,A,add_to_cart
110503,A,checkout
110503,A,purchase
110504,A,product_view
110505,B,product_view
110506,A,product_view
110507,B,product_view
110508,B,product_view
110509,B,product_view
110510,B,product_view
110511,A,product_view
110512,B,product_view
110513,B,product_view
110514,B,product_view
110515,A,click
110515,A,product_view
110516,B,product_view
110517,B,product_view
110518,B,product_view
110520,B,product_view
110521,B,product_view
110522,A,product_view
110523,A,product_view
110524,B,product_view
110525,B,product_view
110528,A,product_view
110529,B,product_view
110530,A,product_view
110531,B,product_view
110532,A,product_view
110533,B,click
110533,B,product_view
110534,B,product_view
110535,A,product_view
110536,A,product_view
110537,A,product_view
110538,A,product_view
110539,B,product_view
110540,B,product_view
110540,B,add_to_cart
110541,A,product_view
110542,A,product_view
110543,A,product_view
110544,B,product_view
110545,B,product_view
110547,A,product_view
110548,A,product_view
110549,B,product_view
110550,B,product_view
110551,A,product_view
110553,B,product_view
110554,A,product_view
110555,A,product_view
110556,B,product_view
110556,B,add_to_cart
110557,A,product_view
110557,A,add_to_cart
110557,A,checkout
110557,A,purchase
110558,A,product_view
110559,A,product_view
110561,A,product_view
110561,A,add_to_cart
110561,A,checkout
110561,A,purchase
110566,B,click
110566,B,product_view
110567,A,click
110567,A,product_view
110568,A,product_view
110568,A,add_to_cart
110568,A,checkout
110568,A,purchase
110569,B,product_view
110569,B,add_to_cart
110569,B,checkout
110569,B,purchase
110570,B,product_view
110571,A,product_view
110574,A,product_view
110575,B,product_view
110576,A,product_view
110577,A,product_view
110578,B,click
110578,B,product_view
110579,A,product_view
110580,A,product_view
110580,A,add_to_cart
110580,A,checkout
110580,A,purchase
110581,B,product_view
110582,A,product_view
110583,B,product_view
110584,B,product_view
110586,B,product_view
110588,B,product_view
110589,A,product_view
110590,A,click
110591,A,click
110591,A,product_view
110592,A,product_view
110593,A,product_view
110594,A,product_view
110595,B,product_view
110596,B,product_view
110600,B,product_view
110601,B,product_view
110602,A,product_view
110603,B,product_view
110605,B,product_view
110605,B,add_to_cart
110606,A,product_view
110606,A,add_to_cart
110608,A,product_view
110611,A,product_view
110612,B,click
110612,B,product_view
110613,A,product_view
110614,A,product_view
110616,A,product_view
110617,A,product_view
110618,A,product_view
110620,B,product_view
110620,B,add_to_cart
110620,B,checkout
110621,B,click
110623,B,click
110623,B,product_view
110623,B,add_to_cart
110623,B,checkout
110624,B,product_view
110625,B,product_view
110627,B,product_view
110630,A,product_view
110630,A,add_to_cart
110631,B,product_view
110633,A,product_view
110634,B,product_view
110635,B,product_view
110636,B,product_view
110637,A,click
110637,A,product_view
110639,B,product_view
110641,B,product_view
110641,B,add_to_cart
110641,B,checkout
110643,A,product_view
110644,B,product_view
110645,A,product_view
110647,B,product_view
110648,A,product_view
110649,A,product_view
110650,B,product_view
110651,B,product_view
110652,A,product_view
110653,A,product_view
110654,B,product_view
110655,B,product_view
110656,B,product_view
110656,B,add_to_cart
110656,B,checkout
110656,B,purchase
110656,B,repeat_purchase
110657,A,product_view
110658,B,product_view
110658,B,add_to_cart
110658,B,checkout
110658,B,purchase
110660,B,product_view
110661,B,product_view
110663,A,click
110663,A,product_view
110664,B,product_view
110664,B,add_to_cart
110665,A,product_view
110668,B,product_view
110668,B,add_to_cart
110668,B,checkout
110668,B,purchase
110669,A,product_view
110672,B,product_view
110672,B,add_to_cart
110672,B,checkout
110672,B,purchase
110673,B,product_view
110674,A,product_view
110674,A,add_to_cart
110675,A,product_view
110676,A,product_view
110676,A,add_to_cart
110676,A,checkout
110676,A,purchase
110677,A,click
110677,A,product_view
110678,B,product_view
110679,B,product_view
110681,A,click
110685,A,product_view
110686,B,product_view
110686,B,add_to_cart
110686,B,checkout
110686,B,purchase
110688,B,product_view
110689,A,product_view
110691,A,product_view
110693,A,product_view
110694,A,product_view
110694,A,add_to_cart
110696,B,product_view
110697,B,product_view
110698,B,product_view
110699,A,product_view
110700,A,product_view
110701,B,product_view
110702,A,product_view
110703,A,product_view
110703,A,add_to_cart
110703,A,checkout
110703,A,purchase
110704,A,product_view
110705,B,product_view
110705,B,add_to_cart
110705,B,checkout
110705,B,purchase
110706,A,product_view
110707,A,click
110707,A,product_view
110708,B,product_view
110708,B,add_to_cart
110708,B,checkout
110708,B,purchase
110711,A,click
110712,B,product_view
110713,B,click
110713,B,product_view
110714,B,product_view
110715,B,product_view
110717,A,product_view
110719,B,product_view
110719,B,add_to_cart
110719,B,checkout
110720,B,product_view
110721,A,product_view
110722,B,click
110723,A,product_view
110724,A,product_view
110725,B,product_view
110727,A,product_view
110729,B,product_view
110730,A,product_view
110731,B,product_view
110731,B,add_to_cart
110731,B,checkout
110732,B,product_view
110733,A,product_view
110733,A,add_to_cart
110733,A,checkout
110733,A,purchase
110734,B,product_view
110735,A,product_view
110735,A,add_to_cart
110737,B,product_view
110738,A,product_view
110739,A,product_view
110740,B,product_view
110741,B,product_view
110742,A,product_view
110743,B,click
110745,B,product_view
110747,A,product_view
110748,B,product_view
110749,B,product_view
110751,A,product_view
110753,A,product_view
110754,A,product_view
110756,A,product_view
110757,A,product_view
110759,B,click
110759,B,product_view
110762,B,product_view
110763,B,product_view
110766,A,product_view
110767,B,product_view
110768,B,product_view
110769,B,click
110769,B,product_view
110770,B,product_view
110771,A,product_view
110772,A,product_view
110773,B,product_view
110775,B,product_view
110776,B,product_view
110777,B,product_view
110778,A,product_view
110780,A,product_view
110781,A,click
110781,A,product_view
110783,B,product_view
110784,B,product_view
110786,B,product_view
110787,B,product_view
110788,B,product_view
110789,B,product_view
110789,B,add_to_cart
110790,B,click
110790,B,product_view
110791,B,product_view
110793,B,product_view
110794,A,product_view
110798,B,click
110798,B,product_view
110799,B,product_view
110799,B,add_to_cart
110799,B,checkout
110800,B,click
110800,B,product_view
110800,B,add_to_cart
110801,B,product_view
110802,A,product_view
110803,A,product_view
110804,B,click
110804,B,product_view
110805,A,product_view
110805,A,add_to_cart
110806,B,click
110807,A,click
110807,A,product_view
110808,A,product_view
110809,B,product_view
110809,B,add_to_cart
110809,B,checkout
110809,B,purchase
110810,A,product_view
110811,B,product_view
110812,B,product_view
110812,B,add_to_cart
110812,B,checkout
110813,A,product_view
110814,A,product_view
110815,B,product_view
110816,A,product_view
110817,B,click
110817,B,product_view
110820,A,product_view
110820,A,add_to_cart
110821,A,product_view
110822,B,product_view
110823,B,product_view
110824,A,product_view
110825,A,product_view
110826,A,product_view
110828,A,product_view
110832,B,product_view
110832,B,add_to_cart
110832,B,checkout
110832,B,purchase
110834,B,product_view
110836,B,product_view
110837,B,product_view
110838,A,product_view
110838,A,add_to_cart
110838,A,checkout
110839,A,click
110839,A,product_view
110840,B,product_view
110840,B,add_to_cart
110840,B,checkout
110840,B,purchase
110841,B,product_view
110841,B,add_to_cart
110841,B,checkout
110841,B,purchase
110842,B,product_view
110843,A,product_view
110843,A,add_to_cart
110843,A,checkout
110844,B,product_view
110845,B,product_view
110846,A,product_view
110846,A,add_to_cart
110846,A,checkout
110847,B,product_view
110848,B,product_view
110849,A,product_view
110850,A,product_view
110851,A,product_view
110853,A,product_view
110853,A,add_to_cart
110853,A,checkout
110853,A,purchase
110854,A,product_view
110855,B,product_view
110855,B,add_to_cart
110855,B,checkout
110855,B,purchase
110857,B,product_view
110858,B,product_view
110859,B,product_view
110859,B,add_to_cart
110859,B,checkout
110859,B,purchase
110859,B,repeat_purchase
110860,B,product_view
110861,B,product_view
110864,B,click
110864,B,product_view
110864,B,add_to_cart
110865,B,product_view
110866,A,product_view
110869,A,product_view
110870,B,product_view
110871,A,product_view
110873,A,product_view
110874,B,product_view
110875,A,product_view
110876,B,product_view
110878,A,product_view
110879,A,product_view
110879,A,add_to_cart
110879,A,checkout
110880,B,product_view
110881,B,product_view
110881,B,add_to_cart
110881,B,checkout
110881,B,purchase
110881,B,repeat_purchase
110882,B,product_view
110882,B,add_to_cart
110882,B,checkout
110882,B,purchase
110883,B,click
110884,A,product_view
110885,B,click
110885,B,product_view
110886,A,product_view
110887,B,product_view
110889,A,product_view
110889,A,add_to_cart
110889,A,checkout
110890,B,product_view
110891,A,product_view
110893,A,product_view
110893,A,add_to_cart
110894,A,product_view
110895,B,click
110895,B,product_view
110897,A,product_view
110899,B,product_view
110900,A,product_view
110901,A,product_view
110901,A,add_to_cart
110901,A,checkout
110902,B,product_view
110903,A,product_view
110904,B,product_view
110904,B,add_to_cart
110905,B,product_view
110906,A,product_view
110908,A,click
110908,A,product_view
110909,A,product_view
110910,A,product_view
110911,B,product_view
110912,B,product_view
110913,A,product_view
110915,A,product_view
110916,A,product_view
110916,A,add_to_cart
110916,A,checkout
110916,A,purchase
110917,A,product_view
110917,A,add_to_cart
110917,A,checkout
110918,A,product_view
110919,A,product_view
110919,A,add_to_cart
110919,A,checkout
110920,A,click
110920,A,product_view
110920,A,add_to_cart
110920,A,checkout
110921,A,product_view
110921,A,add_to_cart
110921,A,checkout
110921,A,purchase
110923,A,product_view
110923,A,add_to_cart
110923,A,checkout
110923,A,purchase
110923,A,repeat_purchase
110924,B,product_view
110925,A,product_view
110926,B,product_view
110928,B,product_view
110929,A,product_view
110930,A,product_view
110931,B,product_view
110932,B,product_view
110934,A,product_view
110935,B,product_view
110936,A,click
110936,A,product_view
110937,A,product_view
110937,A,add_to_cart
110938,A,product_view
110939,B,product_view
110940,B,product_view
110941,B,product_view
110943,B,product_view
110943,B,add_to_cart
110943,B,checkout
110943,B,purchase
110944,A,product_view
110945,A,product_view
110946,B,product_view
110947,A,product_view
110948,A,product_view
110949,B,product_view
110950,B,product_view
110951,B,product_view
110953,B,product_view
110954,A,product_view
110954,A,add_to_cart
110954,A,checkout
110954,A,purchase
110955,B,product_view
110956,A,click
110956,A,product_view
110957,A,product_view
110957,A,add_to_cart
110958,A,product_view
110959,B,product_view
110960,B,product_view
110960,B,add_to_cart
110960,B,checkout
110960,B,purchase
110961,B,product_view
110962,B,click
110962,B,product_view
110963,B,product_view
110964,A,product_view
110964,A,add_to_cart
110965,B,product_view
110966,A,product_view
110967,A,product_view
110969,A,product_view
110969,A,add_to_cart
110969,A,checkout
110969,A,purchase
110971,A,click
110971,A,product_view
110972,B,product_view
110973,B,click
110973,B,product_view
110974,B,click
110974,B,product_view
110975,B,click
110975,B,product_view
110975,B,add_to_cart
110975,B,checkout
110975,B,purchase
110976,B,product_view
110976,B,add_to_cart
110980,A,product_view
110981,A,product_view
110981,A,add_to_cart
110981,A,checkout
110983,B,product_view
110984,A,product_view
110985,B,product_view
110986,B,product_view
110987,A,product_view
110988,B,product_view
110989,A,product_view
110989,A,add_to_cart
110989,A,checkout
110989,A,purchase
110990,B,product_view
110991,B,product_view
110992,A,product_view
110993,B,product_view
110993,B,add_to_cart
110993,B,checkout
110993,B,purchase
110995,B,product_view
110995,B,add_to_cart
110996,B,product_view
110997,B,product_view
110999,A,product_view
111000,A,product_view
111001,A,product_view
111003,B,product_view
111004,B,product_view
111005,A,product_view
111006,B,product_view
111007,B,product_view
111008,A,product_view
111009,B,product_view
111010,B,product_view
111011,A,product_view
111012,B,product_view
111013,B,product_view
111015,A,product_view
111016,B,product_view
111017,A,product_view
111018,A,product_view
111019,A,product_view
111020,B,product_view
111021,A,product_view
111022,A,product_view
111022,A,add_to_cart
111022,A,checkout
111023,A,product_view
111025,B,product_view
111027,A,product_view
111028,A,product_view
111029,A,product_view
111030,B,product_view
111031,B,product_view
111031,B,add_to_cart
111032,A,product_view
111032,A,add_to_cart
111033,B,product_view
111034,A,product_view
111035,A,product_view
111036,B,product_view
111037,A,product_view
111038,B,product_view
111039,A,product_view
111040,A,product_view
111042,B,product_view
111043,A,product_view
111044,A,product_view
111045,A,click
111045,A,product_view
111046,A,product_view
111047,A,click
111047,A,product_view
111048,B,click
111049,B,click
111049,B,product_view
111050,A,product_view
111050,A,add_to_cart
111050,A,checkout
111050,A,purchase
111051,A,product_view
111052,B,product_view
111054,A,product_view
111056,B,product_view
111057,B,product_view
111057,B,add_to_cart
111058,B,product_view
111058,B,add_to_cart
111058,B,checkout
111059,A,product_view
111060,A,product_view
111061,A,product_view
111062,B,product_view
111063,B,product_view
111064,B,product_view
111065,A,product_view
111066,B,product_view
111066,B,add_to_cart
111067,A,product_view
111068,B,product_view
111069,B,product_view
111070,B,product_view
111071,A,product_view
111073,B,product_view
111074,B,product_view
111075,A,product_view
111076,B,product_view
111076,B,add_to_cart
111076,B,checkout
111076,B,purchase
111077,A,product_view
111077,A,add_to_cart
111077,A,checkout
111077,A,purchase
111078,B,product_view
111078,B,add_to_cart
111078,B,checkout
111079,A,product_view
111082,B,product_view
111082,B,add_to_cart
111082,B,checkout
111083,A,product_view
111084,B,click
111085,B,click
111085,B,product_view
111086,B,click
111086,B,product_view
111088,B,product_view
111088,B,add_to_cart
111089,A,product_view
111091,A,product_view
111093,B,product_view
111094,A,product_view
111096,A,product_view
111096,A,add_to_cart
111096,A,checkout
111096,A,purchase
111096,A,repeat_purchase
111098,A,product_view
111099,B,product_view
111100,A,product_view
111101,A,product_view
111104,B,product_view
111106,B,product_view
111106,B,add_to_cart
111106,B,checkout
111108,B,product_view
111109,A,product_view
111110,A,product_view
111111,A,product_view
111111,A,add_to_cart
111111,A,checkout
111111,A,purchase
111113,A,product_view
111115,A,product_view
111115,A,add_to_cart
111116,A,click
111116,A,product_view
111116,A,add_to_cart
111117,B,product_view
111117,B,add_to_cart
111118,A,product_view
111120,B,product_view
111121,B,product_view
111121,B,add_to_cart
111121,B,checkout
111121,B,purchase
111122,A,product_view
111126,A,product_view
111128,A,product_view
111130,A,product_view
111131,A,product_view
111132,A,product_view
111133,B,product_view
111134,A,click
111134,A,product_view
111134,A,add_to_cart
111135,B,product_view
111135,B,add_to_cart
111135,B,checkout
111135,B,purchase
111136,A,product_view
111138,B,product_view
111139,A,product_view
111140,B,product_view
111141,A,product_view
111142,B,product_view
111143,B,product_view
111144,B,product_view
111145,A,product_view
111146,A,product_view
111147,A,product_view
111148,A,product_view
111149,B,product_view
111150,B,product_view
111151,B,product_view
111152,A,product_view
111154,A,product_view
111155,A,product_view
111156,B,click
111157,A,click
111157,A,product_view
111158,A,product_view
111159,B,product_view
111160,A,click
111160,A,product_view
111161,A,product_view
111162,A,product_view
111164,B,product_view
111165,A,product_view
111167,A,product_view
111167,A,add_to_cart
111168,B,product_view
111170,A,product_view
111171,B,product_view
111171,B,add_to_cart
111171,B,checkout
111171,B,purchase
111171,B,repeat_purchase
111172,B,product_view
111173,A,product_view
111175,A,product_view
111177,B,product_view
111179,B,product_view
111180,A,click
111181,A,product_view
111184,A,click
111184,A,product_view
111185,A,product_view
111186,A,product_view
111187,A,product_view
111188,B,product_view
111189,A,product_view
111192,B,product_view
111193,A,product_view
111193,A,add_to_cart
111193,A,checkout
111193,A,purchase
111194,B,product_view
111195,B,product_view
111197,B,product_view
111198,A,product_view
111199,B,product_view
111200,A,product_view
111202,A,product_view
111203,A,product_view
111203,A,add_to_cart
111203,A,checkout
111204,B,product_view
111204,B,add_to_cart
111204,B,checkout
111205,B,product_view
111206,B,click
111206,B,product_view
111207,B,product_view
111208,A,product_view
111209,B,product_view
111212,A,click
111212,A,product_view
111213,A,product_view
111213,A,add_to_cart
111213,A,checkout
111213,A,purchase
111214,A,click
111215,A,product_view
111217,B,product_view
111218,A,product_view
111219,B,click
111219,B,product_view
111221,A,product_view
111222,B,product_view
111225,A,product_view
111226,A,product_view
111227,B,click
111227,B,product_view
111228,B,product_view
111229,A,product_view
111230,B,product_view
111230,B,add_to_cart
111230,B,checkout
111230,B,purchase
111232,B,click
111234,B,product_view
111234,B,add_to_cart
111234,B,checkout
111234,B,purchase
111234,B,repeat_purchase
111235,A,product_view
111235,A,add_to_cart
111235,A,checkout
111235,A,purchase
111236,B,click
111236,B,product_view
111237,A,product_view
111238,A,product_view
111239,A,product_view
111240,A,product_view
111241,B,product_view
111242,A,product_view
111243,B,product_view
111244,B,product_view
111245,B,product_view
111246,B,product_view
111247,A,click
111247,A,product_view
111247,A,add_to_cart
111248,B,product_view
111249,B,product_view
111250,A,product_view
111251,B,product_view
111252,B,product_view
111253,A,click
111253,A,product_view
111254,A,product_view
111257,B,product_view
111259,A,product_view
111260,B,product_view
111261,A,product_view
111261,A,add_to_cart
111261,A,checkout
111261,A,purchase
111263,B,product_view
111264,B,product_view
111265,B,product_view
111266,A,product_view
111266,A,add_to_cart
111267,A,product_view
111268,B,product_view
111270,A,product_view
111271,B,product_view
111273,A,product_view
111274,A,product_view
111275,A,product_view
111275,A,add_to_cart
111275,A,checkout
111275,A,purchase
111276,B,product_view
111277,A,product_view
111278,B,product_view
111279,B,product_view
111280,B,product_view
111283,A,product_view
111284,A,product_view
111286,A,product_view
111286,A,add_to_cart
111286,A,checkout
111286,A,purchase
111286,A,repeat_purchase
111287,A,product_view
111288,A,product_view
111289,A,product_view
111290,A,product_view
111291,A,product_view
111291,A,add_to_cart
111291,A,checkout
111291,A,purchase
111292,B,product_view
111293,B,product_view
111294,B,product_view
111295,A,product_view
111296,B,product_view
111297,A,product_view
111298,B,product_view
111299,B,product_view
111300,A,product_view
111302,B,product_view
111304,A,product_view
111305,A,product_view
111306,B,product_view
111308,B,product_view
111308,B,add_to_cart
111308,B,checkout
111308,B,purchase
111309,B,product_view
111309,B,add_to_cart
111310,A,click
111310,A,product_view
111311,B,click
111311,B,product_view
111312,A,product_view
111312,A,add_to_cart
111312,A,checkout
111314,B,product_view
111316,B,product_view
111316,B,add_to_cart
111319,A,product_view
111322,A,product_view
111322,A,add_to_cart
111323,A,product_view
111324,A,click
111324,A,product_view
111325,B,product_view
111326,A,product_view
111326,A,add_to_cart
111326,A,checkout
111326,A,purchase
111327,A,product_view
111328,A,product_view
111329,A,product_view
111330,A,product_view
111331,B,product_view
111333,B,click
111333,B,product_view
111334,B,product_view
111334,B,add_to_cart
111334,B,checkout
111334,B,purchase
111335,B,product_view
111337,A,product_view
111338,B,click
111338,B,product_view
111338,B,add_to_cart
111339,A,product_view
111340,A,product_view
111341,B,product_view
111342,B,product_view
111343,B,click
111343,B,product_view
111343,B,add_to_cart
111343,B,checkout
111343,B,purchase
111343,B,repeat_purchase
111344,A,click
111344,A,product_view
111346,B,product_view
111348,A,click
111348,A,product_view
111349,A,product_view
111350,B,click
111350,B,product_view
111350,B,add_to_cart
111350,B,checkout
111350,B,purchase
111351,B,product_view
111352,B,click
111352,B,product_view
111353,A,product_view
111354,B,product_view
111355,B,product_view
111356,A,product_view
111358,B,product_view
111358,B,add_to_cart
111358,B,checkout
111358,B,purchase
111359,A,product_view
111359,A,add_to_cart
111359,A,checkout
111359,A,purchase
111359,A,repeat_purchase
111360,A,click
111360,A,product_view
111361,A,product_view
111361,A,add_to_cart
111361,A,checkout
111361,A,purchase
111361,A,repeat_purchase
111363,B,product_view
111365,B,product_view
111366,B,click
111366,B,product_view
111367,B,product_view
111367,B,add_to_cart
111368,A,product_view
111369,B,product_view
111370,B,product_view
111372,A,product_view
111373,A,click
111373,A,product_view
111373,A,add_to_cart
111373,A,checkout
111373,A,purchase
111374,B,product_view
111375,B,product_view
111376,B,product_view
111377,B,product_view
111378,B,product_view
111379,A,click
111379,A,product_view
111380,A,product_view
111382,A,product_view
111384,B,click
111384,B,product_view
111385,B,product_view
111387,B,product_view
111388,B,product_view
111389,B,click
111389,B,product_view
111390,B,product_view
111391,B,product_view
111391,B,add_to_cart
111391,B,checkout
111392,A,product_view
111394,B,product_view
111394,B,add_to_cart
111395,A,product_view
111396,B,product_view
111397,A,product_view
111398,B,product_view
111399,B,product_view
111400,A,product_view
111401,B,product_view
111402,B,product_view
111403,B,product_view
111403,B,add_to_cart
111403,B,checkout
111403,B,purchase
111403,B,repeat_purchase
111405,B,product_view
111406,A,product_view
111407,B,product_view
111408,A,product_view
111409,A,product_view
111411,A,product_view
111412,A,click
111412,A,product_view
111415,B,product_view
111416,A,click
111417,B,product_view
111417,B,add_to_cart
111418,B,click
111418,B,product_view
111418,B,add_to_cart
111419,A,product_view
111421,A,product_view
111422,A,product_view
111423,B,product_view
111424,A,product_view
111425,A,product_view
111426,A,product_view
111427,B,product_view
111428,B,product_view
111429,A,product_view
111430,B,product_view
111431,A,product_view
111433,B,product_view
111434,A,click
111434,A,product_view
111435,A,product_view
111437,B,product_view
111438,B,click
111439,B,click
111439,B,product_view
111439,B,add_to_cart
111439,B,checkout
111439,B,purchase
111440,B,product_view
111441,B,product_view
111442,B,product_view
111445,B,product_view
111447,A,product_view
111448,A,product_view
111449,A,product_view
111450,A,product_view
111451,A,product_view
111452,A,product_view
111453,B,product_view
111454,A,product_view
111454,A,add_to_cart
111454,A,checkout
111454,A,purchase
111455,B,product_view
111456,A,product_view
111456,A,add_to_cart
111456,A,checkout
111456,A,purchase
111457,B,product_view
111458,B,product_view
111459,B,product_view
111460,A,product_view
111461,B,product_view
111462,A,product_view
111463,B,click
111465,B,product_view
111468,A,product_view
111469,A,product_view
111470,B,product_view
111472,B,product_view
111473,A,product_view
111475,B,product_view
111476,B,product_view
111478,B,click
111478,B,product_view
111481,B,product_view
111482,A,product_view
111483,B,product_view
111487,A,product_view
111489,A,product_view
111489,A,add_to_cart
111489,A,checkout
111489,A,purchase
111490,B,click
111490,B,product_view
111490,B,add_to_cart
111490,B,checkout
111491,B,product_view
111491,B,add_to_cart
111493,B,product_view
111494,B,product_view
111494,B,add_to_cart
111495,A,product_view
111496,B,product_view
111497,B,product_view
111500,A,product_view
111500,A,add_to_cart
111502,A,product_view
111503,A,product_view
111504,A,product_view
111504,A,add_to_cart
111504,A,checkout
111505,B,product_view
111506,B,product_view
111507,A,product_view
111508,B,product_view
111508,B,add_to_cart
111508,B,checkout
111509,B,product_view
111510,B,product_view
111511,B,click
111511,B,product_view
111511,B,add_to_cart
111511,B,checkout
111511,B,purchase
111513,A,product_view
111514,B,product_view
111515,B,product_view
111516,B,product_view
111517,A,product_view
111518,A,product_view
111519,B,product_view
111521,B,product_view
111522,A,click
111522,A,product_view
111523,B,product_view
111525,A,product_view
111527,A,click
111527,A,product_view
111528,A,click
111528,A,product_view
111528,A,add_to_cart
111529,B,product_view
111529,B,add_to_cart
111529,B,checkout
111529,B,purchase
111530,A,product_view
111530,A,add_to_cart
111531,A,product_view
111532,A,product_view
111533,B,product_view
111534,A,product_view
111535,B,click
111535,B,product_view
111536,A,product_view
111537,B,product_view
111538,B,product_view
111539,B,product_view
111541,B,product_view
111542,A,click
111542,A,product_view
111543,B,product_view
111544,A,product_view
111545,B,product_view
111546,A,product_view
111546,A,add_to_cart
111546,A,checkout
111546,A,purchase
111548,B,product_view
111549,B,product_view
111549,B,add_to_cart
111549,B,checkout
111550,B,product_view
111552,A,product_view
111552,A,add_to_cart
111552,A,checkout
111553,A,product_view
111554,B,product_view
111555,B,product_view
111555,B,add_to_cart
111556,B,product_view
111556,B,add_to_cart
111556,B,checkout
111557,A,product_view
111560,B,product_view
111560,B,add_to_cart
111560,B,checkout
111560,B,purchase
111562,B,product_view
111562,B,add_to_cart
111562,B,checkout
111562,B,purchase
111563,B,product_view
111563,B,add_to_cart
111565,A,product_view
111566,B,product_view
111567,A,product_view
111568,A,product_view
111570,A,product_view
111571,B,product_view
111572,B,product_view
111573,B,product_view
111573,B,add_to_cart
111573,B,checkout
111573,B,purchase
111574,A,product_view
111576,A,product_view
111578,A,product_view
111578,A,add_to_cart
111578,A,checkout
111579,A,product_view
111580,A,click
111580,A,product_view
111581,A,product_view
111583,A,click
111583,A,product_view
111584,B,product_view
111584,B,add_to_cart
111584,B,checkout
111584,B,purchase
111587,A,product_view
111587,A,add_to_cart
111587,A,checkout
111587,A,purchase
111588,A,product_view
111588,A,add_to_cart
111589,B,product_view
111591,A,product_view
111591,A,add_to_cart
111591,A,checkout
111591,A,purchase
111592,B,product_view
111593,B,product_view
111594,A,product_view
111595,B,product_view
111596,B,product_view
111597,B,product_view
111598,B,product_view
111599,B,product_view
111600,B,click
111600,B,product_view
111600,B,add_to_cart
111601,B,click
111601,B,product_view
111602,B,click
111602,B,product_view
111602,B,add_to_cart
111602,B,checkout
111602,B,purchase
111604,A,product_view
111607,A,product_view
111607,A,add_to_cart
111609,B,product_view
111610,B,product_view
111612,A,product_view
111613,A,product_view
111614,A,product_view
111615,A,product_view
111615,A,add_to_cart
111615,A,checkout
111616,A,product_view
111617,A,product_view
111619,B,product_view
111619,B,add_to_cart
111619,B,checkout
111619,B,purchase
111619,B,repeat_purchase
111621,A,product_view
111622,A,product_view
111624,B,click
111624,B,product_view
111625,A,product_view
111627,B,product_view
111628,B,product_view
111628,B,add_to_cart
111628,B,checkout
111628,B,purchase
111630,B,product_view
111630,B,add_to_cart
111631,A,product_view
111632,A,product_view
111633,B,product_view
111634,B,product_view
111635,A,product_view
111635,A,add_to_cart
111635,A,checkout
111635,A,purchase
111636,B,product_view
111636,B,add_to_cart
111636,B,checkout
111636,B,purchase
111638,B,product_view
111639,A,product_view
111639,A,add_to_cart
111640,B,product_view
111640,B,add_to_cart
111640,B,checkout
111640,B,purchase
111641,B,product_view
111642,B,product_view
111643,A,product_view
111645,B,click
111645,B,product_view
111648,A,click
111648,A,product_view
111649,A,product_view
111650,B,product_view
111650,B,add_to_cart
111650,B,checkout
111650,B,purchase
111651,A,product_view
111653,B,product_view
111654,A,product_view
111657,A,product_view
111659,B,product_view
111660,B,product_view
111661,B,product_view
111662,B,product_view
111663,B,click
111663,B,product_view
111664,A,product_view
111665,A,product_view
111667,A,product_view
111668,B,click
111668,B,product_view
111669,B,product_view
111670,B,product_view
111671,A,product_view
111672,A,product_view
111672,A,add_to_cart
111672,A,checkout
111672,A,purchase
111672,A,repeat_purchase
111673,A,product_view
111675,B,product_view
111676,B,product_view
111679,A,product_view
111681,B,product_view
111682,B,product_view
111683,B,product_view
111684,B,product_view
111686,B,product_view
111686,B,add_to_cart
111689,B,product_view
111690,B,product_view
111691,B,product_view
111693,A,product_view
111695,A,product_view
111696,A,product_view
111698,A,product_view
111699,B,product_view
111699,B,add_to_cart
111700,B,product_view
111703,A,product_view
111703,A,add_to_cart
111703,A,checkout
111704,A,product_view
111705,B,product_view
111705,B,add_to_cart
111705,B,checkout
111706,A,product_view
111706,A,add_to_cart
111707,A,click
111707,A,product_view
111707,A,add_to_cart
111707,A,checkout
111707,A,purchase
111708,B,click
111708,B,product_view
111708,B,add_to_cart
111708,B,checkout
111710,A,click
111710,A,product_view
111710,A,add_to_cart
111710,A,checkout
111710,A,purchase
111710,A,repeat_purchase
111712,B,product_view
111713,B,product_view
111713,B,add_to_cart
111713,B,checkout
111713,B,purchase
111713,B,repeat_purchase
111714,A,product_view
111715,A,product_view
111716,A,product_view
111718,B,click
111718,B,product_view
111719,B,click
111719,B,product_view
111721,A,product_view
111722,B,product_view
111723,A,product_view
111724,A,click
111724,A,product_view
111725,A,product_view
111726,A,product_view
111727,A,product_view
111728,A,product_view
111728,A,add_to_cart
111729,A,click
111730,B,click
111730,B,product_view
111731,B,product_view
111733,A,product_view
111734,A,click
111735,B,click
111736,B,product_view
111738,B,product_view
111739,B,click
111739,B,product_view
111739,B,add_to_cart
111739,B,checkout
111739,B,purchase
111739,B,repeat_purchase
111740,B,product_view
111741,B,product_view
111741,B,add_to_cart
111742,B,product_view
111743,B,product_view
111744,B,click
111744,B,product_view
111748,A,product_view
111749,A,product_view
111750,B,product_view
111751,A,product_view
111752,A,click
111752,A,product_view
111752,A,add_to_cart
111753,A,product_view
111755,A,product_view
111756,B,click
111758,A,product_view
111758,A,add_to_cart
111759,A,product_view
111760,B,product_view
111762,A,product_view
111763,A,product_view
111765,B,product_view
111766,A,product_view
111767,A,product_view
111768,A,product_view
111770,B,product_view
111771,B,product_view
111772,A,product_view
111773,A,product_view
111774,A,product_view
111776,A,product_view
111777,A,product_view
111780,B,product_view
111782,A,product_view
111783,B,product_view
111784,B,product_view
111785,A,product_view
111785,A,add_to_cart
111785,A,checkout
111785,A,purchase
111785,A,repeat_purchase
111786,B,product_view
111786,B,add_to_cart
111786,B,checkout
111788,A,product_view
111789,B,product_view
111789,B,add_to_cart
111791,A,product_view
111792,B,click
111792,B,product_view
111792,B,add_to_cart
111793,B,product_view
111794,A,product_view
111795,A,product_view
111795,A,add_to_cart
111796,A,product_view
111797,B,product_view
111798,A,product_view
111799,B,product_view
111800,A,product_view
111801,A,click
111801,A,product_view
111802,A,product_view
111802,A,add_to_cart
111804,B,product_view
111805,A,product_view
111806,B,click
111806,B,product_view
111807,B,product_view
111807,B,add_to_cart
111807,B,checkout
111807,B,purchase
111808,A,click
111808,A,product_view
111809,A,click
111809,A,product_view
111810,B,click
111811,B,product_view
111812,B,product_view
111812,B,add_to_cart
111812,B,checkout
111812,B,purchase
111813,B,product_view
111814,B,product_view
111815,B,click
111815,B,product_view
111816,B,product_view
111817,B,product_view
111818,A,product_view
111818,A,add_to_cart
111818,A,checkout
111818,A,purchase
111819,B,product_view
111820,B,product_view
111823,A,product_view
111826,B,product_view
111826,B,add_to_cart
111827,B,product_view
111828,B,product_view
111829,B,product_view
111829,B,add_to_cart
111830,B,click
111831,A,product_view
111832,A,product_view
111833,B,product_view
111834,B,product_view
111835,B,click
111835,B,product_view
111835,B,add_to_cart
111836,A,click
111836,A,product_view
111837,A,click
111837,A,product_view
111837,A,add_to_cart
111837,A,checkout
111837,A,purchase
111838,B,product_view
111838,B,add_to_cart
111838,B,checkout
111839,B,product_view
111839,B,add_to_cart
111839,B,checkout
111840,B,product_view
111841,B,product_view
111842,B,product_view
111843,B,product_view
111844,A,product_view
111845,A,product_view
111845,A,add_to_cart
111845,A,checkout
111845,A,purchase
111846,B,product_view
111847,B,product_view
111848,A,product_view
111849,B,product_view
111849,B,add_to_cart
111850,A,product_view
111850,A,add_to_cart
111850,A,checkout
111850,A,purchase
111851,B,product_view
111852,A,product_view
111853,B,product_view
111855,B,product_view
111856,A,product_view
111858,A,product_view
111860,B,product_view
111861,B,product_view
111863,B,product_view
111865,B,product_view
111866,A,product_view
111866,A,add_to_cart
111866,A,checkout
111866,A,purchase
111867,A,product_view
111868,B,product_view
111869,A,product_view
111871,A,product_view
111873,A,product_view
111873,A,add_to_cart
111873,A,checkout
111873,A,purchase
111874,A,product_view
111875,A,product_view
111876,B,product_view
111877,B,product_view
111880,B,product_view
111881,A,product_view
111882,A,product_view
111883,A,product_view
111884,B,product_view
111884,B,add_to_cart
111884,B,checkout
111884,B,purchase
111885,B,product_view
111886,B,product_view
111886,B,add_to_cart
111886,B,checkout
111886,B,purchase
111886,B,repeat_purchase
111887,B,product_view
111889,B,product_view
111891,B,product_view
111892,B,product_view
111893,B,product_view
111895,A,product_view
111895,A,add_to_cart
111895,A,checkout
111895,A,purchase
111896,B,product_view
111897,A,click
111897,A,product_view
111898,B,product_view
111899,B,product_view
111900,A,product_view
111901,A,click
111903,A,product_view
111904,B,click
111904,B,product_view
111904,B,add_to_cart
111904,B,checkout
111905,B,product_view
111905,B,add_to_cart
111906,B,product_view
111908,B,product_view
111909,B,product_view
111910,A,product_view
111911,B,product_view
111912,A,product_view
111914,A,product_view
111915,A,product_view
111916,A,product_view
111916,A,add_to_cart
111916,A,checkout
111916,A,purchase
111917,B,product_view
111918,A,product_view
111919,B,product_view
111920,B,click
111920,B,product_view
111921,A,product_view
111922,A,product_view
111923,B,click
111923,B,product_view
111924,A,product_view
111925,B,click
111929,B,product_view
111929,B,add_to_cart
111930,B,product_view
111931,B,product_view
111932,A,click
111932,A,product_view
111934,A,product_view
111935,B,product_view
111935,B,add_to_cart
111936,B,product_view
111937,A,click
111938,A,product_view
111938,A,add_to_cart
111938,A,checkout
111938,A,purchase
111939,B,product_view
111939,B,add_to_cart
111939,B,checkout
111939,B,purchase
111940,A,product_view
111941,B,product_view
111942,B,product_view
111943,A,product_view
111944,B,product_view
111945,A,product_view
111945,A,add_to_cart
111945,A,checkout
111945,A,purchase
111945,A,repeat_purchase
111946,B,product_view
111948,B,click
111948,B,product_view
111949,B,product_view
111950,A,product_view
111952,A,product_view
111953,A,product_view
111953,A,add_to_cart
111953,A,checkout
111953,A,purchase
111955,A,product_view
111956,A,product_view
111957,A,click
111957,A,product_view
111958,A,product_view
111959,A,click
111960,B,product_view
111963,A,product_view
111964,B,product_view
111965,A,product_view
111967,B,click
111967,B,product_view
111967,B,add_to_cart
111967,B,checkout
111968,A,product_view
111970,B,product_view
111972,A,product_view
111973,B,product_view
111973,B,add_to_cart
111973,B,checkout
111973,B,purchase
111974,A,product_view
111975,A,product_view
111976,A,click
111976,A,product_view
111977,A,product_view
111978,B,product_view
111980,B,product_view
111981,B,product_view
111982,A,product_view
111983,A,product_view
111984,B,product_view
111985,A,product_view
111986,A,product_view
111987,A,product_view
111988,A,product_view
111990,A,product_view
111992,B,product_view
111995,A,product_view
111996,A,click
111996,A,product_view
111997,A,product_view
111998,A,product_view
111999,A,product_view
112000,B,product_view
