user_id,variant,device,channel,customer_segment,ctr,product_view,add_to_cart,checkout,purchase,repeat_purchase,engaged,order_value,repeat_order_value,total_revenue
100001,A,Mobile,Organic,New,0,1,0,0,0,0,0,0.0,0.0,0.0
100002,B,Mobile,Direct,Returning,0,1,0,0,0,0,1,0.0,0.0,0.0
100003,A,Desktop,Email,New,0,1,1,1,1,0,0,2903.4657364582054,0.0,2903.4657364582054
100004,A,Desktop,Organic,New,0,1,1,0,0,0,0,0.0,0.0,0.0
100005,A,Mobile,Social,New,0,1,1,0,0,0,1,0.0,0.0,0.0
100006,A,Mobile,Email,Returning,1,1,0,0,0,0,0,0.0,0.0,0.0
100007,B,Mobile,Social,New,0,1,1,1,1,0,0,3526.3710493572353,0.0,3526.3710493572353
100008,B,Desktop,Email,New,1,0,0,0,0,0,0,0.0,0.0,0.0
100009,A,Desktop,Direct,New,0,1,0,0,0,0,0,0.0,0.0,0.0
100010,A,Mobile,Email,Returning,0,1,0,0,0,0,0,0.0,0.0,0.0
100011,A,Desktop,Organic,Returning,0,1,0,0,0,0,1,0.0,0.0,0.0
100012,B,Mobile,Paid Search,New,0,1,0,0,0,0,0,0.0,0.0,0.0
100013,B,Mobile,Social,New,0,1,1,1,1,0,0,2245.4877535791966,0.0,2245.4877535791966
100014,A,Mobile,Direct,New,0,0,0,0,0,0,0,0.0,0.0,0.0
100015,B,Mobile,Paid Search,New,0,1,0,0,0,0,0,0.0,0.0,0.0
100016,A,Mobile,Direct,Returning,0,1,0,0,0,0,0,0.0,0.0,0.0
100017,B,Mobile,Organic,New,0,1,0,0,0,0,1,0.0,0.0,0.0
100018,B,Mobile,Paid Search,Returning,0,1,0,0,0,0,1,0.0,0.0,0.0
100019,A,Mobile,Organic,New,0,1,0,0,0,0,1,0.0,0.0,0.0
100020,B,Mobile,Social,New,0,1,1,0,0,0,0,0.0,0.0,0.0
100021,A,Mobile,Email,New,0,1,1,1,0,0,0,0.0,0.0,0.0
100022,B,Mobile,Organic,New,0,1,0,0,0,0,0,0.0,0.0,0.0
100023,B,Mobile,Social,Returning,0,1,0,0,0,0,0,0.0,0.0,0.0
100024,B,Mobile,Social,New,0,1,0,0,0,0,1,0.0,0.0,0.0
100025,B,Desktop,Direct,New,0,1,1,1,1,1,0,2807.2377383562584,3334.217312068985,6141.455050425244
100026,B,Mobile,Organic,New,0,1,0,0,0,0,0,0.0,0.0,0.0
100027,A,Desktop,Social,Returning,0,0,0,0,0,0,0,0.0,0.0,0.0
100028,A,Desktop,Social,Returning,1,0,0,0,0,0,1,0.0,0.0,0.0
100029,A,Desktop,Paid Search,New,0,1,1,0,0,0,1,0.0,0.0,0.0
100030,B,Mobile,Organic,New,0,1,0,0,0,0,0,0.0,0.0,0.0
100031,A,Mobile,Organic,New,0,1,1,1,1,0,1,2436.018978418935,0.0,2436.018978418935
100032,B,Mobile,Email,New,0,0,0,0,0,0,0,0.0,0.0,0.0
100033,B,Mobile,Organic,New,0,1,0,0,0,0,0,0.0,0.0,0.0
100034,A,Mobile,Organic,New,0,1,0,0,0,0,0,0.0,0.0,0.0
100035,A,Desktop,Social,New,0,1,0,0,0,0,0,0.0,0.0,0.0
100036,A,Mobile,Social,Returning,0,1,0,0,0,0,1,0.0,0.0,0.0
100037,A,Mobile,Organic,New,0,1,0,0,0,0,1,0.0,0.0,0.0
100038,A,Desktop,Email,New,0,0,0,0,0,0,1,0.0,0.0,0.0
100039,B,Mobile,Social,New,0,0,0,0,0,0,1,0.0,0.0,0.0
100040,B,Mobile,Organic,New,0,1,0,0,0,0,0,0.0,0.0,0.0
100041,A,Mobile,Email,New,0,1,0,0,0,0,0,0.0,0.0,0.0
100042,B,Desktop,Social,New,0,1,0,0,0,0,0,0.0,0.0,0.0
100043,A,Mobile,Social,New,0,0,0,0,0,0,1,0.0,0.0,0.0
100044,A,Mobile,Direct,New,0,1,0,0,0,0,0,0.0,0.0,0.0
100045,B,Desktop,Paid Search,New,0,1,0,0,0,0,0,0.0,0.0,0.0
100046,A,Mobile,Email,Returning,1,1,0,0,0,0,1,0.0,0.0,0.0
100047,A,Mobile,Direct,New,0,1,0,0,0,0,0,0.0,0.0,0.0
100048,B,Tablet,Organic,Returning,0,1,0,0,0,0,1,0.0,0.0,0.0
100049,A,Mobile,Social,New,0,1,0,0,0,0,1,0.0,0.0,0.0
100050,B,Mobile,Paid Search,New,0,0,0,0,0,0,0,0.0,0.0,0.0
100051,B,Desktop,Social,New,0,0,0,0,0,0,0,0.0,0.0,0.0
100052,A,Desktop,Social,New,0,0,0,0,0,0,0,0.0,0.0,0.0
100053,A,Mobile,Paid Search,New,0,1,0,0,0,0,0,0.0,0.0,0.0
100054,B,Desktop,Paid Search,New,0,1,0,0,0,0,1,0.0,0.0,0.0
100055,B,Mobile,Organic,New,0,1,1,0,0,0,1,0.0,0.0,0.0
100056,A,Desktop,Direct,New,1,1,0,0,0,0,0,0.0,0.0,0.0
100057,B,Desktop,Paid Search,Returning,0,1,0,0,0,0,0,0.0,0.0,0.0
100058,B,Mobile,Paid Search,Returning,0,1,1,1,0,0,0,0.0,0.0,0.0
100059,A,Mobile,Social,Returning,0,1,0,0,0,0,1,0.0,0.0,0.0
100060,A,Mobile,Paid Search,New,0,1,0,0,0,0,0,0.0,0.0,0.0
100061,A,Mobile,Organic,New,0,1,1,0,0,0,0,0.0,0.0,0.0
100062,A,Mobile,Organic,Returning,0,1,0,0,0,0,0,0.0,0.0,0.0
100063,A,Mobile,Paid Search,New,0,1,0,0,0,0,0,0.0,0.0,0.0
100064,B,Mobile,Social,New,0,1,0,0,0,0,1,0.0,0.0,0.0
100065,B,Mobile,Organic,Returning,0,1,1,1,0,0,1,0.0,0.0,0.0
100066,B,Mobile,Direct,Returning,0,1,0,0,0,0,0,0.0,0.0,0.0
100067,B,Mobile,Social,New,1,1,0,0,0,0,0,0.0,0.0,0.0
100068,B,Mobile,Direct,New,0,1,0,0,0,0,1,0.0,0.0,0.0
100069,A,Mobile,Email,New,1,0,0,0,0,0,0,0.0,0.0,0.0
100070,B,Mobile,Paid Search,New,0,0,0,0,0,0,1,0.0,0.0,0.0
100071,B,Mobile,Social,New,0,0,0,0,0,0,1,0.0,0.0,0.0
100072,B,Mobile,Direct,Returning,1,0,0,0,0,0,0,0.0,0.0,0.0
100073,A,Desktop,Organic,New,0,1,1,1,0,0,0,0.0,0.0,0.0
100074,A,Mobile,Direct,New,0,0,0,0,0,0,0,0.0,0.0,0.0
100075,A,Desktop,Direct,New,0,0,0,0,0,0,0,0.0,0.0,0.0
100076,A,Mobile,Paid Search,Returning,0,1,0,0,0,0,0,0.0,0.0,0.0
100077,B,Desktop,Paid Search,New,0,0,0,0,0,0,0,0.0,0.0,0.0
100078,B,Desktop,Paid Search,New,0,1,0,0,0,0,0,0.0,0.0,0.0
100079,A,Desktop,Paid Search,New,0,1,0,0,0,0,1,0.0,0.0,0.0
100080,B,Desktop,Organic,Returning,0,0,0,0,0,0,0,0.0,0.0,0.0
100081,B,Mobile,Social,New,0,1,0,0,0,0,1,0.0,0.0,0.0
100082,A,Mobile,Organic,New,1,1,1,1,1,0,0,1765.31278091258,0.0,1765.31278091258
100083,B,Mobile,Organic,New,0,1,0,0,0,0,0,0.0,0.0,0.0
100084,A,Desktop,Organic,Returning,0,1,0,0,0,0,1,0.0,0.0,0.0
100085,B,Mobile,Organic,New,0,0,0,0,0,0,0,0.0,0.0,0.0
100086,A,Mobile,Email,New,0,0,0,0,0,0,0,0.0,0.0,0.0
100087,A,Mobile,Social,New,0,1,0,0,0,0,1,0.0,0.0,0.0
100088,B,Mobile,Organic,New,1,0,0,0,0,0,1,0.0,0.0,0.0
100089,A,Mobile,Direct,Returning,0,1,0,0,0,0,0,0.0,0.0,0.0
100090,B,Mobile,Paid Search,New,0,0,0,0,0,0,0,0.0,0.0,0.0
100091,A,Desktop,Direct,New,0,1,0,0,0,0,1,0.0,0.0,0.0
100092,A,Desktop,Social,Returning,0,1,1,0,0,0,0,0.0,0.0,0.0
100093,B,Mobile,Social,New,0,1,1,1,1,0,0,2033.1440570390098,0.0,2033.1440570390098
100094,B,Desktop,Direct,New,1,1,0,0,0,0,1,0.0,0.0,0.0
100095,A,Mobile,Direct,New,0,1,1,1,1,0,1,2820.1303964527588,0.0,2820.1303964527588
100096,B,Mobile,Paid Search,Returning,0,1,0,0,0,0,0,0.0,0.0,0.0
100097,A,Desktop,Organic,New,0,1,0,0,0,0,0,0.0,0.0,0.0
100098,A,Desktop,Direct,New,0,1,0,0,0,0,0,0.0,0.0,0.0
100099,B,Mobile,Paid Search,New,0,1,0,0,0,0,0,0.0,0.0,0.0
100100,A,Mobile,Paid Search,Returning,0,1,0,0,0,0,0,0.0,0.0,0.0
100101,A,Mobile,Social,New,0,1,0,0,0,0,1,0.0,0.0,0.0
100102,A,Mobile,Email,New,0,1,1,0,0,0,0,0.0,0.0,0.0
100103,A,Mobile,Social,New,0,1,0,0,0,0,1,0.0,0.0,0.0
100104,B,Desktop,Email,New,0,1,0,0,0,0,0,0.0,0.0,0.0
100105,A,Mobile,Organic,New,1,1,0,0,0,0,0,0.0,0.0,0.0
100106,B,Mobile,Email,New,0,1,0,0,0,0,0,0.0,0.0,0.0
100107,A,Mobile,Paid Search,Returning,1,0,0,0,0,0,1,0.0,0.0,0.0
100108,A,Desktop,Paid Search,Returning,0,1,0,0,0,0,1,0.0,0.0,0.0
100109,B,Desktop,Organic,New,1,1,1,1,0,0,1,0.0,0.0,0.0
100110,B,Mobile,Social,Returning,0,0,0,0,0,0,1,0.0,0.0,0.0
100111,A,Mobile,Social,New,0,1,0,0,0,0,1,0.0,0.0,0.0
100112,B,Desktop,Email,New,0,1,0,0,0,0,1,0.0,0.0,0.0
100113,A,Mobile,Paid Search,New,0,1,0,0,0,0,0,0.0,0.0,0.0
100114,B,Mobile,Organic,New,0,1,0,0,0,0,0,0.0,0.0,0.0
100115,B,Desktop,Paid Search,Returning,0,1,0,0,0,0,1,0.0,0.0,0.0
100116,B,Desktop,Paid Search,New,0,1,0,0,0,0,1,0.0,0.0,0.0
100117,A,Mobile,Organic,New,1,0,0,0,0,0,0,0.0,0.0,0.0
100118,A,Mobile,Paid Search,New,0,0,0,0,0,0,1,0.0,0.0,0.0
100119,B,Mobile,Social,New,0,1,1,1,1,0,1,2573.2989344214625,0.0,2573.2989344214625
100120,B,Mobile,Social,New,0,1,1,0,0,0,0,0.0,0.0,0.0
100121,A,Mobile,Organic,New,0,1,0,0,0,0,1,0.0,0.0,0.0
100122,A,Mobile,Organic,Returning,0,1,0,0,0,0,1,0.0,0.0,0.0
100123,A,Mobile,Social,New,1,0,0,0,0,0,1,0.0,0.0,0.0
100124,B,Mobile,Email,New,0,1,1,1,1,0,1,2479.454199419034,0.0,2479.454199419034
100125,B,Desktop,Organic,New,1,1,1,1,1,1,0,4288.02469280874,4018.75781087915,8306.78250368789
100126,B,Mobile,Paid Search,New,0,1,0,0,0,0,0,0.0,0.0,0.0
100127,A,Mobile,Paid Search,New,0,1,0,0,0,0,0,0.0,0.0,0.0
100128,A,Mobile,Paid Search,Returning,0,1,1,1,1,1,1,2006.650692424695,2066.5344867607864,4073.1851791854815
100129,A,Mobile,Social,New,0,1,0,0,0,0,0,0.0,0.0,0.0
100130,A,Mobile,Paid Search,New,0,1,0,0,0,0,1,0.0,0.0,0.0
100131,A,Mobile,Paid Search,New,0,1,0,0,0,0,0,0.0,0.0,0.0
100132,B,Mobile,Organic,New,0,0,0,0,0,0,0,0.0,0.0,0.0
100133,A,Mobile,Organic,New,0,1,0,0,0,0,0,0.0,0.0,0.0
100134,A,Mobile,Email,New,0,1,0,0,0,0,1,0.0,0.0,0.0
100135,B,Desktop,Paid Search,New,0,1,0,0,0,0,1,0.0,0.0,0.0
100136,A,Mobile,Paid Search,New,0,1,0,0,0,0,1,0.0,0.0,0.0
100137,B,Desktop,Direct,Returning,0,0,0,0,0,0,0,0.0,0.0,0.0
100138,A,Mobile,Paid Search,New,0,1,0,0,0,0,0,0.0,0.0,0.0
100139,A,Mobile,Social,Returning,0,1,0,0,0,0,0,0.0,0.0,0.0
100140,A,Desktop,Organic,New,1,1,0,0,0,0,1,0.0,0.0,0.0
100141,B,Desktop,Paid Search,New,0,1,0,0,0,0,0,0.0,0.0,0.0
100142,B,Mobile,Organic,Returning,0,0,0,0,0,0,1,0.0,0.0,0.0
100143,A,Mobile,Direct,Returning,0,1,0,0,0,0,1,0.0,0.0,0.0
100144,B,Tablet,Email,New,1,1,1,1,1,1,0,1656.235374973937,2110.7331033184337,3766.9684782923705
100145,B,Desktop,Paid Search,New,1,1,0,0,0,0,0,0.0,0.0,0.0
100146,A,Mobile,Direct,New,0,1,0,0,0,0,0,0.0,0.0,0.0
100147,A,Mobile,Direct,Returning,0,1,0,0,0,0,0,0.0,0.0,0.0
100148,A,Desktop,Paid Search,New,0,1,0,0,0,0,0,0.0,0.0,0.0
100149,A,Mobile,Social,New,0,1,0,0,0,0,0,0.0,0.0,0.0
100150,B,Mobile,Paid Search,New,0,1,0,0,0,0,0,0.0,0.0,0.0
100151,A,Mobile,Email,New,0,0,0,0,0,0,0,0.0,0.0,0.0
100152,B,Mobile,Organic,New,0,1,0,0,0,0,1,0.0,0.0,0.0
100153,A,Mobile,Organic,New,0,1,1,1,0,0,0,0.0,0.0,0.0
100154,A,Mobile,Direct,Returning,0,1,0,0,0,0,1,0.0,0.0,0.0
100155,B,Desktop,Social,Returning,0,1,0,0,0,0,0,0.0,0.0,0.0
100156,A,Mobile,Paid Search,New,0,1,0,0,0,0,0,0.0,0.0,0.0
100157,B,Mobile,Paid Search,New,0,1,0,0,0,0,1,0.0,0.0,0.0
100158,A,Mobile,Email,New,1,1,0,0,0,0,0,0.0,0.0,0.0
100159,A,Mobile,Organic,New,0,1,0,0,0,0,0,0.0,0.0,0.0
100160,B,Mobile,Paid Search,Returning,0,1,1,1,0,0,1,0.0,0.0,0.0
100161,B,Mobile,Email,New,0,1,0,0,0,0,1,0.0,0.0,0.0
100162,B,Desktop,Paid Search,Returning,0,0,0,0,0,0,0,0.0,0.0,0.0
100163,B,Mobile,Email,New,0,1,1,1,0,0,1,0.0,0.0,0.0
100164,A,Mobile,Social,New,0,1,0,0,0,0,0,0.0,0.0,0.0
100165,B,Desktop,Paid Search,Returning,1,0,0,0,0,0,0,0.0,0.0,0.0
100166,B,Mobile,Direct,Returning,0,1,1,1,0,0,0,0.0,0.0,0.0
100167,A,Mobile,Social,New,0,1,0,0,0,0,0,0.0,0.0,0.0
100168,A,Mobile,Social,New,0,0,0,0,0,0,1,0.0,0.0,0.0
100169,A,Tablet,Organic,Returning,0,1,0,0,0,0,1,0.0,0.0,0.0
100170,A,Desktop,Paid Search,New,0,1,0,0,0,0,1,0.0,0.0,0.0
100171,A,Mobile,Paid Search,New,0,1,1,1,1,0,0,2519.174861326639,0.0,2519.174861326639
100172,A,Mobile,Organic,New,0,1,0,0,0,0,0,0.0,0.0,0.0
100173,A,Mobile,Organic,New,0,1,0,0,0,0,1,0.0,0.0,0.0
100174,B,Mobile,Social,New,0,1,0,0,0,0,1,0.0,0.0,0.0
100175,B,Mobile,Email,Returning,0,1,0,0,0,0,1,0.0,0.0,0.0
100176,B,Mobile,Direct,New,0,1,0,0,0,0,0,0.0,0.0,0.0
100177,B,Mobile,Direct,New,0,1,0,0,0,0,0,0.0,0.0,0.0
100178,A,Mobile,Paid Search,New,1,1,1,1,1,0,0,2858.5495903665847,0.0,2858.5495903665847
100179,B,Mobile,Email,New,0,0,0,0,0,0,1,0.0,0.0,0.0
100180,A,Mobile,Email,New,0,1,0,0,0,0,0,0.0,0.0,0.0
100181,A,Mobile,Direct,New,0,1,0,0,0,0,0,0.0,0.0,0.0
100182,A,Desktop,Direct,Returning,0,1,1,0,0,0,0,0.0,0.0,0.0
100183,B,Desktop,Organic,New,1,1,0,0,0,0,0,0.0,0.0,0.0
100184,B,Mobile,Direct,New,0,1,0,0,0,0,1,0.0,0.0,0.0
100185,B,Mobile,Organic,New,0,1,0,0,0,0,1,0.0,0.0,0.0
100186,A,Mobile,Paid Search,New,0,1,0,0,0,0,0,0.0,0.0,0.0
100187,B,Desktop,Social,New,0,1,0,0,0,0,0,0.0,0.0,0.0
100188,A,Desktop,Social,New,0,0,0,0,0,0,0,0.0,0.0,0.0
100189,B,Desktop,Paid Search,New,0,1,0,0,0,0,1,0.0,0.0,0.0
100190,A,Tablet,Email,New,1,1,1,1,1,0,1,2532.8008538135,0.0,2532.8008538135
100191,A,Desktop,Paid Search,New,0,1,0,0,0,0,1,0.0,0.0,0.0
100192,A,Mobile,Email,Returning,0,1,0,0,0,0,1,0.0,0.0,0.0
100193,B,Mobile,Organic,New,0,1,0,0,0,0,1,0.0,0.0,0.0
100194,B,Desktop,Organic,New,0,0,0,0,0,0,1,0.0,0.0,0.0
100195,B,Desktop,Social,Returning,0,0,0,0,0,0,1,0.0,0.0,0.0
100196,A,Mobile,Social,Returning,0,0,0,0,0,0,1,0.0,0.0,0.0
100197,A,Mobile,Organic,New,0,1,1,1,1,0,1,3837.3058632283787,0.0,3837.3058632283787
100198,B,Mobile,Direct,New,0,1,0,0,0,0,0,0.0,0.0,0.0
100199,A,Mobile,Organic,Returning,0,1,0,0,0,0,0,0.0,0.0,0.0
100200,A,Mobile,Organic,New,0,0,0,0,0,0,0,0.0,0.0,0.0
100201,B,Desktop,Email,New,0,1,0,0,0,0,0,0.0,0.0,0.0
100202,B,Mobile,Paid Search,New,0,1,0,0,0,0,1,0.0,0.0,0.0
100203,B,Desktop,Paid Search,New,0,1,0,0,0,0,1,0.0,0.0,0.0
100204,B,Mobile,Direct,New,1,1,0,0,0,0,0,0.0,0.0,0.0
100205,A,Mobile,Paid Search,New,0,0,0,0,0,0,0,0.0,0.0,0.0
100206,A,Mobile,Organic,New,1,1,0,0,0,0,1,0.0,0.0,0.0
100207,A,Mobile,Direct,New,0,1,0,0,0,0,0,0.0,0.0,0.0
100208,B,Mobile,Social,Returning,0,1,0,0,0,0,0,0.0,0.0,0.0
100209,B,Tablet,Organic,Returning,0,1,1,0,0,0,0,0.0,0.0,0.0
100210,B,Mobile,Organic,New,0,1,1,0,0,0,0,0.0,0.0,0.0
100211,B,Desktop,Paid Search,Returning,0,1,0,0,0,0,1,0.0,0.0,0.0
100212,B,Desktop,Direct,New,0,1,0,0,0,0,0,0.0,0.0,0.0
100213,B,Mobile,Paid Search,New,0,1,0,0,0,0,1,0.0,0.0,0.0
100214,B,Desktop,Paid Search,New,0,0,0,0,0,0,0,0.0,0.0,0.0
100215,B,Tablet,Paid Search,New,0,1,0,0,0,0,1,0.0,0.0,0.0
100216,A,Desktop,Organic,New,0,1,0,0,0,0,0,0.0,0.0,0.0
100217,A,Mobile,Paid Search,New,0,1,1,0,0,0,0,0.0,0.0,0.0
100218,B,Mobile,Organic,Returning,0,1,0,0,0,0,1,0.0,0.0,0.0
100219,A,Desktop,Direct,New,0,1,0,0,0,0,1,0.0,0.0,0.0
100220,B,Desktop,Organic,Returning,0,1,0,0,0,0,1,0.0,0.0,0.0
100221,A,Desktop,Paid Search,Returning,0,1,0,0,0,0,0,0.0,0.0,0.0
100222,B,Tablet,Social,New,0,1,0,0,0,0,1,0.0,0.0,0.0
100223,A,Desktop,Paid Search,New,1,1,0,0,0,0,0,0.0,0.0,0.0
100224,A,Mobile,Email,Returning,1,1,1,0,0,0,0,0.0,0.0,0.0
100225,B,Tablet,Organic,New,0,1,0,0,0,0,1,0.0,0.0,0.0
100226,B,Desktop,Organic,New,0,1,0,0,0,0,0,0.0,0.0,0.0
100227,A,Desktop,Paid Search,New,0,1,0,0,0,0,0,0.0,0.0,0.0
100228,A,Mobile,Paid Search,Returning,0,1,0,0,0,0,0,0.0,0.0,0.0
100229,A,Desktop,Direct,New,0,0,0,0,0,0,1,0.0,0.0,0.0
100230,B,Tablet,Organic,New,0,1,1,0,0,0,0,0.0,0.0,0.0
100231,A,Desktop,Email,New,0,0,0,0,0,0,0,0.0,0.0,0.0
100232,B,Desktop,Organic,New,0,1,0,0,0,0,0,0.0,0.0,0.0
100233,A,Mobile,Social,New,0,0,0,0,0,0,1,0.0,0.0,0.0
100234,A,Mobile,Email,New,0,1,0,0,0,0,0,0.0,0.0,0.0
100235,A,Desktop,Organic,New,0,1,0,0,0,0,0,0.0,0.0,0.0
100236,B,Desktop,Organic,Returning,0,1,0,0,0,0,0,0.0,0.0,0.0
100237,B,Mobile,Social,New,0,1,1,0,0,0,1,0.0,0.0,0.0
100238,A,Mobile,Social,Returning,0,0,0,0,0,0,0,0.0,0.0,0.0
100239,A,Mobile,Direct,New,0,1,0,0,0,0,0,0.0,0.0,0.0
100240,B,Mobile,Social,New,0,1,0,0,0,0,0,0.0,0.0,0.0
100241,A,Mobile,Paid Search,New,0,1,0,0,0,0,0,0.0,0.0,0.0
100242,A,Desktop,Direct,New,0,1,0,0,0,0,0,0.0,0.0,0.0
100243,B,Mobile,Paid Search,Returning,0,1,0,0,0,0,0,0.0,0.0,0.0
100244,A,Mobile,Organic,Returning,0,0,0,0,0,0,1,0.0,0.0,0.0
100245,A,Mobile,Direct,New,0,1,0,0,0,0,0,0.0,0.0,0.0
100246,B,Mobile,Paid Search,New,0,1,0,0,0,0,0,0.0,0.0,0.0
100247,B,Mobile,Paid Search,New,0,1,0,0,0,0,1,0.0,0.0,0.0
100248,A,Mobile,Email,New,0,0,0,0,0,0,0,0.0,0.0,0.0
100249,B,Mobile,Direct,New,0,1,0,0,0,0,1,0.0,0.0,0.0
100250,B,Desktop,Organic,New,0,1,1,1,0,0,1,0.0,0.0,0.0
100251,B,Mobile,Organic,New,0,0,0,0,0,0,0,0.0,0.0,0.0
100252,B,Desktop,Social,Returning,0,1,0,0,0,0,0,0.0,0.0,0.0
100253,A,Mobile,Social,New,0,1,1,0,0,0,0,0.0,0.0,0.0
100254,A,Mobile,Email,New,1,1,0,0,0,0,1,0.0,0.0,0.0
100255,A,Mobile,Direct,New,0,1,0,0,0,0,0,0.0,0.0,0.0
100256,A,Mobile,Organic,New,0,0,0,0,0,0,1,0.0,0.0,0.0
100257,B,Desktop,Organic,New,0,0,0,0,0,0,0,0.0,0.0,0.0
100258,A,Desktop,Organic,New,0,1,0,0,0,0,1,0.0,0.0,0.0
100259,B,Desktop,Paid Search,New,0,0,0,0,0,0,0,0.0,0.0,0.0
100260,B,Desktop,Organic,New,0,1,0,0,0,0,0,0.0,0.0,0.0
100261,A,Mobile,Social,New,0,0,0,0,0,0,1,0.0,0.0,0.0
100262,A,Desktop,Email,Returning,0,1,0,0,0,0,0,0.0,0.0,0.0
100263,A,Mobile,Social,Returning,0,1,0,0,0,0,1,0.0,0.0,0.0
100264,B,Mobile,Social,New,0,1,0,0,0,0,1,0.0,0.0,0.0
100265,B,Mobile,Email,Returning,0,1,0,0,0,0,0,0.0,0.0,0.0
100266,A,Mobile,Paid Search,New,0,1,0,0,0,0,0,0.0,0.0,0.0
100267,A,Mobile,Organic,New,0,1,0,0,0,0,0,0.0,0.0,0.0
100268,A,Mobile,Paid Search,New,0,1,0,0,0,0,0,0.0,0.0,0.0
100269,A,Mobile,Paid Search,New,1,1,0,0,0,0,0,0.0,0.0,0.0
100270,B,Mobile,Organic,New,0,1,0,0,0,0,1,0.0,0.0,0.0
100271,B,Desktop,Social,New,1,1,0,0,0,0,0,0.0,0.0,0.0
100272,B,Mobile,Social,Returning,0,1,0,0,0,0,1,0.0,0.0,0.0
100273,B,Mobile,Social,Returning,0,0,0,0,0,0,1,0.0,0.0,0.0
100274,A,Desktop,Paid Search,Returning,0,1,0,0,0,0,0,0.0,0.0,0.0
100275,A,Desktop,Social,New,0,0,0,0,0,0,0,0.0,0.0,0.0
100276,B,Mobile,Social,New,0,0,0,0,0,0,0,0.0,0.0,0.0
100277,A,Desktop,Organic,New,0,1,0,0,0,0,0,0.0,0.0,0.0
100278,B,Mobile,Organic,New,0,1,0,0,0,0,0,0.0,0.0,0.0
100279,B,Mobile,Paid Search,Returning,0,1,0,0,0,0,0,0.0,0.0,0.0
100280,A,Mobile,Social,New,0,0,0,0,0,0,1,0.0,0.0,0.0
100281,A,Mobile,Social,New,0,1,0,0,0,0,1,0.0,0.0,0.0
100282,A,Mobile,Social,New,0,0,0,0,0,0,0,0.0,0.0,0.0
100283,B,Mobile,Paid Search,New,0,0,0,0,0,0,0,0.0,0.0,0.0
100284,B,Mobile,Paid Search,New,0,1,0,0,0,0,0,0.0,0.0,0.0
100285,B,Mobile,Organic,Returning,0,1,0,0,0,0,0,0.0,0.0,0.0
100286,A,Desktop,Email,Returning,0,1,0,0,0,0,0,0.0,0.0,0.0
100287,A,Mobile,Organic,New,0,1,0,0,0,0,1,0.0,0.0,0.0
100288,B,Mobile,Organic,New,0,0,0,0,0,0,0,0.0,0.0,0.0
100289,A,Mobile,Organic,Returning,0,1,0,0,0,0,0,0.0,0.0,0.0
100290,B,Mobile,Social,New,0,1,0,0,0,0,1,0.0,0.0,0.0
100291,B,Mobile,Direct,New,0,1,0,0,0,0,0,0.0,0.0,0.0
100292,B,Desktop,Organic,New,0,0,0,0,0,0,0,0.0,0.0,0.0
100293,B,Mobile,Paid Search,Returning,0,1,1,0,0,0,0,0.0,0.0,0.0
100294,B,Mobile,Direct,New,0,0,0,0,0,0,0,0.0,0.0,0.0
100295,B,Desktop,Social,New,0,1,0,0,0,0,1,0.0,0.0,0.0
100296,B,Desktop,Organic,New,0,1,1,1,1,0,0,3484.680449191063,0.0,3484.680449191063
100297,A,Tablet,Direct,Returning,0,0,0,0,0,0,1,0.0,0.0,0.0
100298,A,Desktop,Paid Search,Returning,0,1,0,0,0,0,1,0.0,0.0,0.0
100299,A,Desktop,Direct,New,0,1,0,0,0,0,1,0.0,0.0,0.0
100300,B,Desktop,Organic,New,0,1,0,0,0,0,0,0.0,0.0,0.0
100301,B,Mobile,Direct,New,0,1,0,0,0,0,0,0.0,0.0,0.0
100302,B,Tablet,Direct,New,0,1,0,0,0,0,1,0.0,0.0,0.0
100303,A,Mobile,Social,New,0,1,0,0,0,0,1,0.0,0.0,0.0
100304,B,Tablet,Social,New,0,1,1,0,0,0,0,0.0,0.0,0.0
100305,A,Desktop,Direct,New,1,1,0,0,0,0,0,0.0,0.0,0.0
100306,B,Desktop,Paid Search,New,0,1,0,0,0,0,1,0.0,0.0,0.0
100307,B,Mobile,Email,New,0,1,0,0,0,0,1,0.0,0.0,0.0
100308,A,Mobile,Social,New,0,1,0,0,0,0,0,0.0,0.0,0.0
100309,A,Mobile,Paid Search,New,0,0,0,0,0,0,1,0.0,0.0,0.0
100310,B,Mobile,Organic,New,0,1,1,1,1,1,0,3292.4625290339636,4149.139876909996,7441.60240594396
100311,A,Desktop,Email,New,1,1,0,0,0,0,0,0.0,0.0,0.0
100312,A,Mobile,Paid Search,New,1,1,0,0,0,0,0,0.0,0.0,0.0
100313,A,Tablet,Email,New,0,0,0,0,0,0,0,0.0,0.0,0.0
100314,A,Mobile,Paid Search,Returning,0,0,0,0,0,0,0,0.0,0.0,0.0
100315,B,Mobile,Organic,Returning,0,0,0,0,0,0,0,0.0,0.0,0.0
100316,A,Mobile,Social,Returning,0,0,0,0,0,0,0,0.0,0.0,0.0
100317,B,Mobile,Social,New,0,1,0,0,0,0,0,0.0,0.0,0.0
100318,A,Mobile,Paid Search,New,0,0,0,0,0,0,0,0.0,0.0,0.0
100319,B,Mobile,Organic,New,0,1,0,0,0,0,0,0.0,0.0,0.0
100320,B,Mobile,Organic,New,0,0,0,0,0,0,0,0.0,0.0,0.0
100321,B,Mobile,Organic,Returning,0,0,0,0,0,0,0,0.0,0.0,0.0
100322,B,Tablet,Social,New,0,0,0,0,0,0,0,0.0,0.0,0.0
100323,A,Mobile,Paid Search,Returning,0,1,0,0,0,0,1,0.0,0.0,0.0
100324,A,Mobile,Paid Search,New,0,0,0,0,0,0,0,0.0,0.0,0.0
100325,A,Mobile,Paid Search,Returning,0,1,0,0,0,0,0,0.0,0.0,0.0
100326,B,Mobile,Social,New,0,1,0,0,0,0,0,0.0,0.0,0.0
100327,B,Mobile,Direct,Returning,0,1,1,0,0,0,0,0.0,0.0,0.0
100328,A,Mobile,Paid Search,New,0,1,1,1,1,0,1,2672.1245864488164,0.0,2672.1245864488164
100329,B,Mobile,Direct,New,0,1,1,0,0,0,0,0.0,0.0,0.0
100330,A,Desktop,Organic,Returning,0,1,0,0,0,0,1,0.0,0.0,0.0
100331,A,Desktop,Social,New,0,1,0,0,0,0,1,0.0,0.0,0.0
100332,A,Mobile,Direct,New,0,1,1,1,0,0,0,0.0,0.0,0.0
100333,B,Mobile,Direct,New,0,1,0,0,0,0,1,0.0,0.0,0.0
100334,A,Tablet,Organic,New,0,1,0,0,0,0,1,0.0,0.0,0.0
100335,B,Desktop,Social,Returning,0,1,1,0,0,0,1,0.0,0.0,0.0
100336,B,Mobile,Organic,New,0,1,1,0,0,0,0,0.0,0.0,0.0
100337,B,Mobile,Paid Search,New,0,0,0,0,0,0,0,0.0,0.0,0.0
100338,B,Mobile,Social,New,0,1,1,0,0,0,0,0.0,0.0,0.0
100339,B,Mobile,Direct,New,1,1,0,0,0,0,1,0.0,0.0,0.0
100340,B,Mobile,Direct,Returning,1,1,0,0,0,0,0,0.0,0.0,0.0
100341,B,Mobile,Paid Search,New,0,1,0,0,0,0,1,0.0,0.0,0.0
100342,A,Mobile,Paid Search,New,0,1,0,0,0,0,0,0.0,0.0,0.0
100343,B,Desktop,Social,Returning,0,1,0,0,0,0,0,0.0,0.0,0.0
100344,A,Mobile,Organic,New,0,1,0,0,0,0,0,0.0,0.0,0.0
100345,B,Mobile,Social,Returning,0,1,0,0,0,0,0,0.0,0.0,0.0
100346,A,Tablet,Organic,New,0,1,0,0,0,0,0,0.0,0.0,0.0
100347,B,Mobile,Organic,New,0,1,0,0,0,0,0,0.0,0.0,0.0
100348,B,Mobile,Organic,Returning,0,0,0,0,0,0,1,0.0,0.0,0.0
100349,B,Mobile,Organic,New,0,1,0,0,0,0,0,0.0,0.0,0.0
100350,B,Mobile,Email,New,0,1,0,0,0,0,1,0.0,0.0,0.0
100351,A,Desktop,Social,New,0,1,0,0,0,0,0,0.0,0.0,0.0
100352,B,Desktop,Organic,New,0,1,0,0,0,0,0,0.0,0.0,0.0
100353,A,Mobile,Paid Search,New,0,1,0,0,0,0,1,0.0,0.0,0.0
100354,B,Mobile,Social,Returning,1,1,0,0,0,0,1,0.0,0.0,0.0
100355,B,Desktop,Organic,New,1,1,0,0,0,0,1,0.0,0.0,0.0
100356,A,Desktop,Social,New,0,1,1,1,1,0,0,2691.978404617381,0.0,2691.978404617381
100357,B,Mobile,Paid Search,New,0,1,0,0,0,0,0,0.0,0.0,0.0
100358,A,Mobile,Social,New,0,1,0,0,0,0,0,0.0,0.0,0.0
100359,A,Desktop,Direct,Returning,1,1,0,0,0,0,1,0.0,0.0,0.0
100360,B,Mobile,Social,New,0,0,0,0,0,0,0,0.0,0.0,0.0
100361,B,Desktop,Direct,New,0,1,1,1,1,0,0,1620.6693551369435,0.0,1620.6693551369435
100362,B,Desktop,Organic,Returning,0,1,0,0,0,0,0,0.0,0.0,0.0
100363,B,Mobile,Email,New,0,1,1,1,1,1,1,3231.2845135574576,4023.141977611223,7254.4264911686805
100364,A,Mobile,Organic,New,0,1,1,1,1,0,0,2128.28395744536,0.0,2128.28395744536
100365,A,Desktop,Paid Search,New,0,1,0,0,0,0,0,0.0,0.0,0.0
100366,A,Tablet,Organic,New,0,1,1,0,0,0,0,0.0,0.0,0.0
100367,B,Mobile,Paid Search,Returning,0,1,0,0,0,0,0,0.0,0.0,0.0
100368,B,Mobile,Paid Search,New,1,1,0,0,0,0,0,0.0,0.0,0.0
100369,A,Desktop,Social,Returning,0,0,0,0,0,0,1,0.0,0.0,0.0
100370,A,Mobile,Paid Search,New,0,1,0,0,0,0,0,0.0,0.0,0.0
100371,A,Desktop,Direct,New,0,0,0,0,0,0,0,0.0,0.0,0.0
100372,A,Mobile,Social,New,0,1,0,0,0,0,1,0.0,0.0,0.0
100373,B,Mobile,Organic,New,0,1,0,0,0,0,1,0.0,0.0,0.0
100374,B,Desktop,Social,New,0,1,0,0,0,0,0,0.0,0.0,0.0
100375,B,Mobile,Social,Returning,0,1,0,0,0,0,0,0.0,0.0,0.0
100376,B,Desktop,Organic,New,0,0,0,0,0,0,1,0.0,0.0,0.0
100377,A,Desktop,Email,Returning,0,1,0,0,0,0,0,0.0,0.0,0.0
100378,A,Mobile,Organic,New,0,1,0,0,0,0,0,0.0,0.0,0.0
100379,B,Desktop,Paid Search,Returning,0,1,0,0,0,0,1,0.0,0.0,0.0
100380,B,Desktop,Organic,Returning,0,0,0,0,0,0,0,0.0,0.0,0.0
100381,B,Desktop,Organic,New,0,1,1,1,0,0,0,0.0,0.0,0.0
100382,B,Desktop,Social,New,0,0,0,0,0,0,0,0.0,0.0,0.0
100383,A,Mobile,Paid Search,New,0,0,0,0,0,0,1,0.0,0.0,0.0
100384,A,Mobile,Organic,Returning,0,1,0,0,0,0,0,0.0,0.0,0.0
100385,A,Mobile,Organic,New,0,0,0,0,0,0,1,0.0,0.0,0.0
100386,A,Tablet,Direct,New,0,0,0,0,0,0,0,0.0,0.0,0.0
100387,B,Desktop,Social,New,0,1,0,0,0,0,0,0.0,0.0,0.0
100388,B,Desktop,Email,New,0,1,0,0,0,0,0,0.0,0.0,0.0
100389,A,Desktop,Social,New,0,1,0,0,0,0,0,0.0,0.0,0.0
100390,B,Mobile,Organic,New,0,1,1,1,1,0,1,2719.583036136762,0.0,2719.583036136762
100391,A,Mobile,Social,New,0,1,0,0,0,0,0,0.0,0.0,0.0
100392,A,Mobile,Paid Search,New,0,1,0,0,0,0,0,0.0,0.0,0.0
100393,B,Mobile,Social,New,0,1,0,0,0,0,0,0.0,0.0,0.0
100394,A,Mobile,Paid Search,New,0,1,0,0,0,0,1,0.0,0.0,0.0
100395,A,Mobile,Direct,New,0,1,0,0,0,0,0,0.0,0.0,0.0
100396,A,Mobile,Paid Search,New,1,1,0,0,0,0,0,0.0,0.0,0.0
100397,B,Mobile,Email,New,0,1,1,1,0,0,0,0.0,0.0,0.0
100398,A,Desktop,Organic,Returning,0,1,0,0,0,0,1,0.0,0.0,0.0
100399,A,Mobile,Organic,New,1,1,1,1,1,0,0,3879.042973928549,0.0,3879.042973928549
100400,A,Mobile,Organic,New,0,1,0,0,0,0,1,0.0,0.0,0.0
100401,B,Mobile,Direct,New,0,1,0,0,0,0,1,0.0,0.0,0.0
100402,B,Mobile,Organic,New,0,0,0,0,0,0,0,0.0,0.0,0.0
100403,B,Mobile,Direct,New,0,1,0,0,0,0,1,0.0,0.0,0.0
100404,B,Mobile,Email,New,0,1,0,0,0,0,1,0.0,0.0,0.0
100405,B,Mobile,Paid Search,New,0,1,0,0,0,0,0,0.0,0.0,0.0
100406,A,Mobile,Email,New,0,1,1,1,1,0,0,2407.3105029066423,0.0,2407.3105029066423
100407,A,Mobile,Paid Search,New,0,1,1,1,1,0,1,2656.3447216001077,0.0,2656.3447216001077
100408,B,Desktop,Paid Search,New,0,1,0,0,0,0,1,0.0,0.0,0.0
100409,A,Mobile,Direct,New,0,1,0,0,0,0,0,0.0,0.0,0.0
100410,A,Mobile,Organic,New,1,1,1,1,1,0,0,1987.0002371581809,0.0,1987.0002371581809
100411,A,Mobile,Organic,Returning,1,1,0,0,0,0,0,0.0,0.0,0.0
100412,A,Desktop,Organic,New,0,1,0,0,0,0,1,0.0,0.0,0.0
100413,B,Mobile,Social,New,0,1,0,0,0,0,1,0.0,0.0,0.0
100414,B,Mobile,Paid Search,New,0,0,0,0,0,0,1,0.0,0.0,0.0
100415,B,Desktop,Email,Returning,0,1,0,0,0,0,0,0.0,0.0,0.0
100416,B,Desktop,Organic,New,0,0,0,0,0,0,1,0.0,0.0,0.0
100417,B,Mobile,Social,New,0,1,0,0,0,0,0,0.0,0.0,0.0
100418,A,Mobile,Direct,New,0,1,0,0,0,0,1,0.0,0.0,0.0
100419,B,Desktop,Direct,New,0,1,0,0,0,0,1,0.0,0.0,0.0
100420,B,Mobile,Email,Returning,0,1,0,0,0,0,0,0.0,0.0,0.0
100421,B,Mobile,Paid Search,New,0,1,0,0,0,0,0,0.0,0.0,0.0
100422,A,Mobile,Organic,New,0,0,0,0,0,0,0,0.0,0.0,0.0
100423,A,Desktop,Social,New,0,1,0,0,0,0,0,0.0,0.0,0.0
100424,A,Mobile,Organic,New,0,1,1,1,0,0,0,0.0,0.0,0.0
100425,A,Mobile,Email,Returning,0,1,1,1,1,0,1,3070.184948547413,0.0,3070.184948547413
100426,A,Mobile,Paid Search,New,0,1,0,0,0,0,0,0.0,0.0,0.0
100427,A,Mobile,Direct,Returning,0,1,0,0,0,0,0,0.0,0.0,0.0
100428,A,Mobile,Paid Search,New,0,1,0,0,0,0,0,0.0,0.0,0.0
100429,B,Desktop,Social,New,0,1,0,0,0,0,1,0.0,0.0,0.0
100430,B,Mobile,Organic,Returning,0,1,0,0,0,0,1,0.0,0.0,0.0
100431,B,Mobile,Direct,New,0,1,0,0,0,0,0,0.0,0.0,0.0
100432,A,Mobile,Email,New,0,1,0,0,0,0,0,0.0,0.0,0.0
100433,B,Mobile,Social,New,0,1,1,1,1,0,0,2331.064099660984,0.0,2331.064099660984
100434,A,Mobile,Organic,New,1,1,0,0,0,0,0,0.0,0.0,0.0
100435,B,Mobile,Social,New,0,0,0,0,0,0,0,0.0,0.0,0.0
100436,A,Mobile,Email,Returning,0,0,0,0,0,0,1,0.0,0.0,0.0
100437,A,Mobile,Direct,Returning,0,1,1,0,0,0,0,0.0,0.0,0.0
100438,B,Mobile,Social,New,1,1,0,0,0,0,0,0.0,0.0,0.0
100439,B,Desktop,Organic,New,0,1,1,1,1,0,1,2941.3869419641373,0.0,2941.3869419641373
100440,B,Mobile,Direct,Returning,0,1,0,0,0,0,1,0.0,0.0,0.0
100441,A,Mobile,Social,New,0,1,0,0,0,0,1,0.0,0.0,0.0
100442,A,Desktop,Organic,New,0,1,1,1,0,0,1,0.0,0.0,0.0
100443,B,Desktop,Direct,New,1,1,0,0,0,0,1,0.0,0.0,0.0
100444,A,Mobile,Direct,New,0,0,0,0,0,0,0,0.0,0.0,0.0
100445,B,Mobile,Organic,New,0,1,0,0,0,0,0,0.0,0.0,0.0
100446,A,Mobile,Organic,Returning,0,0,0,0,0,0,0,0.0,0.0,0.0
100447,B,Mobile,Organic,New,0,1,0,0,0,0,0,0.0,0.0,0.0
100448,B,Desktop,Social,New,0,1,0,0,0,0,1,0.0,0.0,0.0
100449,A,Desktop,Organic,New,0,1,0,0,0,0,1,0.0,0.0,0.0
100450,B,Mobile,Direct,Returning,0,1,0,0,0,0,1,0.0,0.0,0.0
100451,A,Desktop,Organic,Returning,1,1,0,0,0,0,1,0.0,0.0,0.0
100452,B,Desktop,Direct,Returning,0,1,0,0,0,0,1,0.0,0.0,0.0
100453,B,Mobile,Email,New,0,1,0,0,0,0,0,0.0,0.0,0.0
100454,B,Mobile,Direct,New,0,1,0,0,0,0,0,0.0,0.0,0.0
100455,A,Desktop,Organic,New,0,1,0,0,0,0,0,0.0,0.0,0.0
100456,A,Desktop,Organic,New,0,1,0,0,0,0,0,0.0,0.0,0.0
100457,A,Mobile,Direct,New,0,1,0,0,0,0,0,0.0,0.0,0.0
100458,B,Mobile,Organic,New,0,1,0,0,0,0,0,0.0,0.0,0.0
100459,A,Mobile,Organic,New,0,1,0,0,0,0,0,0.0,0.0,0.0
100460,B,Mobile,Organic,Returning,0,1,0,0,0,0,1,0.0,0.0,0.0
100461,B,Mobile,Paid Search,New,0,1,1,1,1,0,1,3010.0768154995208,0.0,3010.0768154995208
100462,A,Desktop,Email,Returning,0,0,0,0,0,0,1,0.0,0.0,0.0
100463,B,Desktop,Social,New,0,1,0,0,0,0,0,0.0,0.0,0.0
100464,A,Tablet,Organic,New,0,1,0,0,0,0,1,0.0,0.0,0.0
100465,B,Mobile,Paid Search,New,0,1,0,0,0,0,1,0.0,0.0,0.0
100466,A,Desktop,Email,New,0,0,0,0,0,0,0,0.0,0.0,0.0
100467,A,Mobile,Organic,New,0,1,0,0,0,0,0,0.0,0.0,0.0
100468,A,Desktop,Organic,Returning,0,1,0,0,0,0,1,0.0,0.0,0.0
100469,B,Mobile,Organic,New,0,1,0,0,0,0,1,0.0,0.0,0.0
100470,B,Mobile,Paid Search,New,0,1,1,1,0,0,0,0.0,0.0,0.0
100471,B,Desktop,Direct,New,0,0,0,0,0,0,1,0.0,0.0,0.0
100472,A,Desktop,Direct,New,0,1,0,0,0,0,1,0.0,0.0,0.0
100473,A,Mobile,Email,New,1,1,0,0,0,0,0,0.0,0.0,0.0
100474,A,Desktop,Organic,New,0,1,1,1,1,0,0,2849.145389900181,0.0,2849.145389900181
100475,B,Mobile,Direct,Returning,0,1,0,0,0,0,0,0.0,0.0,0.0
100476,A,Desktop,Social,New,0,1,0,0,0,0,0,0.0,0.0,0.0
100477,A,Mobile,Direct,Returning,0,0,0,0,0,0,0,0.0,0.0,0.0
100478,B,Desktop,Direct,New,0,0,0,0,0,0,0,0.0,0.0,0.0
100479,A,Mobile,Paid Search,Returning,1,0,0,0,0,0,0,0.0,0.0,0.0
100480,A,Desktop,Organic,Returning,0,1,0,0,0,0,0,0.0,0.0,0.0
100481,A,Desktop,Social,New,0,0,0,0,0,0,0,0.0,0.0,0.0
100482,A,Mobile,Direct,New,0,1,0,0,0,0,0,0.0,0.0,0.0
100483,B,Mobile,Organic,New,0,1,1,1,0,0,0,0.0,0.0,0.0
100484,B,Mobile,Social,New,0,1,0,0,0,0,0,0.0,0.0,0.0
100485,A,Mobile,Organic,New,0,1,0,0,0,0,0,0.0,0.0,0.0
100486,A,Desktop,Paid Search,New,1,0,0,0,0,0,1,0.0,0.0,0.0
100487,A,Desktop,Social,New,0,0,0,0,0,0,0,0.0,0.0,0.0
100488,B,Mobile,Organic,New,0,1,0,0,0,0,1,0.0,0.0,0.0
100489,B,Mobile,Direct,New,0,1,1,0,0,0,1,0.0,0.0,0.0
100490,B,Tablet,Organic,New,0,1,0,0,0,0,0,0.0,0.0,0.0
100491,B,Mobile,Paid Search,Returning,0,1,1,1,1,0,0,2663.9753764814945,0.0,2663.9753764814945
100492,B,Desktop,Paid Search,New,0,1,0,0,0,0,0,0.0,0.0,0.0
100493,A,Mobile,Organic,Returning,0,1,0,0,0,0,0,0.0,0.0,0.0
100494,A,Desktop,Organic,Returning,0,0,0,0,0,0,0,0.0,0.0,0.0
100495,B,Mobile,Organic,New,0,1,0,0,0,0,1,0.0,0.0,0.0
100496,B,Mobile,Social,Returning,0,1,0,0,0,0,0,0.0,0.0,0.0
100497,A,Mobile,Organic,Returning,0,1,0,0,0,0,1,0.0,0.0,0.0
100498,A,Desktop,Social,New,0,1,0,0,0,0,1,0.0,0.0,0.0
100499,A,Desktop,Paid Search,New,0,0,0,0,0,0,1,0.0,0.0,0.0
100500,A,Desktop,Direct,New,0,0,0,0,0,0,0,0.0,0.0,0.0
100501,A,Desktop,Social,Returning,0,1,1,0,0,0,0,0.0,0.0,0.0
100502,B,Desktop,Paid Search,Returning,0,1,0,0,0,0,0,0.0,0.0,0.0
100503,B,Desktop,Social,New,0,1,1,1,1,0,1,3023.33453860895,0.0,3023.33453860895
100504,A,Mobile,Organic,Returning,0,1,0,0,0,0,0,0.0,0.0,0.0
100505,B,Desktop,Organic,Returning,0,1,0,0,0,0,1,0.0,0.0,0.0
100506,B,Desktop,Organic,New,0,1,0,0,0,0,0,0.0,0.0,0.0
100507,A,Desktop,Social,New,0,1,0,0,0,0,0,0.0,0.0,0.0
100508,B,Desktop,Organic,New,0,1,0,0,0,0,1,0.0,0.0,0.0
100509,A,Mobile,Paid Search,New,0,1,0,0,0,0,0,0.0,0.0,0.0
100510,A,Tablet,Social,New,0,0,0,0,0,0,0,0.0,0.0,0.0
100511,A,Mobile,Email,New,0,1,0,0,0,0,0,0.0,0.0,0.0
100512,B,Mobile,Organic,Returning,0,1,0,0,0,0,1,0.0,0.0,0.0
100513,A,Mobile,Direct,Returning,0,1,0,0,0,0,0,0.0,0.0,0.0
100514,A,Mobile,Social,New,0,1,0,0,0,0,0,0.0,0.0,0.0
100515,A,Mobile,Organic,Returning,0,0,0,0,0,0,1,0.0,0.0,0.0
100516,A,Mobile,Organic,New,0,1,1,0,0,0,1,0.0,0.0,0.0
100517,A,Mobile,Social,Returning,0,1,1,0,0,0,1,0.0,0.0,0.0
100518,B,Desktop,Social,New,0,0,0,0,0,0,1,0.0,0.0,0.0
100519,B,Mobile,Organic,New,0,1,1,1,1,1,1,2124.0467923389597,2247.771556826409,4371.818349165369
100520,A,Mobile,Paid Search,New,0,1,0,0,0,0,1,0.0,0.0,0.0
100521,A,Mobile,Organic,New,0,0,0,0,0,0,1,0.0,0.0,0.0
100522,A,Mobile,Direct,Returning,0,1,0,0,0,0,0,0.0,0.0,0.0
100523,B,Mobile,Organic,New,0,1,1,1,1,0,0,2839.0916189216186,0.0,2839.0916189216186
100524,A,Desktop,Paid Search,New,0,0,0,0,0,0,0,0.0,0.0,0.0
100525,A,Desktop,Social,New,0,1,0,0,0,0,1,0.0,0.0,0.0
100526,B,Mobile,Organic,New,0,1,0,0,0,0,1,0.0,0.0,0.0
100527,A,Mobile,Social,Returning,0,1,0,0,0,0,0,0.0,0.0,0.0
100528,B,Desktop,Paid Search,Returning,0,0,0,0,0,0,0,0.0,0.0,0.0
100529,A,Desktop,Social,New,0,0,0,0,0,0,0,0.0,0.0,0.0
100530,A,Desktop,Social,New,0,0,0,0,0,0,0,0.0,0.0,0.0
100531,A,Desktop,Organic,Returning,0,1,0,0,0,0,0,0.0,0.0,0.0
100532,B,Mobile,Organic,New,0,1,0,0,0,0,0,0.0,0.0,0.0
100533,A,Desktop,Organic,New,0,0,0,0,0,0,0,0.0,0.0,0.0
100534,B,Mobile,Social,New,0,1,0,0,0,0,1,0.0,0.0,0.0
100535,B,Desktop,Paid Search,New,0,1,0,0,0,0,0,0.0,0.0,0.0
100536,B,Mobile,Email,Returning,0,1,0,0,0,0,1,0.0,0.0,0.0
100537,A,Mobile,Organic,New,0,0,0,0,0,0,1,0.0,0.0,0.0
100538,B,Mobile,Organic,New,0,1,0,0,0,0,0,0.0,0.0,0.0
100539,A,Mobile,Social,New,0,1,0,0,0,0,0,0.0,0.0,0.0
100540,A,Mobile,Social,New,0,0,0,0,0,0,1,0.0,0.0,0.0
100541,A,Mobile,Email,New,0,0,0,0,0,0,0,0.0,0.0,0.0
100542,A,Mobile,Paid Search,New,0,0,0,0,0,0,0,0.0,0.0,0.0
100543,A,Mobile,Organic,New,0,1,0,0,0,0,0,0.0,0.0,0.0
100544,B,Mobile,Direct,Returning,0,1,1,1,1,0,0,3362.9834845220166,0.0,3362.9834845220166
100545,A,Desktop,Paid Search,New,0,1,0,0,0,0,0,0.0,0.0,0.0
100546,B,Mobile,Paid Search,Returning,0,1,1,1,1,0,0,1838.6670080569527,0.0,1838.6670080569527
100547,B,Mobile,Organic,New,0,0,0,0,0,0,0,0.0,0.0,0.0
100548,A,Desktop,Organic,New,0,1,0,0,0,0,0,0.0,0.0,0.0
100549,B,Mobile,Direct,New,0,1,0,0,0,0,0,0.0,0.0,0.0
100550,B,Mobile,Organic,New,0,1,0,0,0,0,1,0.0,0.0,0.0
100551,A,Mobile,Email,Returning,0,1,0,0,0,0,0,0.0,0.0,0.0
100552,B,Mobile,Social,Returning,0,0,0,0,0,0,0,0.0,0.0,0.0
100553,B,Mobile,Email,New,0,1,1,1,0,0,0,0.0,0.0,0.0
100554,A,Mobile,Organic,Returning,0,1,1,1,1,0,0,1725.7392686314734,0.0,1725.7392686314734
100555,A,Desktop,Social,New,0,1,0,0,0,0,1,0.0,0.0,0.0
100556,A,Mobile,Organic,New,0,1,0,0,0,0,0,0.0,0.0,0.0
100557,B,Mobile,Social,New,0,1,0,0,0,0,0,0.0,0.0,0.0
100558,A,Mobile,Organic,New,0,0,0,0,0,0,1,0.0,0.0,0.0
100559,B,Mobile,Organic,New,1,1,0,0,0,0,1,0.0,0.0,0.0
100560,B,Mobile,Direct,New,0,1,0,0,0,0,1,0.0,0.0,0.0
100561,B,Desktop,Organic,New,0,1,1,0,0,0,1,0.0,0.0,0.0
100562,B,Mobile,Organic,New,0,1,0,0,0,0,0,0.0,0.0,0.0
100563,A,Mobile,Paid Search,Returning,0,1,0,0,0,0,1,0.0,0.0,0.0
100564,A,Desktop,Paid Search,New,0,1,0,0,0,0,0,0.0,0.0,0.0
100565,B,Mobile,Paid Search,Returning,0,1,0,0,0,0,1,0.0,0.0,0.0
100566,A,Desktop,Email,New,0,1,0,0,0,0,1,0.0,0.0,0.0
100567,B,Mobile,Organic,Returning,0,0,0,0,0,0,1,0.0,0.0,0.0
100568,B,Mobile,Organic,New,0,0,0,0,0,0,0,0.0,0.0,0.0
100569,B,Mobile,Social,New,1,1,0,0,0,0,0,0.0,0.0,0.0
100570,B,Mobile,Paid Search,Returning,0,1,0,0,0,0,0,0.0,0.0,0.0
100571,B,Desktop,Paid Search,New,0,1,0,0,0,0,0,0.0,0.0,0.0
100572,B,Mobile,Organic,Returning,0,1,0,0,0,0,0,0.0,0.0,0.0
100573,A,Desktop,Social,New,0,1,0,0,0,0,1,0.0,0.0,0.0
100574,B,Desktop,Direct,New,0,1,1,1,1,0,0,1238.6431852125165,0.0,1238.6431852125165
100575,B,Mobile,Organic,New,0,1,0,0,0,0,0,0.0,0.0,0.0
100576,A,Desktop,Organic,Returning,0,0,0,0,0,0,0,0.0,0.0,0.0
100577,B,Desktop,Direct,New,1,0,0,0,0,0,0,0.0,0.0,0.0
100578,B,Mobile,Organic,New,1,1,0,0,0,0,1,0.0,0.0,0.0
100579,B,Mobile,Paid Search,New,0,1,0,0,0,0,1,0.0,0.0,0.0
100580,B,Desktop,Social,Returning,0,1,0,0,0,0,1,0.0,0.0,0.0
100581,A,Mobile,Organic,New,0,1,0,0,0,0,0,0.0,0.0,0.0
100582,B,Mobile,Organic,Returning,0,1,0,0,0,0,1,0.0,0.0,0.0
100583,B,Mobile,Organic,New,0,1,0,0,0,0,0,0.0,0.0,0.0
100584,A,Mobile,Email,New,0,1,1,1,1,0,0,2867.399271598527,0.0,2867.399271598527
100585,B,Mobile,Organic,Returning,0,1,0,0,0,0,0,0.0,0.0,0.0
100586,A,Mobile,Social,New,0,1,0,0,0,0,1,0.0,0.0,0.0
100587,A,Desktop,Paid Search,New,0,1,0,0,0,0,0,0.0,0.0,0.0
100588,A,Mobile,Organic,New,0,1,0,0,0,0,0,0.0,0.0,0.0
100589,A,Mobile,Organic,New,0,1,0,0,0,0,0,0.0,0.0,0.0
100590,A,Desktop,Paid Search,Returning,0,1,0,0,0,0,1,0.0,0.0,0.0
100591,A,Mobile,Social,Returning,0,1,0,0,0,0,1,0.0,0.0,0.0
100592,B,Mobile,Email,New,1,1,1,1,1,0,0,4026.259641005994,0.0,4026.259641005994
100593,B,Mobile,Social,Returning,0,1,0,0,0,0,0,0.0,0.0,0.0
100594,B,Mobile,Paid Search,New,0,1,0,0,0,0,1,0.0,0.0,0.0
100595,B,Mobile,Paid Search,Returning,0,1,0,0,0,0,0,0.0,0.0,0.0
100596,A,Desktop,Email,New,0,0,0,0,0,0,0,0.0,0.0,0.0
100597,B,Mobile,Organic,New,0,1,0,0,0,0,0,0.0,0.0,0.0
100598,A,Desktop,Organic,Returning,0,1,0,0,0,0,1,0.0,0.0,0.0
100599,A,Mobile,Social,New,0,1,0,0,0,0,0,0.0,0.0,0.0
100600,B,Desktop,Social,New,0,1,0,0,0,0,0,0.0,0.0,0.0
100601,B,Desktop,Social,Returning,0,1,0,0,0,0,1,0.0,0.0,0.0
100602,B,Mobile,Organic,New,0,1,1,1,1,0,0,2718.4049799553663,0.0,2718.4049799553663
100603,A,Mobile,Direct,New,0,0,0,0,0,0,0,0.0,0.0,0.0
100604,B,Mobile,Direct,New,0,1,0,0,0,0,0,0.0,0.0,0.0
100605,B,Mobile,Social,Returning,0,1,0,0,0,0,0,0.0,0.0,0.0
100606,B,Mobile,Organic,New,0,1,0,0,0,0,0,0.0,0.0,0.0
100607,A,Mobile,Email,New,0,1,0,0,0,0,0,0.0,0.0,0.0
100608,A,Mobile,Paid Search,New,0,0,0,0,0,0,0,0.0,0.0,0.0
100609,A,Desktop,Email,New,0,1,0,0,0,0,1,0.0,0.0,0.0
100610,A,Mobile,Paid Search,New,0,1,0,0,0,0,1,0.0,0.0,0.0
100611,A,Mobile,Social,New,0,1,1,1,0,0,0,0.0,0.0,0.0
100612,A,Desktop,Organic,New,0,1,0,0,0,0,0,0.0,0.0,0.0
100613,B,Mobile,Social,New,0,1,0,0,0,0,0,0.0,0.0,0.0
100614,B,Desktop,Organic,New,0,1,0,0,0,0,0,0.0,0.0,0.0
100615,B,Mobile,Organic,Returning,0,1,1,1,0,0,1,0.0,0.0,0.0
100616,A,Tablet,Email,New,0,1,1,0,0,0,0,0.0,0.0,0.0
100617,B,Mobile,Email,New,0,0,0,0,0,0,0,0.0,0.0,0.0
100618,A,Mobile,Paid Search,Returning,0,1,0,0,0,0,0,0.0,0.0,0.0
100619,B,Mobile,Paid Search,New,0,1,1,1,0,0,0,0.0,0.0,0.0
100620,A,Mobile,Organic,New,0,1,1,1,1,1,0,2634.138374645986,2438.035175289899,5072.173549935886
100621,A,Mobile,Email,New,0,1,1,1,0,0,0,0.0,0.0,0.0
100622,B,Mobile,Organic,New,0,1,0,0,0,0,1,0.0,0.0,0.0
100623,A,Desktop,Organic,New,0,1,0,0,0,0,0,0.0,0.0,0.0
100624,A,Desktop,Social,Returning,0,1,0,0,0,0,0,0.0,0.0,0.0
100625,B,Mobile,Direct,New,0,1,0,0,0,0,1,0.0,0.0,0.0
100626,A,Desktop,Direct,New,1,1,0,0,0,0,0,0.0,0.0,0.0
100627,B,Mobile,Direct,Returning,0,1,0,0,0,0,0,0.0,0.0,0.0
100628,A,Mobile,Organic,New,0,0,0,0,0,0,0,0.0,0.0,0.0
100629,A,Mobile,Direct,New,0,1,0,0,0,0,0,0.0,0.0,0.0
100630,A,Mobile,Organic,New,0,1,0,0,0,0,1,0.0,0.0,0.0
100631,A,Mobile,Email,New,0,0,0,0,0,0,1,0.0,0.0,0.0
100632,B,Desktop,Social,New,1,1,0,0,0,0,1,0.0,0.0,0.0
100633,B,Mobile,Paid Search,Returning,0,1,0,0,0,0,1,0.0,0.0,0.0
100634,A,Desktop,Email,New,0,0,0,0,0,0,1,0.0,0.0,0.0
100635,A,Desktop,Paid Search,Returning,0,1,0,0,0,0,1,0.0,0.0,0.0
100636,A,Mobile,Organic,New,0,1,0,0,0,0,0,0.0,0.0,0.0
100637,B,Mobile,Organic,Returning,0,0,0,0,0,0,0,0.0,0.0,0.0
100638,A,Mobile,Email,New,1,1,1,1,1,0,0,2344.489700573901,0.0,2344.489700573901
100639,B,Desktop,Paid Search,New,0,1,0,0,0,0,0,0.0,0.0,0.0
100640,B,Desktop,Paid Search,Returning,0,1,0,0,0,0,1,0.0,0.0,0.0
100641,B,Mobile,Paid Search,New,1,1,0,0,0,0,0,0.0,0.0,0.0
100642,B,Mobile,Paid Search,Returning,0,1,0,0,0,0,0,0.0,0.0,0.0
100643,A,Mobile,Organic,Returning,0,1,0,0,0,0,0,0.0,0.0,0.0
100644,A,Desktop,Email,New,0,0,0,0,0,0,1,0.0,0.0,0.0
100645,B,Desktop,Organic,New,0,1,0,0,0,0,0,0.0,0.0,0.0
100646,B,Desktop,Paid Search,New,0,1,0,0,0,0,1,0.0,0.0,0.0
100647,A,Desktop,Paid Search,Returning,0,0,0,0,0,0,0,0.0,0.0,0.0
100648,B,Mobile,Organic,New,0,0,0,0,0,0,1,0.0,0.0,0.0
100649,B,Mobile,Email,New,0,1,0,0,0,0,1,0.0,0.0,0.0
100650,B,Desktop,Paid Search,Returning,0,1,1,0,0,0,1,0.0,0.0,0.0
100651,B,Mobile,Social,New,0,1,0,0,0,0,0,0.0,0.0,0.0
100652,B,Mobile,Paid Search,New,1,0,0,0,0,0,1,0.0,0.0,0.0
100653,A,Desktop,Email,New,0,1,1,1,1,1,0,4120.971261259391,3457.0048573422177,7577.976118601609
100654,B,Mobile,Paid Search,New,0,1,1,1,1,1,0,2975.8746971395676,2946.381822735894,5922.256519875462
100655,A,Mobile,Direct,Returning,0,1,0,0,0,0,0,0.0,0.0,0.0
100656,B,Desktop,Direct,Returning,0,1,1,1,1,0,1,2680.6424634598047,0.0,2680.6424634598047
100657,A,Desktop,Social,New,0,1,1,0,0,0,0,0.0,0.0,0.0
100658,A,Mobile,Email,New,0,0,0,0,0,0,1,0.0,0.0,0.0
100659,A,Desktop,Organic,New,0,0,0,0,0,0,1,0.0,0.0,0.0
100660,A,Mobile,Email,New,0,1,1,1,1,0,1,1261.085830794977,0.0,1261.085830794977
100661,B,Mobile,Organic,New,0,1,0,0,0,0,0,0.0,0.0,0.0
100662,A,Mobile,Paid Search,New,0,1,0,0,0,0,0,0.0,0.0,0.0
100663,B,Desktop,Paid Search,Returning,0,1,0,0,0,0,1,0.0,0.0,0.0
100664,B,Mobile,Organic,Returning,0,1,0,0,0,0,1,0.0,0.0,0.0
100665,A,Mobile,Paid Search,New,0,1,1,1,1,0,0,2688.868310262744,0.0,2688.868310262744
100666,B,Mobile,Paid Search,Returning,0,1,1,0,0,0,0,0.0,0.0,0.0
100667,B,Mobile,Email,New,0,1,0,0,0,0,1,0.0,0.0,0.0
100668,A,Mobile,Organic,New,0,1,0,0,0,0,1,0.0,0.0,0.0
100669,A,Mobile,Organic,New,0,1,0,0,0,0,0,0.0,0.0,0.0
100670,B,Mobile,Email,Returning,0,1,0,0,0,0,0,0.0,0.0,0.0
100671,B,Mobile,Organic,New,0,1,0,0,0,0,1,0.0,0.0,0.0
100672,A,Mobile,Social,New,0,1,0,0,0,0,0,0.0,0.0,0.0
100673,A,Mobile,Paid Search,New,0,1,0,0,0,0,0,0.0,0.0,0.0
100674,B,Mobile,Social,Returning,0,0,0,0,0,0,1,0.0,0.0,0.0
100675,B,Mobile,Email,Returning,0,0,0,0,0,0,0,0.0,0.0,0.0
100676,B,Desktop,Email,New,0,1,0,0,0,0,0,0.0,0.0,0.0
100677,B,Mobile,Organic,New,0,1,0,0,0,0,0,0.0,0.0,0.0
100678,B,Mobile,Email,New,0,1,0,0,0,0,0,0.0,0.0,0.0
100679,A,Mobile,Organic,Returning,0,1,0,0,0,0,1,0.0,0.0,0.0
100680,A,Mobile,Organic,New,0,0,0,0,0,0,0,0.0,0.0,0.0
100681,A,Mobile,Organic,New,1,1,0,0,0,0,0,0.0,0.0,0.0
100682,A,Mobile,Organic,New,1,1,0,0,0,0,0,0.0,0.0,0.0
100683,B,Mobile,Direct,New,0,1,0,0,0,0,1,0.0,0.0,0.0
100684,A,Desktop,Organic,New,0,1,0,0,0,0,0,0.0,0.0,0.0
100685,B,Mobile,Organic,New,0,1,0,0,0,0,0,0.0,0.0,0.0
100686,A,Mobile,Social,New,1,0,0,0,0,0,0,0.0,0.0,0.0
100687,A,Desktop,Social,New,0,1,1,1,1,0,0,2838.797215418421,0.0,2838.797215418421
100688,A,Mobile,Email,New,0,1,0,0,0,0,0,0.0,0.0,0.0
100689,B,Desktop,Email,New,0,1,0,0,0,0,1,0.0,0.0,0.0
100690,B,Mobile,Social,New,0,0,0,0,0,0,0,0.0,0.0,0.0
100691,B,Mobile,Paid Search,Returning,0,1,0,0,0,0,0,0.0,0.0,0.0
100692,A,Desktop,Social,Returning,0,1,0,0,0,0,0,0.0,0.0,0.0
100693,B,Mobile,Social,New,0,1,1,1,0,0,1,0.0,0.0,0.0
100694,B,Mobile,Social,Returning,0,1,0,0,0,0,0,0.0,0.0,0.0
100695,A,Mobile,Paid Search,Returning,0,1,0,0,0,0,0,0.0,0.0,0.0
100696,A,Desktop,Organic,New,1,1,0,0,0,0,0,0.0,0.0,0.0
100697,A,Desktop,Organic,Returning,0,1,0,0,0,0,0,0.0,0.0,0.0
100698,A,Desktop,Direct,Returning,0,1,1,1,1,0,1,2996.189428464785,0.0,2996.189428464785
100699,B,Desktop,Social,New,0,1,0,0,0,0,1,0.0,0.0,0.0
100700,A,Desktop,Paid Search,Returning,0,1,0,0,0,0,0,0.0,0.0,0.0
100701,A,Mobile,Paid Search,New,0,1,1,1,1,0,1,2862.207102890379,0.0,2862.207102890379
100702,A,Mobile,Organic,New,0,0,0,0,0,0,0,0.0,0.0,0.0
100703,A,Mobile,Paid Search,New,0,1,1,1,1,1,0,3296.900336917962,3322.386510211397,6619.286847129359
100704,B,Mobile,Email,New,0,1,0,0,0,0,0,0.0,0.0,0.0
100705,A,Mobile,Social,New,0,1,0,0,0,0,1,0.0,0.0,0.0
100706,B,Mobile,Organic,Returning,0,1,0,0,0,0,0,0.0,0.0,0.0
100707,B,Mobile,Social,New,0,1,1,1,1,1,1,4065.2085976711805,4852.315386516441,8917.523984187621
100708,B,Desktop,Social,New,0,1,0,0,0,0,0,0.0,0.0,0.0
100709,A,Mobile,Paid Search,New,0,1,0,0,0,0,0,0.0,0.0,0.0
100710,A,Desktop,Paid Search,New,0,1,0,0,0,0,0,0.0,0.0,0.0
100711,A,Desktop,Direct,Returning,0,0,0,0,0,0,1,0.0,0.0,0.0
100712,B,Mobile,Organic,New,0,1,1,1,1,0,0,2084.755108793679,0.0,2084.755108793679
100713,B,Tablet,Direct,New,0,0,0,0,0,0,0,0.0,0.0,0.0
100714,A,Mobile,Organic,New,0,1,0,0,0,0,0,0.0,0.0,0.0
100715,B,Mobile,Organic,Returning,0,1,0,0,0,0,0,0.0,0.0,0.0
100716,B,Mobile,Social,Returning,0,1,0,0,0,0,0,0.0,0.0,0.0
100717,B,Mobile,Organic,New,0,1,0,0,0,0,0,0.0,0.0,0.0
100718,B,Desktop,Direct,New,0,1,0,0,0,0,1,0.0,0.0,0.0
100719,B,Mobile,Social,New,0,1,0,0,0,0,1,0.0,0.0,0.0
100720,A,Desktop,Social,New,0,0,0,0,0,0,0,0.0,0.0,0.0
100721,A,Mobile,Social,New,0,0,0,0,0,0,0,0.0,0.0,0.0
100722,B,Tablet,Social,New,0,1,0,0,0,0,1,0.0,0.0,0.0
100723,B,Mobile,Social,New,0,1,0,0,0,0,0,0.0,0.0,0.0
100724,A,Mobile,Direct,New,0,1,0,0,0,0,1,0.0,0.0,0.0
100725,B,Mobile,Social,Returning,0,0,0,0,0,0,0,0.0,0.0,0.0
100726,B,Desktop,Paid Search,New,0,1,1,0,0,0,0,0.0,0.0,0.0
100727,A,Mobile,Organic,New,0,1,0,0,0,0,0,0.0,0.0,0.0
100728,A,Mobile,Paid Search,New,0,1,0,0,0,0,0,0.0,0.0,0.0
100729,B,Mobile,Social,New,0,1,0,0,0,0,1,0.0,0.0,0.0
100730,A,Mobile,Paid Search,New,0,1,1,0,0,0,0,0.0,0.0,0.0
100731,A,Mobile,Social,New,0,1,0,0,0,0,0,0.0,0.0,0.0
100732,A,Mobile,Email,New,0,1,0,0,0,0,0,0.0,0.0,0.0
100733,B,Mobile,Email,New,0,1,0,0,0,0,0,0.0,0.0,0.0
100734,B,Mobile,Direct,New,0,1,0,0,0,0,1,0.0,0.0,0.0
100735,B,Desktop,Social,New,0,1,0,0,0,0,0,0.0,0.0,0.0
100736,A,Mobile,Organic,Returning,0,0,0,0,0,0,0,0.0,0.0,0.0
100737,A,Mobile,Social,New,0,1,0,0,0,0,0,0.0,0.0,0.0
100738,A,Mobile,Organic,New,0,1,1,1,1,0,1,3292.275742526966,0.0,3292.275742526966
100739,B,Mobile,Paid Search,New,0,1,0,0,0,0,1,0.0,0.0,0.0
100740,A,Mobile,Direct,New,0,1,1,0,0,0,0,0.0,0.0,0.0
100741,A,Mobile,Organic,New,0,0,0,0,0,0,0,0.0,0.0,0.0
100742,B,Mobile,Email,New,0,1,0,0,0,0,0,0.0,0.0,0.0
100743,B,Mobile,Paid Search,New,0,0,0,0,0,0,0,0.0,0.0,0.0
100744,B,Mobile,Email,New,0,1,0,0,0,0,0,0.0,0.0,0.0
100745,A,Mobile,Organic,New,0,1,0,0,0,0,0,0.0,0.0,0.0
100746,B,Mobile,Organic,New,0,1,0,0,0,0,1,0.0,0.0,0.0
100747,B,Desktop,Email,Returning,0,1,0,0,0,0,0,0.0,0.0,0.0
100748,A,Mobile,Social,New,0,1,0,0,0,0,0,0.0,0.0,0.0
100749,B,Mobile,Direct,New,0,0,0,0,0,0,0,0.0,0.0,0.0
100750,B,Mobile,Paid Search,New,1,0,0,0,0,0,0,0.0,0.0,0.0
100751,A,Mobile,Paid Search,New,0,1,1,1,1,0,1,3581.6340006967694,0.0,3581.6340006967694
100752,B,Desktop,Social,New,0,0,0,0,0,0,0,0.0,0.0,0.0
100753,B,Tablet,Organic,New,0,0,0,0,0,0,1,0.0,0.0,0.0
100754,B,Mobile,Organic,New,1,1,0,0,0,0,0,0.0,0.0,0.0
100755,A,Desktop,Email,New,0,1,1,1,0,0,0,0.0,0.0,0.0
100756,A,Mobile,Paid Search,Returning,0,1,0,0,0,0,0,0.0,0.0,0.0
100757,B,Desktop,Direct,Returning,0,1,0,0,0,0,1,0.0,0.0,0.0
100758,B,Tablet,Organic,New,0,1,0,0,0,0,1,0.0,0.0,0.0
100759,A,Mobile,Organic,New,0,0,0,0,0,0,1,0.0,0.0,0.0
100760,B,Mobile,Organic,New,0,1,0,0,0,0,1,0.0,0.0,0.0
100761,A,Desktop,Direct,Returning,0,1,0,0,0,0,1,0.0,0.0,0.0
100762,B,Mobile,Email,New,0,1,0,0,0,0,0,0.0,0.0,0.0
100763,A,Mobile,Direct,New,0,1,0,0,0,0,1,0.0,0.0,0.0
100764,A,Mobile,Direct,New,0,1,0,0,0,0,0,0.0,0.0,0.0
100765,A,Mobile,Organic,New,0,1,0,0,0,0,0,0.0,0.0,0.0
100766,A,Mobile,Direct,Returning,0,1,1,1,1,0,1,3600.3383824434427,0.0,3600.3383824434427
100767,A,Mobile,Email,New,0,1,0,0,0,0,0,0.0,0.0,0.0
100768,B,Mobile,Paid Search,New,0,1,0,0,0,0,0,0.0,0.0,0.0
100769,A,Mobile,Paid Search,New,0,1,0,0,0,0,0,0.0,0.0,0.0
100770,B,Desktop,Social,New,0,1,0,0,0,0,1,0.0,0.0,0.0
100771,A,Mobile,Organic,New,0,1,0,0,0,0,1,0.0,0.0,0.0
100772,B,Mobile,Paid Search,New,0,1,0,0,0,0,1,0.0,0.0,0.0
100773,A,Tablet,Email,New,0,1,0,0,0,0,1,0.0,0.0,0.0
100774,B,Tablet,Paid Search,New,0,0,0,0,0,0,1,0.0,0.0,0.0
100775,A,Mobile,Paid Search,Returning,0,1,0,0,0,0,1,0.0,0.0,0.0
100776,B,Mobile,Direct,New,0,0,0,0,0,0,1,0.0,0.0,0.0
100777,B,Mobile,Email,New,0,0,0,0,0,0,1,0.0,0.0,0.0
100778,A,Mobile,Organic,Returning,0,1,0,0,0,0,0,0.0,0.0,0.0
100779,A,Desktop,Organic,New,0,1,0,0,0,0,1,0.0,0.0,0.0
100780,B,Desktop,Organic,New,0,1,0,0,0,0,0,0.0,0.0,0.0
100781,B,Desktop,Social,Returning,0,0,0,0,0,0,0,0.0,0.0,0.0
100782,B,Mobile,Paid Search,New,0,1,0,0,0,0,0,0.0,0.0,0.0
100783,B,Tablet,Paid Search,Returning,0,1,0,0,0,0,0,0.0,0.0,0.0
100784,B,Desktop,Organic,Returning,0,1,0,0,0,0,1,0.0,0.0,0.0
100785,A,Desktop,Paid Search,New,0,1,0,0,0,0,0,0.0,0.0,0.0
100786,A,Desktop,Organic,Returning,0,1,0,0,0,0,0,0.0,0.0,0.0
100787,A,Desktop,Paid Search,New,0,1,0,0,0,0,0,0.0,0.0,0.0
100788,A,Mobile,Organic,New,1,1,0,0,0,0,0,0.0,0.0,0.0
100789,B,Mobile,Paid Search,Returning,0,0,0,0,0,0,1,0.0,0.0,0.0
100790,B,Mobile,Social,New,0,1,0,0,0,0,0,0.0,0.0,0.0
100791,A,Mobile,Paid Search,New,0,1,0,0,0,0,1,0.0,0.0,0.0
100792,A,Desktop,Organic,Returning,0,1,0,0,0,0,1,0.0,0.0,0.0
100793,B,Mobile,Paid Search,Returning,0,0,0,0,0,0,0,0.0,0.0,0.0
100794,A,Tablet,Organic,Returning,0,1,0,0,0,0,0,0.0,0.0,0.0
100795,B,Mobile,Paid Search,New,0,0,0,0,0,0,0,0.0,0.0,0.0
100796,A,Desktop,Email,New,0,1,0,0,0,0,0,0.0,0.0,0.0
100797,A,Desktop,Direct,New,1,0,0,0,0,0,1,0.0,0.0,0.0
100798,B,Mobile,Social,New,0,1,0,0,0,0,0,0.0,0.0,0.0
100799,A,Mobile,Paid Search,Returning,0,1,1,0,0,0,1,0.0,0.0,0.0
100800,A,Mobile,Paid Search,New,0,1,1,1,1,0,0,2608.3866799292455,0.0,2608.3866799292455
100801,B,Mobile,Direct,New,0,0,0,0,0,0,0,0.0,0.0,0.0
100802,A,Tablet,Email,New,0,0,0,0,0,0,0,0.0,0.0,0.0
100803,B,Mobile,Email,New,0,1,1,1,1,1,0,3305.915001308376,3090.4376317961633,6396.35263310454
100804,A,Mobile,Direct,Returning,0,1,1,0,0,0,0,0.0,0.0,0.0
100805,B,Desktop,Direct,New,0,1,1,1,0,0,0,0.0,0.0,0.0
100806,A,Desktop,Paid Search,New,0,1,1,0,0,0,0,0.0,0.0,0.0
100807,B,Desktop,Social,New,0,1,0,0,0,0,0,0.0,0.0,0.0
100808,B,Tablet,Paid Search,New,1,1,0,0,0,0,0,0.0,0.0,0.0
100809,B,Mobile,Social,Returning,0,1,0,0,0,0,1,0.0,0.0,0.0
100810,A,Desktop,Social,New,0,1,0,0,0,0,0,0.0,0.0,0.0
100811,A,Tablet,Email,New,0,0,0,0,0,0,0,0.0,0.0,0.0
100812,A,Mobile,Email,New,0,1,0,0,0,0,0,0.0,0.0,0.0
100813,B,Mobile,Paid Search,New,0,1,0,0,0,0,0,0.0,0.0,0.0
100814,B,Mobile,Paid Search,Returning,0,1,1,1,1,0,1,3496.0979646715023,0.0,3496.0979646715023
100815,A,Desktop,Social,New,0,1,1,0,0,0,0,0.0,0.0,0.0
100816,B,Mobile,Social,New,0,1,0,0,0,0,0,0.0,0.0,0.0
100817,B,Desktop,Paid Search,New,0,1,1,0,0,0,0,0.0,0.0,0.0
100818,B,Mobile,Email,New,0,1,1,0,0,0,1,0.0,0.0,0.0
100819,A,Mobile,Paid Search,New,0,1,0,0,0,0,1,0.0,0.0,0.0
100820,A,Desktop,Social,New,0,1,0,0,0,0,0,0.0,0.0,0.0
100821,A,Mobile,Direct,New,0,1,0,0,0,0,0,0.0,0.0,0.0
100822,B,Desktop,Paid Search,New,0,1,0,0,0,0,0,0.0,0.0,0.0
100823,B,Desktop,Organic,New,0,1,1,0,0,0,0,0.0,0.0,0.0
100824,B,Mobile,Email,New,0,1,0,0,0,0,0,0.0,0.0,0.0
100825,B,Mobile,Email,Returning,0,1,0,0,0,0,0,0.0,0.0,0.0
100826,A,Desktop,Paid Search,New,1,1,0,0,0,0,1,0.0,0.0,0.0
100827,B,Mobile,Organic,New,0,1,0,0,0,0,0,0.0,0.0,0.0
100828,A,Mobile,Paid Search,Returning,0,0,0,0,0,0,0,0.0,0.0,0.0
100829,B,Mobile,Email,New,0,1,0,0,0,0,1,0.0,0.0,0.0
100830,A,Mobile,Email,New,0,1,0,0,0,0,0,0.0,0.0,0.0
100831,A,Mobile,Paid Search,New,0,1,0,0,0,0,0,0.0,0.0,0.0
100832,A,Mobile,Organic,New,0,1,0,0,0,0,0,0.0,0.0,0.0
100833,A,Desktop,Organic,New,0,1,0,0,0,0,0,0.0,0.0,0.0
100834,B,Desktop,Paid Search,New,0,1,0,0,0,0,0,0.0,0.0,0.0
100835,B,Desktop,Organic,Returning,0,1,0,0,0,0,1,0.0,0.0,0.0
100836,A,Mobile,Paid Search,New,1,1,0,0,0,0,0,0.0,0.0,0.0
100837,A,Desktop,Organic,New,0,1,0,0,0,0,0,0.0,0.0,0.0
100838,B,Mobile,Paid Search,New,0,1,0,0,0,0,0,0.0,0.0,0.0
100839,A,Desktop,Social,New,0,1,0,0,0,0,0,0.0,0.0,0.0
100840,A,Mobile,Organic,New,0,1,1,1,1,0,1,2415.1790963246767,0.0,2415.1790963246767
100841,B,Mobile,Paid Search,Returning,0,1,0,0,0,0,0,0.0,0.0,0.0
100842,A,Mobile,Email,Returning,0,1,0,0,0,0,0,0.0,0.0,0.0
100843,B,Mobile,Organic,New,0,1,0,0,0,0,1,0.0,0.0,0.0
100844,A,Mobile,Direct,Returning,0,0,0,0,0,0,0,0.0,0.0,0.0
100845,A,Mobile,Organic,New,0,0,0,0,0,0,1,0.0,0.0,0.0
100846,B,Mobile,Social,Returning,0,0,0,0,0,0,1,0.0,0.0,0.0
100847,B,Desktop,Paid Search,New,0,1,0,0,0,0,1,0.0,0.0,0.0
100848,B,Mobile,Email,Returning,0,1,1,1,1,0,1,2304.4871732376214,0.0,2304.4871732376214
100849,B,Mobile,Paid Search,New,0,1,0,0,0,0,0,0.0,0.0,0.0
100850,A,Desktop,Organic,New,0,1,0,0,0,0,1,0.0,0.0,0.0
100851,A,Mobile,Email,Returning,0,1,0,0,0,0,1,0.0,0.0,0.0
100852,A,Desktop,Direct,New,0,1,0,0,0,0,0,0.0,0.0,0.0
100853,A,Mobile,Social,New,0,0,0,0,0,0,0,0.0,0.0,0.0
100854,B,Mobile,Paid Search,New,0,1,0,0,0,0,0,0.0,0.0,0.0
100855,A,Mobile,Organic,New,0,1,0,0,0,0,1,0.0,0.0,0.0
100856,A,Desktop,Organic,New,0,1,0,0,0,0,0,0.0,0.0,0.0
100857,A,Desktop,Email,New,0,1,0,0,0,0,0,0.0,0.0,0.0
100858,B,Desktop,Organic,New,0,1,0,0,0,0,0,0.0,0.0,0.0
100859,A,Mobile,Social,New,0,1,0,0,0,0,0,0.0,0.0,0.0
100860,A,Mobile,Email,Returning,0,1,0,0,0,0,1,0.0,0.0,0.0
100861,B,Mobile,Paid Search,Returning,0,1,0,0,0,0,1,0.0,0.0,0.0
100862,A,Tablet,Social,New,0,1,0,0,0,0,0,0.0,0.0,0.0
100863,B,Mobile,Organic,Returning,0,1,0,0,0,0,0,0.0,0.0,0.0
100864,A,Mobile,Paid Search,New,0,1,0,0,0,0,1,0.0,0.0,0.0
100865,B,Mobile,Paid Search,New,0,1,0,0,0,0,0,0.0,0.0,0.0
100866,B,Desktop,Social,Returning,0,0,0,0,0,0,0,0.0,0.0,0.0
100867,A,Mobile,Social,New,0,1,0,0,0,0,0,0.0,0.0,0.0
100868,A,Desktop,Paid Search,New,0,1,0,0,0,0,0,0.0,0.0,0.0
100869,A,Desktop,Organic,Returning,0,0,0,0,0,0,1,0.0,0.0,0.0
100870,A,Mobile,Paid Search,Returning,0,1,0,0,0,0,0,0.0,0.0,0.0
100871,B,Mobile,Paid Search,New,0,0,0,0,0,0,0,0.0,0.0,0.0
100872,A,Mobile,Social,New,1,1,0,0,0,0,0,0.0,0.0,0.0
100873,B,Mobile,Organic,New,0,1,0,0,0,0,1,0.0,0.0,0.0
100874,B,Mobile,Direct,New,1,1,1,0,0,0,1,0.0,0.0,0.0
100875,B,Mobile,Direct,Returning,0,1,0,0,0,0,0,0.0,0.0,0.0
100876,B,Mobile,Email,New,1,1,0,0,0,0,1,0.0,0.0,0.0
100877,A,Mobile,Paid Search,New,0,1,1,1,0,0,0,0.0,0.0,0.0
100878,B,Mobile,Social,New,1,1,0,0,0,0,0,0.0,0.0,0.0
100879,B,Mobile,Paid Search,New,0,1,0,0,0,0,0,0.0,0.0,0.0
100880,B,Tablet,Email,New,0,1,0,0,0,0,1,0.0,0.0,0.0
100881,A,Tablet,Paid Search,Returning,0,1,0,0,0,0,0,0.0,0.0,0.0
100882,B,Mobile,Paid Search,Returning,0,1,1,0,0,0,1,0.0,0.0,0.0
100883,A,Mobile,Email,Returning,0,0,0,0,0,0,1,0.0,0.0,0.0
100884,A,Mobile,Paid Search,Returning,0,1,0,0,0,0,1,0.0,0.0,0.0
100885,A,Tablet,Email,Returning,0,0,0,0,0,0,0,0.0,0.0,0.0
100886,B,Mobile,Social,New,0,1,0,0,0,0,1,0.0,0.0,0.0
100887,B,Mobile,Social,New,0,1,0,0,0,0,1,0.0,0.0,0.0
100888,B,Mobile,Paid Search,Returning,0,1,0,0,0,0,1,0.0,0.0,0.0
100889,A,Desktop,Email,New,0,0,0,0,0,0,1,0.0,0.0,0.0
100890,A,Mobile,Social,Returning,0,1,1,1,1,1,1,3292.7687630022415,3859.8084784084,7152.577241410641
100891,A,Mobile,Email,New,0,0,0,0,0,0,0,0.0,0.0,0.0
100892,B,Mobile,Paid Search,Returning,0,0,0,0,0,0,0,0.0,0.0,0.0
100893,B,Mobile,Organic,New,0,1,0,0,0,0,0,0.0,0.0,0.0
100894,A,Mobile,Organic,New,0,1,0,0,0,0,1,0.0,0.0,0.0
100895,A,Mobile,Social,Returning,0,1,0,0,0,0,1,0.0,0.0,0.0
100896,B,Mobile,Email,New,0,1,1,0,0,0,0,0.0,0.0,0.0
100897,A,Mobile,Social,New,0,1,1,1,0,0,0,0.0,0.0,0.0
100898,B,Mobile,Social,New,0,0,0,0,0,0,0,0.0,0.0,0.0
100899,B,Mobile,Paid Search,New,0,1,0,0,0,0,0,0.0,0.0,0.0
100900,A,Mobile,Direct,New,0,1,0,0,0,0,0,0.0,0.0,0.0
100901,A,Mobile,Organic,New,0,1,0,0,0,0,1,0.0,0.0,0.0
100902,B,Mobile,Organic,New,0,1,0,0,0,0,0,0.0,0.0,0.0
100903,A,Mobile,Email,New,0,0,0,0,0,0,0,0.0,0.0,0.0
100904,B,Mobile,Organic,New,0,1,0,0,0,0,0,0.0,0.0,0.0
100905,B,Mobile,Organic,New,0,0,0,0,0,0,1,0.0,0.0,0.0
100906,A,Mobile,Paid Search,New,0,1,0,0,0,0,1,0.0,0.0,0.0
100907,B,Tablet,Organic,Returning,0,1,0,0,0,0,0,0.0,0.0,0.0
100908,B,Mobile,Social,New,1,1,1,1,0,0,1,0.0,0.0,0.0
100909,A,Mobile,Paid Search,New,1,1,0,0,0,0,0,0.0,0.0,0.0
100910,A,Mobile,Organic,New,1,1,0,0,0,0,1,0.0,0.0,0.0
100911,A,Mobile,Email,Returning,0,0,0,0,0,0,0,0.0,0.0,0.0
100912,B,Mobile,Social,New,0,0,0,0,0,0,0,0.0,0.0,0.0
100913,A,Mobile,Social,Returning,0,1,1,1,1,1,0,1582.8602640078986,1919.8954986622969,3502.7557626701955
100914,A,Mobile,Direct,New,0,1,0,0,0,0,0,0.0,0.0,0.0
100915,A,Desktop,Organic,New,0,0,0,0,0,0,0,0.0,0.0,0.0
100916,A,Mobile,Organic,New,0,0,0,0,0,0,0,0.0,0.0,0.0
100917,A,Mobile,Email,New,0,1,1,1,1,0,0,3473.764226908962,0.0,3473.764226908962
100918,B,Desktop,Organic,New,0,1,0,0,0,0,0,0.0,0.0,0.0
100919,A,Tablet,Direct,New,0,0,0,0,0,0,0,0.0,0.0,0.0
100920,A,Mobile,Organic,Returning,0,1,0,0,0,0,0,0.0,0.0,0.0
100921,A,Desktop,Organic,New,0,1,0,0,0,0,0,0.0,0.0,0.0
100922,A,Mobile,Paid Search,New,0,1,0,0,0,0,1,0.0,0.0,0.0
100923,B,Mobile,Organic,Returning,0,1,0,0,0,0,0,0.0,0.0,0.0
100924,B,Mobile,Social,Returning,1,0,0,0,0,0,1,0.0,0.0,0.0
100925,A,Mobile,Email,Returning,0,1,1,1,1,0,1,2468.525352399034,0.0,2468.525352399034
100926,A,Mobile,Paid Search,New,0,1,0,0,0,0,1,0.0,0.0,0.0
100927,A,Desktop,Paid Search,New,0,0,0,0,0,0,0,0.0,0.0,0.0
100928,B,Mobile,Social,New,0,0,0,0,0,0,0,0.0,0.0,0.0
100929,B,Mobile,Paid Search,New,0,0,0,0,0,0,0,0.0,0.0,0.0
100930,A,Desktop,Paid Search,New,0,0,0,0,0,0,0,0.0,0.0,0.0
100931,A,Mobile,Paid Search,New,0,1,0,0,0,0,1,0.0,0.0,0.0
100932,B,Mobile,Direct,New,0,0,0,0,0,0,0,0.0,0.0,0.0
100933,B,Desktop,Organic,New,0,0,0,0,0,0,0,0.0,0.0,0.0
100934,B,Mobile,Social,New,0,1,1,0,0,0,0,0.0,0.0,0.0
100935,B,Desktop,Paid Search,New,0,1,0,0,0,0,1,0.0,0.0,0.0
100936,A,Mobile,Organic,New,0,1,0,0,0,0,0,0.0,0.0,0.0
100937,B,Mobile,Organic,Returning,0,1,0,0,0,0,0,0.0,0.0,0.0
100938,A,Desktop,Paid Search,New,1,1,1,1,1,1,0,2463.1361023857694,2461.956244089448,4925.092346475218
100939,A,Mobile,Organic,New,0,1,1,0,0,0,1,0.0,0.0,0.0
100940,A,Mobile,Paid Search,Returning,1,1,0,0,0,0,0,0.0,0.0,0.0
100941,A,Desktop,Direct,New,0,1,0,0,0,0,0,0.0,0.0,0.0
100942,A,Mobile,Email,New,0,1,0,0,0,0,0,0.0,0.0,0.0
100943,B,Tablet,Organic,Returning,1,0,0,0,0,0,0,0.0,0.0,0.0
100944,B,Mobile,Organic,Returning,0,1,0,0,0,0,1,0.0,0.0,0.0
100945,A,Mobile,Paid Search,New,0,1,1,1,1,0,0,3537.424041373749,0.0,3537.424041373749
100946,A,Mobile,Paid Search,Returning,0,1,0,0,0,0,0,0.0,0.0,0.0
100947,B,Mobile,Organic,Returning,0,0,0,0,0,0,0,0.0,0.0,0.0
100948,A,Desktop,Organic,New,0,0,0,0,0,0,0,0.0,0.0,0.0
100949,A,Desktop,Direct,Returning,0,1,0,0,0,0,1,0.0,0.0,0.0
100950,A,Mobile,Direct,Returning,0,1,0,0,0,0,0,0.0,0.0,0.0
100951,A,Mobile,Organic,Returning,0,1,1,1,0,0,0,0.0,0.0,0.0
100952,A,Mobile,Organic,Returning,1,1,0,0,0,0,0,0.0,0.0,0.0
100953,B,Mobile,Direct,New,0,1,0,0,0,0,0,0.0,0.0,0.0
100954,B,Tablet,Email,New,0,1,0,0,0,0,0,0.0,0.0,0.0
100955,B,Mobile,Email,New,1,1,0,0,0,0,0,0.0,0.0,0.0
100956,A,Desktop,Social,New,0,1,0,0,0,0,0,0.0,0.0,0.0
100957,B,Desktop,Paid Search,Returning,0,1,0,0,0,0,1,0.0,0.0,0.0
100958,A,Mobile,Organic,New,0,1,0,0,0,0,1,0.0,0.0,0.0
100959,A,Desktop,Direct,New,0,1,0,0,0,0,0,0.0,0.0,0.0
100960,A,Mobile,Direct,Returning,1,1,0,0,0,0,0,0.0,0.0,0.0
100961,B,Desktop,Paid Search,Returning,0,1,1,0,0,0,0,0.0,0.0,0.0
100962,B,Mobile,Organic,New,1,1,0,0,0,0,1,0.0,0.0,0.0
100963,A,Desktop,Paid Search,New,0,0,0,0,0,0,0,0.0,0.0,0.0
100964,B,Mobile,Direct,New,0,1,0,0,0,0,0,0.0,0.0,0.0
100965,B,Mobile,Paid Search,New,0,1,1,1,1,0,1,3521.5212531781885,0.0,3521.5212531781885
100966,B,Mobile,Direct,New,0,1,0,0,0,0,1,0.0,0.0,0.0
100967,A,Desktop,Social,New,0,1,0,0,0,0,0,0.0,0.0,0.0
100968,B,Mobile,Paid Search,Returning,0,0,0,0,0,0,1,0.0,0.0,0.0
100969,B,Tablet,Social,Returning,0,1,1,1,0,0,0,0.0,0.0,0.0
100970,A,Desktop,Direct,New,0,1,0,0,0,0,1,0.0,0.0,0.0
100971,A,Mobile,Email,New,0,0,0,0,0,0,0,0.0,0.0,0.0
100972,B,Mobile,Direct,New,0,1,0,0,0,0,0,0.0,0.0,0.0
100973,A,Mobile,Paid Search,Returning,0,0,0,0,0,0,1,0.0,0.0,0.0
100974,B,Mobile,Organic,Returning,0,1,0,0,0,0,0,0.0,0.0,0.0
100975,A,Desktop,Organic,New,0,1,0,0,0,0,0,0.0,0.0,0.0
100976,A,Desktop,Organic,New,0,1,0,0,0,0,0,0.0,0.0,0.0
100977,B,Mobile,Email,Returning,0,1,0,0,0,0,1,0.0,0.0,0.0
100978,B,Mobile,Organic,Returning,0,1,0,0,0,0,0,0.0,0.0,0.0
100979,B,Desktop,Organic,New,0,0,0,0,0,0,0,0.0,0.0,0.0
100980,B,Mobile,Direct,New,1,1,0,0,0,0,1,0.0,0.0,0.0
100981,A,Mobile,Direct,New,0,1,0,0,0,0,0,0.0,0.0,0.0
100982,A,Mobile,Organic,New,1,0,0,0,0,0,1,0.0,0.0,0.0
100983,A,Mobile,Social,New,0,1,0,0,0,0,1,0.0,0.0,0.0
100984,A,Mobile,Paid Search,Returning,0,1,0,0,0,0,1,0.0,0.0,0.0
100985,B,Mobile,Organic,New,0,1,0,0,0,0,0,0.0,0.0,0.0
100986,A,Mobile,Paid Search,New,0,0,0,0,0,0,0,0.0,0.0,0.0
100987,A,Desktop,Social,New,0,1,0,0,0,0,1,0.0,0.0,0.0
100988,B,Desktop,Direct,New,0,1,0,0,0,0,0,0.0,0.0,0.0
100989,A,Desktop,Social,New,0,1,0,0,0,0,0,0.0,0.0,0.0
100990,B,Mobile,Email,Returning,0,0,0,0,0,0,0,0.0,0.0,0.0
100991,A,Mobile,Organic,Returning,0,1,0,0,0,0,0,0.0,0.0,0.0
100992,B,Mobile,Organic,New,1,1,0,0,0,0,1,0.0,0.0,0.0
100993,B,Mobile,Email,Returning,0,0,0,0,0,0,0,0.0,0.0,0.0
100994,A,Mobile,Paid Search,Returning,1,1,1,1,1,1,1,2717.3431168676057,3013.923881234304,5731.26699810191
100995,B,Mobile,Organic,New,0,1,0,0,0,0,1,0.0,0.0,0.0
100996,B,Mobile,Email,Returning,0,1,0,0,0,0,0,0.0,0.0,0.0
100997,B,Mobile,Organic,New,0,1,1,1,1,0,0,3802.159975228212,0.0,3802.159975228212
100998,B,Mobile,Social,New,0,1,1,0,0,0,0,0.0,0.0,0.0
100999,B,Tablet,Paid Search,Returning,0,1,1,0,0,0,0,0.0,0.0,0.0
101000,A,Mobile,Organic,Returning,0,1,0,0,0,0,0,0.0,0.0,0.0
101001,B,Mobile,Direct,New,0,1,0,0,0,0,1,0.0,0.0,0.0
101002,B,Desktop,Social,New,1,1,0,0,0,0,1,0.0,0.0,0.0
101003,B,Mobile,Direct,New,1,1,1,1,1,0,1,3682.839857913297,0.0,3682.839857913297
101004,A,Desktop,Paid Search,New,0,1,0,0,0,0,0,0.0,0.0,0.0
101005,B,Desktop,Email,New,0,0,0,0,0,0,0,0.0,0.0,0.0
101006,B,Mobile,Organic,Returning,0,1,0,0,0,0,1,0.0,0.0,0.0
101007,A,Mobile,Paid Search,New,0,1,0,0,0,0,0,0.0,0.0,0.0
101008,A,Mobile,Paid Search,New,0,0,0,0,0,0,1,0.0,0.0,0.0
101009,B,Mobile,Paid Search,New,0,0,0,0,0,0,0,0.0,0.0,0.0
101010,A,Mobile,Paid Search,Returning,0,1,0,0,0,0,0,0.0,0.0,0.0
101011,B,Mobile,Organic,Returning,0,0,0,0,0,0,1,0.0,0.0,0.0
101012,A,Mobile,Social,New,0,0,0,0,0,0,1,0.0,0.0,0.0
101013,A,Mobile,Organic,New,1,1,0,0,0,0,0,0.0,0.0,0.0
101014,B,Mobile,Organic,Returning,1,1,1,0,0,0,0,0.0,0.0,0.0
101015,B,Desktop,Social,New,0,1,0,0,0,0,1,0.0,0.0,0.0
101016,A,Desktop,Direct,New,0,1,0,0,0,0,0,0.0,0.0,0.0
101017,B,Mobile,Email,New,1,1,0,0,0,0,0,0.0,0.0,0.0
101018,A,Mobile,Organic,Returning,0,1,0,0,0,0,0,0.0,0.0,0.0
101019,A,Mobile,Direct,New,0,1,0,0,0,0,0,0.0,0.0,0.0
101020,B,Desktop,Organic,Returning,0,1,0,0,0,0,0,0.0,0.0,0.0
101021,B,Mobile,Organic,New,0,0,0,0,0,0,0,0.0,0.0,0.0
101022,A,Mobile,Organic,New,0,1,0,0,0,0,0,0.0,0.0,0.0
101023,B,Mobile,Paid Search,New,0,1,0,0,0,0,1,0.0,0.0,0.0
101024,A,Tablet,Direct,New,0,1,1,0,0,0,1,0.0,0.0,0.0
101025,A,Mobile,Email,New,1,1,0,0,0,0,0,0.0,0.0,0.0
101026,A,Desktop,Social,New,0,1,0,0,0,0,0,0.0,0.0,0.0
101027,A,Mobile,Paid Search,New,0,1,0,0,0,0,0,0.0,0.0,0.0
101028,A,Desktop,Organic,New,0,1,0,0,0,0,0,0.0,0.0,0.0
101029,B,Mobile,Organic,New,0,1,0,0,0,0,0,0.0,0.0,0.0
101030,B,Desktop,Paid Search,New,0,1,0,0,0,0,0,0.0,0.0,0.0
101031,B,Desktop,Organic,New,1,1,0,0,0,0,1,0.0,0.0,0.0
101032,A,Mobile,Social,New,0,1,0,0,0,0,0,0.0,0.0,0.0
101033,A,Mobile,Email,New,0,1,0,0,0,0,0,0.0,0.0,0.0
101034,A,Mobile,Organic,Returning,1,1,0,0,0,0,0,0.0,0.0,0.0
101035,B,Desktop,Social,New,0,1,0,0,0,0,0,0.0,0.0,0.0
101036,B,Mobile,Paid Search,New,1,1,1,1,0,0,1,0.0,0.0,0.0
101037,A,Mobile,Paid Search,New,0,1,1,1,1,0,0,1904.0584449853302,0.0,1904.0584449853302
101038,A,Mobile,Organic,New,0,1,0,0,0,0,1,0.0,0.0,0.0
101039,A,Desktop,Social,Returning,0,1,0,0,0,0,1,0.0,0.0,0.0
101040,B,Mobile,Social,Returning,0,0,0,0,0,0,1,0.0,0.0,0.0
101041,A,Desktop,Paid Search,New,0,1,0,0,0,0,0,0.0,0.0,0.0
101042,B,Tablet,Paid Search,New,0,1,0,0,0,0,1,0.0,0.0,0.0
101043,A,Mobile,Email,Returning,1,1,0,0,0,0,0,0.0,0.0,0.0
101044,B,Desktop,Paid Search,New,1,1,0,0,0,0,1,0.0,0.0,0.0
101045,A,Mobile,Direct,New,0,1,0,0,0,0,0,0.0,0.0,0.0
101046,A,Mobile,Direct,Returning,0,1,0,0,0,0,0,0.0,0.0,0.0
101047,B,Desktop,Direct,Returning,0,1,0,0,0,0,0,0.0,0.0,0.0
101048,B,Mobile,Organic,New,1,1,0,0,0,0,0,0.0,0.0,0.0
101049,B,Mobile,Direct,Returning,0,1,0,0,0,0,0,0.0,0.0,0.0
101050,B,Desktop,Social,New,0,0,0,0,0,0,0,0.0,0.0,0.0
101051,A,Mobile,Organic,New,1,1,0,0,0,0,0,0.0,0.0,0.0
101052,B,Desktop,Social,New,0,1,0,0,0,0,0,0.0,0.0,0.0
101053,A,Tablet,Email,Returning,0,1,0,0,0,0,1,0.0,0.0,0.0
101054,A,Mobile,Paid Search,Returning,0,1,0,0,0,0,0,0.0,0.0,0.0
101055,B,Tablet,Email,Returning,0,1,0,0,0,0,0,0.0,0.0,0.0
101056,B,Desktop,Email,New,0,1,1,0,0,0,0,0.0,0.0,0.0
101057,B,Mobile,Paid Search,New,0,1,0,0,0,0,1,0.0,0.0,0.0
101058,A,Mobile,Social,Returning,1,1,0,0,0,0,0,0.0,0.0,0.0
101059,A,Desktop,Email,New,0,1,1,1,0,0,1,0.0,0.0,0.0
101060,A,Mobile,Organic,New,0,1,0,0,0,0,0,0.0,0.0,0.0
101061,B,Mobile,Email,Returning,0,1,0,0,0,0,1,0.0,0.0,0.0
101062,A,Mobile,Organic,Returning,0,1,0,0,0,0,0,0.0,0.0,0.0
101063,A,Mobile,Social,New,0,1,0,0,0,0,1,0.0,0.0,0.0
101064,B,Mobile,Organic,Returning,0,1,1,1,0,0,0,0.0,0.0,0.0
101065,A,Mobile,Direct,Returning,0,1,0,0,0,0,0,0.0,0.0,0.0
101066,A,Mobile,Direct,New,0,0,0,0,0,0,0,0.0,0.0,0.0
101067,A,Desktop,Organic,New,0,1,1,1,1,0,1,2909.444285744432,0.0,2909.444285744432
101068,A,Mobile,Social,New,0,1,0,0,0,0,0,0.0,0.0,0.0
101069,B,Mobile,Organic,Returning,0,1,0,0,0,0,0,0.0,0.0,0.0
101070,A,Mobile,Direct,New,0,1,0,0,0,0,1,0.0,0.0,0.0
101071,B,Desktop,Direct,New,0,1,0,0,0,0,0,0.0,0.0,0.0
101072,B,Desktop,Paid Search,New,0,1,1,0,0,0,1,0.0,0.0,0.0
101073,A,Mobile,Paid Search,New,0,1,0,0,0,0,1,0.0,0.0,0.0
101074,B,Tablet,Social,New,0,1,0,0,0,0,1,0.0,0.0,0.0
101075,B,Mobile,Email,Returning,0,0,0,0,0,0,0,0.0,0.0,0.0
101076,B,Mobile,Direct,New,0,1,0,0,0,0,0,0.0,0.0,0.0
101077,A,Desktop,Paid Search,Returning,0,1,0,0,0,0,1,0.0,0.0,0.0
101078,A,Desktop,Paid Search,Returning,0,1,0,0,0,0,0,0.0,0.0,0.0
101079,B,Mobile,Paid Search,New,0,1,1,1,1,1,0,1672.272966634754,1666.046124870896,3338.3190915056502
101080,A,Mobile,Organic,New,0,0,0,0,0,0,0,0.0,0.0,0.0
101081,B,Mobile,Organic,Returning,1,0,0,0,0,0,0,0.0,0.0,0.0
101082,A,Mobile,Direct,Returning,0,0,0,0,0,0,1,0.0,0.0,0.0
101083,B,Mobile,Paid Search,Returning,0,1,1,0,0,0,0,0.0,0.0,0.0
101084,B,Mobile,Social,Returning,0,1,0,0,0,0,0,0.0,0.0,0.0
101085,A,Mobile,Email,New,0,1,1,1,0,0,0,0.0,0.0,0.0
101086,B,Desktop,Paid Search,New,0,1,1,1,1,1,1,3316.992490064463,3518.287525108085,6835.280015172548
101087,A,Mobile,Paid Search,New,0,0,0,0,0,0,0,0.0,0.0,0.0
101088,A,Mobile,Direct,Returning,0,1,1,0,0,0,1,0.0,0.0,0.0
101089,A,Mobile,Email,New,0,1,0,0,0,0,1,0.0,0.0,0.0
101090,A,Mobile,Email,New,0,1,0,0,0,0,0,0.0,0.0,0.0
101091,A,Desktop,Organic,New,0,0,0,0,0,0,0,0.0,0.0,0.0
101092,A,Mobile,Organic,New,0,1,0,0,0,0,0,0.0,0.0,0.0
101093,B,Mobile,Direct,Returning,0,1,0,0,0,0,1,0.0,0.0,0.0
101094,A,Desktop,Paid Search,New,0,1,0,0,0,0,0,0.0,0.0,0.0
101095,A,Mobile,Organic,New,1,0,0,0,0,0,0,0.0,0.0,0.0
101096,B,Mobile,Email,New,1,1,0,0,0,0,0,0.0,0.0,0.0
101097,A,Desktop,Organic,New,0,1,0,0,0,0,1,0.0,0.0,0.0
101098,A,Mobile,Paid Search,New,0,1,0,0,0,0,0,0.0,0.0,0.0
101099,B,Desktop,Paid Search,New,0,0,0,0,0,0,0,0.0,0.0,0.0
101100,A,Desktop,Paid Search,New,0,0,0,0,0,0,1,0.0,0.0,0.0
101101,B,Desktop,Email,Returning,0,1,0,0,0,0,0,0.0,0.0,0.0
101102,A,Tablet,Organic,New,0,1,0,0,0,0,0,0.0,0.0,0.0
101103,B,Mobile,Organic,New,0,1,0,0,0,0,0,0.0,0.0,0.0
101104,A,Mobile,Paid Search,New,0,1,0,0,0,0,0,0.0,0.0,0.0
101105,B,Mobile,Direct,New,0,1,0,0,0,0,0,0.0,0.0,0.0
101106,B,Desktop,Organic,Returning,0,1,0,0,0,0,0,0.0,0.0,0.0
101107,A,Mobile,Email,New,1,0,0,0,0,0,0,0.0,0.0,0.0
101108,A,Mobile,Direct,New,0,1,1,0,0,0,1,0.0,0.0,0.0
101109,A,Mobile,Organic,New,0,1,0,0,0,0,0,0.0,0.0,0.0
101110,B,Desktop,Organic,Returning,0,1,0,0,0,0,0,0.0,0.0,0.0
101111,B,Mobile,Organic,New,1,1,0,0,0,0,0,0.0,0.0,0.0
101112,A,Desktop,Social,New,0,1,0,0,0,0,1,0.0,0.0,0.0
101113,A,Desktop,Direct,New,0,1,1,1,1,1,1,3210.2837464782187,3467.9795992673735,6678.263345745592
101114,B,Mobile,Email,Returning,0,1,0,0,0,0,1,0.0,0.0,0.0
101115,B,Mobile,Social,Returning,0,1,0,0,0,0,0,0.0,0.0,0.0
101116,B,Mobile,Direct,New,0,1,0,0,0,0,0,0.0,0.0,0.0
101117,A,Mobile,Paid Search,New,0,1,0,0,0,0,0,0.0,0.0,0.0
101118,B,Tablet,Direct,Returning,0,1,1,1,0,0,0,0.0,0.0,0.0
101119,B,Mobile,Organic,New,1,1,0,0,0,0,0,0.0,0.0,0.0
101120,B,Mobile,Email,Returning,0,1,0,0,0,0,1,0.0,0.0,0.0
101121,B,Tablet,Organic,New,0,1,0,0,0,0,0,0.0,0.0,0.0
101122,B,Desktop,Organic,New,0,1,0,0,0,0,0,0.0,0.0,0.0
101123,B,Mobile,Paid Search,New,0,1,0,0,0,0,0,0.0,0.0,0.0
101124,B,Mobile,Email,Returning,0,0,0,0,0,0,0,0.0,0.0,0.0
101125,A,Mobile,Organic,New,0,1,0,0,0,0,1,0.0,0.0,0.0
101126,A,Mobile,Email,New,0,1,1,1,1,0,1,2784.6527598698626,0.0,2784.6527598698626
101127,A,Desktop,Direct,New,0,1,0,0,0,0,0,0.0,0.0,0.0
101128,B,Mobile,Organic,New,0,1,0,0,0,0,0,0.0,0.0,0.0
101129,A,Mobile,Organic,New,0,1,0,0,0,0,0,0.0,0.0,0.0
101130,B,Mobile,Email,New,0,0,0,0,0,0,0,0.0,0.0,0.0
101131,B,Desktop,Organic,New,0,1,0,0,0,0,0,0.0,0.0,0.0
101132,B,Mobile,Organic,New,0,0,0,0,0,0,0,0.0,0.0,0.0
101133,B,Desktop,Paid Search,Returning,0,1,0,0,0,0,0,0.0,0.0,0.0
101134,B,Desktop,Social,New,0,1,0,0,0,0,1,0.0,0.0,0.0
101135,B,Desktop,Organic,New,0,1,1,1,1,0,0,2602.1521101669505,0.0,2602.1521101669505
101136,B,Mobile,Paid Search,Returning,0,1,0,0,0,0,0,0.0,0.0,0.0
101137,B,Desktop,Organic,New,0,0,0,0,0,0,0,0.0,0.0,0.0
101138,B,Mobile,Organic,New,0,0,0,0,0,0,0,0.0,0.0,0.0
101139,B,Mobile,Organic,Returning,0,1,0,0,0,0,1,0.0,0.0,0.0
101140,A,Desktop,Paid Search,New,0,1,0,0,0,0,0,0.0,0.0,0.0
101141,B,Desktop,Organic,New,0,1,0,0,0,0,1,0.0,0.0,0.0
101142,B,Mobile,Social,New,0,1,0,0,0,0,1,0.0,0.0,0.0
101143,B,Mobile,Social,Returning,0,1,0,0,0,0,0,0.0,0.0,0.0
101144,B,Mobile,Social,New,1,1,0,0,0,0,1,0.0,0.0,0.0
101145,A,Desktop,Organic,New,0,1,0,0,0,0,0,0.0,0.0,0.0
101146,A,Mobile,Direct,New,0,0,0,0,0,0,0,0.0,0.0,0.0
101147,B,Mobile,Direct,Returning,0,1,0,0,0,0,0,0.0,0.0,0.0
101148,B,Mobile,Paid Search,New,0,1,0,0,0,0,0,0.0,0.0,0.0
101149,A,Mobile,Paid Search,New,0,1,0,0,0,0,0,0.0,0.0,0.0
101150,A,Mobile,Paid Search,New,0,0,0,0,0,0,1,0.0,0.0,0.0
101151,A,Mobile,Paid Search,New,0,1,1,1,0,0,0,0.0,0.0,0.0
101152,B,Tablet,Paid Search,Returning,0,1,0,0,0,0,0,0.0,0.0,0.0
101153,A,Mobile,Paid Search,New,0,1,0,0,0,0,0,0.0,0.0,0.0
101154,B,Mobile,Social,Returning,0,0,0,0,0,0,0,0.0,0.0,0.0
101155,A,Mobile,Paid Search,New,1,1,0,0,0,0,0,0.0,0.0,0.0
101156,B,Mobile,Organic,New,0,0,0,0,0,0,0,0.0,0.0,0.0
101157,B,Desktop,Social,Returning,0,1,0,0,0,0,1,0.0,0.0,0.0
101158,B,Desktop,Paid Search,Returning,0,1,0,0,0,0,1,0.0,0.0,0.0
101159,B,Mobile,Organic,New,0,1,0,0,0,0,1,0.0,0.0,0.0
101160,B,Mobile,Paid Search,Returning,0,0,0,0,0,0,0,0.0,0.0,0.0
101161,B,Mobile,Social,New,0,1,1,1,1,0,1,3714.3689302825446,0.0,3714.3689302825446
101162,B,Desktop,Organic,New,0,1,1,1,0,0,0,0.0,0.0,0.0
101163,B,Desktop,Direct,Returning,0,1,0,0,0,0,0,0.0,0.0,0.0
101164,A,Desktop,Direct,New,0,1,0,0,0,0,0,0.0,0.0,0.0
101165,B,Mobile,Organic,New,0,1,0,0,0,0,0,0.0,0.0,0.0
101166,A,Mobile,Direct,New,0,1,0,0,0,0,1,0.0,0.0,0.0
101167,B,Mobile,Organic,Returning,0,1,1,0,0,0,1,0.0,0.0,0.0
101168,B,Mobile,Email,New,0,1,0,0,0,0,1,0.0,0.0,0.0
101169,B,Desktop,Organic,New,0,1,0,0,0,0,0,0.0,0.0,0.0
101170,B,Mobile,Paid Search,New,0,0,0,0,0,0,0,0.0,0.0,0.0
101171,A,Mobile,Email,New,1,1,0,0,0,0,0,0.0,0.0,0.0
101172,A,Mobile,Paid Search,New,0,1,0,0,0,0,0,0.0,0.0,0.0
101173,B,Mobile,Organic,Returning,0,0,0,0,0,0,0,0.0,0.0,0.0
101174,B,Mobile,Direct,New,0,1,0,0,0,0,0,0.0,0.0,0.0
101175,B,Mobile,Paid Search,Returning,0,1,1,1,0,0,0,0.0,0.0,0.0
101176,A,Mobile,Social,New,0,1,1,0,0,0,0,0.0,0.0,0.0
101177,A,Mobile,Email,New,0,1,0,0,0,0,0,0.0,0.0,0.0
101178,B,Mobile,Paid Search,New,0,1,0,0,0,0,0,0.0,0.0,0.0
101179,B,Mobile,Organic,Returning,1,1,0,0,0,0,1,0.0,0.0,0.0
101180,B,Mobile,Direct,New,0,0,0,0,0,0,0,0.0,0.0,0.0
101181,A,Mobile,Organic,New,0,1,0,0,0,0,1,0.0,0.0,0.0
101182,A,Desktop,Social,New,0,1,0,0,0,0,1,0.0,0.0,0.0
101183,A,Mobile,Paid Search,New,0,1,0,0,0,0,0,0.0,0.0,0.0
101184,B,Mobile,Organic,New,0,1,0,0,0,0,0,0.0,0.0,0.0
101185,A,Mobile,Organic,New,0,1,0,0,0,0,0,0.0,0.0,0.0
101186,B,Mobile,Direct,New,0,0,0,0,0,0,0,0.0,0.0,0.0
101187,A,Mobile,Social,New,1,1,0,0,0,0,1,0.0,0.0,0.0
101188,B,Mobile,Paid Search,Returning,0,1,0,0,0,0,1,0.0,0.0,0.0
101189,B,Mobile,Email,Returning,0,1,0,0,0,0,1,0.0,0.0,0.0
101190,A,Mobile,Paid Search,New,0,1,0,0,0,0,1,0.0,0.0,0.0
101191,A,Mobile,Direct,New,0,1,0,0,0,0,0,0.0,0.0,0.0
101192,B,Mobile,Organic,New,0,1,0,0,0,0,1,0.0,0.0,0.0
101193,B,Mobile,Direct,New,0,1,0,0,0,0,0,0.0,0.0,0.0
101194,A,Mobile,Direct,New,0,1,0,0,0,0,1,0.0,0.0,0.0
101195,B,Mobile,Direct,New,1,0,0,0,0,0,0,0.0,0.0,0.0
101196,A,Mobile,Organic,Returning,0,1,0,0,0,0,0,0.0,0.0,0.0
101197,A,Tablet,Paid Search,Returning,0,1,1,0,0,0,1,0.0,0.0,0.0
101198,A,Mobile,Email,New,1,1,1,1,1,0,1,2921.423165928543,0.0,2921.423165928543
101199,B,Mobile,Paid Search,New,0,1,1,1,1,0,0,3384.1402750513375,0.0,3384.1402750513375
101200,A,Mobile,Email,New,0,1,0,0,0,0,0,0.0,0.0,0.0
101201,B,Mobile,Paid Search,New,0,0,0,0,0,0,0,0.0,0.0,0.0
101202,A,Mobile,Organic,New,0,1,0,0,0,0,0,0.0,0.0,0.0
101203,A,Mobile,Organic,New,0,0,0,0,0,0,1,0.0,0.0,0.0
101204,B,Mobile,Direct,Returning,0,1,0,0,0,0,0,0.0,0.0,0.0
101205,B,Mobile,Paid Search,New,0,1,1,1,0,0,1,0.0,0.0,0.0
101206,B,Mobile,Paid Search,New,0,1,0,0,0,0,1,0.0,0.0,0.0
101207,B,Mobile,Email,New,0,0,0,0,0,0,1,0.0,0.0,0.0
101208,B,Mobile,Email,New,0,1,0,0,0,0,0,0.0,0.0,0.0
101209,A,Mobile,Paid Search,New,0,1,0,0,0,0,0,0.0,0.0,0.0
101210,B,Mobile,Organic,New,0,1,0,0,0,0,0,0.0,0.0,0.0
101211,A,Mobile,Organic,New,0,1,0,0,0,0,1,0.0,0.0,0.0
101212,B,Mobile,Direct,New,0,0,0,0,0,0,0,0.0,0.0,0.0
101213,B,Mobile,Social,New,0,0,0,0,0,0,0,0.0,0.0,0.0
101214,B,Desktop,Paid Search,Returning,0,1,1,0,0,0,0,0.0,0.0,0.0
101215,A,Mobile,Paid Search,New,0,1,1,1,0,0,1,0.0,0.0,0.0
101216,A,Mobile,Social,New,0,1,0,0,0,0,0,0.0,0.0,0.0
101217,A,Mobile,Organic,New,0,1,0,0,0,0,0,0.0,0.0,0.0
101218,B,Tablet,Social,New,0,1,0,0,0,0,0,0.0,0.0,0.0
101219,B,Mobile,Paid Search,Returning,0,1,1,1,1,0,0,2982.6454600607144,0.0,2982.6454600607144
101220,A,Desktop,Paid Search,New,0,1,0,0,0,0,0,0.0,0.0,0.0
101221,A,Mobile,Social,New,0,1,0,0,0,0,1,0.0,0.0,0.0
101222,A,Desktop,Social,New,1,1,0,0,0,0,1,0.0,0.0,0.0
101223,B,Desktop,Paid Search,Returning,0,1,0,0,0,0,0,0.0,0.0,0.0
101224,A,Mobile,Social,New,0,0,0,0,0,0,0,0.0,0.0,0.0
101225,A,Mobile,Paid Search,New,0,1,0,0,0,0,1,0.0,0.0,0.0
101226,B,Mobile,Organic,New,0,1,1,0,0,0,0,0.0,0.0,0.0
101227,A,Mobile,Paid Search,New,0,1,0,0,0,0,1,0.0,0.0,0.0
101228,A,Tablet,Paid Search,New,0,1,0,0,0,0,0,0.0,0.0,0.0
101229,B,Mobile,Direct,New,0,1,0,0,0,0,1,0.0,0.0,0.0
101230,B,Mobile,Social,New,0,1,1,1,1,0,0,2762.1942235407223,0.0,2762.1942235407223
101231,A,Mobile,Paid Search,Returning,0,1,0,0,0,0,0,0.0,0.0,0.0
101232,B,Desktop,Email,New,0,1,1,1,0,0,0,0.0,0.0,0.0
101233,B,Mobile,Direct,New,0,0,0,0,0,0,1,0.0,0.0,0.0
101234,A,Mobile,Paid Search,New,0,1,0,0,0,0,1,0.0,0.0,0.0
101235,A,Desktop,Social,Returning,1,1,0,0,0,0,0,0.0,0.0,0.0
101236,B,Mobile,Paid Search,Returning,1,1,0,0,0,0,0,0.0,0.0,0.0
101237,B,Desktop,Paid Search,New,0,1,1,0,0,0,0,0.0,0.0,0.0
101238,B,Desktop,Social,New,0,0,0,0,0,0,0,0.0,0.0,0.0
101239,A,Desktop,Organic,New,0,1,1,0,0,0,1,0.0,0.0,0.0
101240,A,Desktop,Email,Returning,0,1,0,0,0,0,1,0.0,0.0,0.0
101241,A,Mobile,Organic,Returning,0,1,0,0,0,0,0,0.0,0.0,0.0
101242,B,Mobile,Email,New,0,1,0,0,0,0,0,0.0,0.0,0.0
101243,A,Desktop,Organic,Returning,0,0,0,0,0,0,1,0.0,0.0,0.0
101244,B,Mobile,Email,Returning,0,1,0,0,0,0,0,0.0,0.0,0.0
101245,B,Mobile,Direct,New,0,1,1,0,0,0,0,0.0,0.0,0.0
101246,B,Mobile,Paid Search,New,0,0,0,0,0,0,0,0.0,0.0,0.0
101247,B,Mobile,Email,New,0,0,0,0,0,0,0,0.0,0.0,0.0
101248,A,Desktop,Organic,New,1,0,0,0,0,0,1,0.0,0.0,0.0
101249,A,Mobile,Paid Search,Returning,0,1,0,0,0,0,0,0.0,0.0,0.0
101250,B,Mobile,Social,New,0,1,1,1,1,0,0,2331.9645783029005,0.0,2331.9645783029005
101251,A,Mobile,Direct,New,0,1,1,1,0,0,0,0.0,0.0,0.0
101252,A,Mobile,Paid Search,New,0,1,1,1,0,0,0,0.0,0.0,0.0
101253,B,Mobile,Organic,New,0,1,0,0,0,0,0,0.0,0.0,0.0
101254,A,Tablet,Direct,New,0,1,1,0,0,0,0,0.0,0.0,0.0
101255,A,Mobile,Paid Search,New,0,1,0,0,0,0,1,0.0,0.0,0.0
101256,B,Mobile,Email,New,0,1,0,0,0,0,0,0.0,0.0,0.0
101257,B,Mobile,Direct,New,1,1,0,0,0,0,1,0.0,0.0,0.0
101258,B,Mobile,Email,New,0,1,0,0,0,0,0,0.0,0.0,0.0
101259,B,Mobile,Organic,New,0,1,0,0,0,0,0,0.0,0.0,0.0
101260,B,Mobile,Organic,New,0,1,0,0,0,0,0,0.0,0.0,0.0
101261,B,Mobile,Direct,New,0,1,0,0,0,0,1,0.0,0.0,0.0
101262,B,Mobile,Direct,New,0,1,0,0,0,0,1,0.0,0.0,0.0
101263,B,Desktop,Organic,New,0,1,0,0,0,0,0,0.0,0.0,0.0
101264,A,Mobile,Social,New,0,1,1,0,0,0,1,0.0,0.0,0.0
101265,B,Mobile,Organic,New,0,1,0,0,0,0,1,0.0,0.0,0.0
101266,B,Mobile,Social,New,0,1,0,0,0,0,0,0.0,0.0,0.0
101267,A,Mobile,Social,Returning,0,1,0,0,0,0,1,0.0,0.0,0.0
101268,A,Mobile,Organic,New,0,0,0,0,0,0,1,0.0,0.0,0.0
101269,B,Desktop,Organic,New,0,1,0,0,0,0,0,0.0,0.0,0.0
101270,B,Mobile,Paid Search,New,0,1,0,0,0,0,0,0.0,0.0,0.0
101271,B,Mobile,Direct,New,0,1,0,0,0,0,1,0.0,0.0,0.0
101272,A,Desktop,Organic,New,0,1,0,0,0,0,0,0.0,0.0,0.0
101273,A,Desktop,Organic,Returning,0,1,0,0,0,0,1,0.0,0.0,0.0
101274,B,Mobile,Organic,New,0,1,0,0,0,0,0,0.0,0.0,0.0
101275,A,Desktop,Paid Search,Returning,0,0,0,0,0,0,0,0.0,0.0,0.0
101276,A,Desktop,Direct,New,0,1,0,0,0,0,0,0.0,0.0,0.0
101277,B,Mobile,Direct,New,0,1,1,0,0,0,0,0.0,0.0,0.0
101278,B,Mobile,Social,New,0,1,0,0,0,0,1,0.0,0.0,0.0
101279,B,Mobile,Organic,Returning,0,1,0,0,0,0,1,0.0,0.0,0.0
101280,A,Tablet,Organic,New,0,1,0,0,0,0,0,0.0,0.0,0.0
101281,B,Desktop,Paid Search,New,0,1,1,1,0,0,0,0.0,0.0,0.0
101282,B,Mobile,Email,Returning,0,1,1,0,0,0,0,0.0,0.0,0.0
101283,A,Mobile,Paid Search,New,0,1,0,0,0,0,1,0.0,0.0,0.0
101284,A,Mobile,Social,New,0,0,0,0,0,0,0,0.0,0.0,0.0
101285,B,Mobile,Email,New,0,1,0,0,0,0,1,0.0,0.0,0.0
101286,A,Desktop,Organic,Returning,0,1,1,1,0,0,1,0.0,0.0,0.0
101287,A,Desktop,Paid Search,New,0,0,0,0,0,0,0,0.0,0.0,0.0
101288,A,Mobile,Paid Search,New,0,1,0,0,0,0,0,0.0,0.0,0.0
101289,A,Mobile,Direct,New,0,0,0,0,0,0,0,0.0,0.0,0.0
101290,A,Mobile,Social,New,0,1,0,0,0,0,0,0.0,0.0,0.0
101291,A,Mobile,Direct,New,0,1,0,0,0,0,0,0.0,0.0,0.0
101292,A,Desktop,Paid Search,New,0,1,0,0,0,0,0,0.0,0.0,0.0
101293,B,Mobile,Paid Search,New,0,1,0,0,0,0,0,0.0,0.0,0.0
101294,A,Desktop,Organic,New,0,1,0,0,0,0,0,0.0,0.0,0.0
101295,B,Tablet,Paid Search,New,1,0,0,0,0,0,1,0.0,0.0,0.0
101296,B,Mobile,Paid Search,New,1,0,0,0,0,0,0,0.0,0.0,0.0
101297,B,Mobile,Paid Search,New,0,0,0,0,0,0,0,0.0,0.0,0.0
101298,B,Mobile,Social,Returning,0,1,0,0,0,0,1,0.0,0.0,0.0
101299,A,Mobile,Organic,New,0,1,0,0,0,0,0,0.0,0.0,0.0
101300,B,Mobile,Direct,New,0,1,0,0,0,0,0,0.0,0.0,0.0
101301,B,Mobile,Organic,New,0,1,0,0,0,0,0,0.0,0.0,0.0
101302,B,Mobile,Direct,New,0,1,0,0,0,0,0,0.0,0.0,0.0
101303,B,Tablet,Organic,Returning,0,1,0,0,0,0,0,0.0,0.0,0.0
101304,B,Desktop,Organic,New,0,1,1,1,1,0,0,2093.677727882544,0.0,2093.677727882544
101305,B,Desktop,Social,Returning,1,1,0,0,0,0,0,0.0,0.0,0.0
101306,A,Mobile,Organic,New,0,1,1,1,0,0,1,0.0,0.0,0.0
101307,A,Mobile,Social,Returning,0,1,0,0,0,0,0,0.0,0.0,0.0
101308,A,Mobile,Email,Returning,1,1,0,0,0,0,1,0.0,0.0,0.0
101309,A,Mobile,Social,New,0,0,0,0,0,0,0,0.0,0.0,0.0
101310,A,Desktop,Direct,New,0,1,0,0,0,0,0,0.0,0.0,0.0
101311,B,Tablet,Organic,New,0,1,0,0,0,0,1,0.0,0.0,0.0
101312,A,Mobile,Social,New,0,1,0,0,0,0,1,0.0,0.0,0.0
101313,B,Mobile,Paid Search,New,0,1,0,0,0,0,0,0.0,0.0,0.0
101314,A,Mobile,Paid Search,Returning,0,1,0,0,0,0,0,0.0,0.0,0.0
101315,A,Mobile,Email,Returning,0,0,0,0,0,0,0,0.0,0.0,0.0
101316,A,Mobile,Paid Search,New,0,1,1,0,0,0,1,0.0,0.0,0.0
101317,B,Mobile,Organic,Returning,0,1,0,0,0,0,0,0.0,0.0,0.0
101318,A,Mobile,Direct,New,0,1,0,0,0,0,0,0.0,0.0,0.0
101319,A,Tablet,Paid Search,Returning,0,1,0,0,0,0,1,0.0,0.0,0.0
101320,A,Desktop,Direct,New,0,0,0,0,0,0,1,0.0,0.0,0.0
101321,A,Mobile,Paid Search,New,0,0,0,0,0,0,1,0.0,0.0,0.0
101322,B,Mobile,Paid Search,New,0,1,0,0,0,0,0,0.0,0.0,0.0
101323,A,Desktop,Direct,New,0,0,0,0,0,0,0,0.0,0.0,0.0
101324,B,Mobile,Email,Returning,0,1,1,1,0,0,0,0.0,0.0,0.0
101325,A,Mobile,Organic,Returning,0,1,0,0,0,0,1,0.0,0.0,0.0
101326,B,Mobile,Paid Search,Returning,0,0,0,0,0,0,1,0.0,0.0,0.0
101327,A,Mobile,Paid Search,Returning,0,1,0,0,0,0,1,0.0,0.0,0.0
101328,A,Mobile,Social,Returning,1,0,0,0,0,0,1,0.0,0.0,0.0
101329,A,Mobile,Social,New,0,1,1,1,1,0,1,2485.4930530328684,0.0,2485.4930530328684
101330,B,Mobile,Social,New,0,1,0,0,0,0,0,0.0,0.0,0.0
101331,A,Mobile,Social,Returning,0,1,0,0,0,0,0,0.0,0.0,0.0
101332,A,Desktop,Organic,New,0,0,0,0,0,0,1,0.0,0.0,0.0
101333,B,Desktop,Social,New,0,1,0,0,0,0,1,0.0,0.0,0.0
101334,A,Mobile,Paid Search,Returning,0,0,0,0,0,0,0,0.0,0.0,0.0
101335,A,Desktop,Direct,Returning,0,1,0,0,0,0,1,0.0,0.0,0.0
101336,B,Desktop,Social,New,0,1,0,0,0,0,1,0.0,0.0,0.0
101337,B,Mobile,Organic,New,0,1,0,0,0,0,1,0.0,0.0,0.0
101338,B,Mobile,Direct,New,0,1,0,0,0,0,0,0.0,0.0,0.0
101339,B,Desktop,Organic,New,0,1,0,0,0,0,0,0.0,0.0,0.0
101340,B,Mobile,Social,New,0,1,0,0,0,0,1,0.0,0.0,0.0
101341,A,Desktop,Email,New,0,1,0,0,0,0,0,0.0,0.0,0.0
101342,A,Mobile,Social,New,0,1,1,0,0,0,0,0.0,0.0,0.0
101343,B,Mobile,Direct,Returning,0,1,0,0,0,0,0,0.0,0.0,0.0
101344,A,Mobile,Paid Search,Returning,0,0,0,0,0,0,0,0.0,0.0,0.0
101345,A,Mobile,Email,Returning,0,1,0,0,0,0,0,0.0,0.0,0.0
101346,B,Desktop,Paid Search,New,0,0,0,0,0,0,0,0.0,0.0,0.0
101347,B,Mobile,Email,New,0,1,0,0,0,0,0,0.0,0.0,0.0
101348,A,Desktop,Social,New,0,0,0,0,0,0,1,0.0,0.0,0.0
101349,A,Mobile,Organic,Returning,0,1,0,0,0,0,1,0.0,0.0,0.0
101350,A,Mobile,Social,New,0,1,0,0,0,0,1,0.0,0.0,0.0
101351,A,Mobile,Social,Returning,0,1,0,0,0,0,0,0.0,0.0,0.0
101352,B,Desktop,Organic,Returning,0,1,0,0,0,0,0,0.0,0.0,0.0
101353,A,Mobile,Social,New,1,1,0,0,0,0,0,0.0,0.0,0.0
101354,B,Mobile,Email,New,1,1,0,0,0,0,1,0.0,0.0,0.0
101355,B,Mobile,Organic,New,0,0,0,0,0,0,0,0.0,0.0,0.0
101356,B,Mobile,Email,New,0,1,0,0,0,0,0,0.0,0.0,0.0
101357,B,Mobile,Direct,New,0,1,0,0,0,0,0,0.0,0.0,0.0
101358,A,Mobile,Direct,New,0,0,0,0,0,0,1,0.0,0.0,0.0
101359,B,Mobile,Organic,New,0,1,0,0,0,0,1,0.0,0.0,0.0
101360,A,Mobile,Direct,Returning,0,1,1,1,1,1,0,2528.3023184519434,2508.8648239218064,5037.16714237375
101361,A,Desktop,Organic,New,0,0,0,0,0,0,1,0.0,0.0,0.0
101362,B,Mobile,Social,New,0,1,1,1,0,0,0,0.0,0.0,0.0
101363,A,Mobile,Paid Search,New,0,0,0,0,0,0,0,0.0,0.0,0.0
101364,A,Desktop,Direct,Returning,0,0,0,0,0,0,0,0.0,0.0,0.0
101365,B,Desktop,Paid Search,New,0,1,1,1,0,0,0,0.0,0.0,0.0
101366,B,Mobile,Direct,Returning,0,1,0,0,0,0,1,0.0,0.0,0.0
101367,A,Desktop,Paid Search,New,0,1,0,0,0,0,0,0.0,0.0,0.0
101368,B,Mobile,Paid Search,New,0,0,0,0,0,0,0,0.0,0.0,0.0
101369,A,Mobile,Social,Returning,0,0,0,0,0,0,0,0.0,0.0,0.0
101370,A,Mobile,Paid Search,New,0,1,0,0,0,0,0,0.0,0.0,0.0
101371,B,Desktop,Direct,New,0,1,0,0,0,0,1,0.0,0.0,0.0
101372,A,Desktop,Organic,New,0,1,0,0,0,0,0,0.0,0.0,0.0
101373,B,Mobile,Social,Returning,0,1,1,1,1,0,0,2585.4892230476153,0.0,2585.4892230476153
101374,B,Tablet,Paid Search,Returning,0,0,0,0,0,0,0,0.0,0.0,0.0
101375,A,Desktop,Paid Search,New,0,1,0,0,0,0,1,0.0,0.0,0.0
101376,B,Mobile,Social,New,0,1,0,0,0,0,0,0.0,0.0,0.0
101377,B,Mobile,Paid Search,New,0,0,0,0,0,0,1,0.0,0.0,0.0
101378,A,Mobile,Paid Search,Returning,0,1,0,0,0,0,1,0.0,0.0,0.0
101379,A,Mobile,Direct,Returning,0,1,0,0,0,0,1,0.0,0.0,0.0
101380,B,Mobile,Social,New,0,1,0,0,0,0,1,0.0,0.0,0.0
101381,B,Mobile,Social,Returning,0,1,0,0,0,0,0,0.0,0.0,0.0
101382,B,Mobile,Paid Search,New,0,1,0,0,0,0,0,0.0,0.0,0.0
101383,A,Desktop,Email,New,0,1,0,0,0,0,1,0.0,0.0,0.0
101384,B,Mobile,Direct,Returning,1,1,1,1,0,0,1,0.0,0.0,0.0
101385,B,Mobile,Organic,New,0,1,0,0,0,0,0,0.0,0.0,0.0
101386,B,Mobile,Organic,New,0,1,1,1,0,0,0,0.0,0.0,0.0
101387,B,Mobile,Organic,Returning,1,1,1,0,0,0,0,0.0,0.0,0.0
101388,A,Mobile,Social,Returning,0,0,0,0,0,0,0,0.0,0.0,0.0
101389,B,Mobile,Organic,New,0,1,0,0,0,0,0,0.0,0.0,0.0
101390,A,Mobile,Paid Search,New,0,1,0,0,0,0,1,0.0,0.0,0.0
101391,A,Mobile,Email,New,0,0,0,0,0,0,0,0.0,0.0,0.0
101392,A,Mobile,Organic,Returning,0,1,0,0,0,0,0,0.0,0.0,0.0
101393,B,Desktop,Paid Search,Returning,0,1,0,0,0,0,0,0.0,0.0,0.0
101394,B,Mobile,Social,New,0,0,0,0,0,0,1,0.0,0.0,0.0
101395,A,Mobile,Organic,New,0,1,0,0,0,0,0,0.0,0.0,0.0
101396,B,Mobile,Organic,Returning,0,1,1,1,1,0,0,3357.869653788227,0.0,3357.869653788227
101397,B,Mobile,Social,New,0,1,0,0,0,0,1,0.0,0.0,0.0
101398,A,Mobile,Organic,Returning,0,1,1,1,0,0,0,0.0,0.0,0.0
101399,A,Mobile,Organic,New,0,1,0,0,0,0,1,0.0,0.0,0.0
101400,A,Mobile,Social,New,0,1,0,0,0,0,0,0.0,0.0,0.0
101401,A,Mobile,Email,Returning,0,1,0,0,0,0,0,0.0,0.0,0.0
101402,B,Mobile,Direct,New,0,0,0,0,0,0,0,0.0,0.0,0.0
101403,A,Mobile,Paid Search,Returning,0,1,0,0,0,0,1,0.0,0.0,0.0
101404,B,Mobile,Organic,Returning,0,1,0,0,0,0,0,0.0,0.0,0.0
101405,B,Desktop,Organic,New,0,1,0,0,0,0,0,0.0,0.0,0.0
101406,A,Mobile,Paid Search,New,0,0,0,0,0,0,0,0.0,0.0,0.0
101407,B,Mobile,Organic,New,0,1,0,0,0,0,0,0.0,0.0,0.0
101408,A,Mobile,Social,Returning,0,1,1,0,0,0,1,0.0,0.0,0.0
101409,B,Mobile,Social,Returning,0,1,0,0,0,0,1,0.0,0.0,0.0
101410,A,Mobile,Direct,New,0,1,0,0,0,0,1,0.0,0.0,0.0
101411,B,Mobile,Paid Search,Returning,0,1,0,0,0,0,1,0.0,0.0,0.0
101412,B,Mobile,Paid Search,Returning,1,0,0,0,0,0,1,0.0,0.0,0.0
101413,B,Mobile,Organic,New,0,1,0,0,0,0,0,0.0,0.0,0.0
101414,B,Mobile,Direct,Returning,1,1,0,0,0,0,1,0.0,0.0,0.0
101415,B,Tablet,Organic,New,0,1,0,0,0,0,1,0.0,0.0,0.0
101416,B,Desktop,Organic,New,0,1,0,0,0,0,0,0.0,0.0,0.0
101417,B,Mobile,Organic,New,0,1,1,0,0,0,1,0.0,0.0,0.0
101418,A,Mobile,Email,New,0,0,0,0,0,0,1,0.0,0.0,0.0
101419,B,Mobile,Social,Returning,1,1,1,1,1,0,0,2763.636169968356,0.0,2763.636169968356
101420,B,Mobile,Organic,New,0,1,0,0,0,0,0,0.0,0.0,0.0
101421,B,Desktop,Organic,New,1,1,1,1,0,0,0,0.0,0.0,0.0
101422,A,Mobile,Email,New,0,1,0,0,0,0,0,0.0,0.0,0.0
101423,B,Mobile,Social,New,0,1,1,1,1,0,1,3583.8215239288706,0.0,3583.8215239288706
101424,A,Mobile,Paid Search,New,1,1,0,0,0,0,0,0.0,0.0,0.0
101425,A,Mobile,Paid Search,Returning,0,1,0,0,0,0,0,0.0,0.0,0.0
101426,B,Mobile,Organic,New,0,0,0,0,0,0,0,0.0,0.0,0.0
101427,A,Mobile,Organic,Returning,0,0,0,0,0,0,0,0.0,0.0,0.0
101428,B,Mobile,Direct,New,0,0,0,0,0,0,0,0.0,0.0,0.0
101429,A,Mobile,Social,Returning,0,0,0,0,0,0,0,0.0,0.0,0.0
101430,B,Mobile,Organic,Returning,0,1,0,0,0,0,1,0.0,0.0,0.0
101431,B,Desktop,Social,New,0,1,0,0,0,0,1,0.0,0.0,0.0
101432,A,Mobile,Organic,New,1,1,0,0,0,0,0,0.0,0.0,0.0
101433,B,Mobile,Organic,New,0,0,0,0,0,0,0,0.0,0.0,0.0
101434,A,Mobile,Direct,New,0,1,1,1,1,0,0,3297.5471666053645,0.0,3297.5471666053645
101435,B,Mobile,Social,Returning,0,1,1,0,0,0,0,0.0,0.0,0.0
101436,A,Mobile,Organic,New,0,1,1,1,1,0,0,3870.0117331067704,0.0,3870.0117331067704
101437,B,Mobile,Paid Search,New,0,1,0,0,0,0,0,0.0,0.0,0.0
101438,A,Desktop,Email,Returning,0,1,1,1,0,0,1,0.0,0.0,0.0
101439,B,Mobile,Social,New,0,1,1,0,0,0,0,0.0,0.0,0.0
101440,A,Mobile,Organic,New,0,1,0,0,0,0,0,0.0,0.0,0.0
101441,A,Mobile,Paid Search,New,1,0,0,0,0,0,0,0.0,0.0,0.0
101442,A,Desktop,Direct,New,0,1,0,0,0,0,0,0.0,0.0,0.0
101443,A,Mobile,Organic,Returning,0,1,0,0,0,0,1,0.0,0.0,0.0
101444,B,Mobile,Paid Search,New,0,1,1,0,0,0,1,0.0,0.0,0.0
101445,A,Mobile,Organic,Returning,0,1,0,0,0,0,1,0.0,0.0,0.0
101446,B,Mobile,Email,New,0,1,1,1,1,0,0,2627.296596961269,0.0,2627.296596961269
101447,A,Mobile,Email,New,0,1,0,0,0,0,0,0.0,0.0,0.0
101448,A,Desktop,Social,New,0,1,0,0,0,0,1,0.0,0.0,0.0
101449,B,Mobile,Organic,Returning,0,1,0,0,0,0,1,0.0,0.0,0.0
101450,B,Desktop,Social,New,0,1,0,0,0,0,1,0.0,0.0,0.0
101451,A,Desktop,Social,New,1,0,0,0,0,0,0,0.0,0.0,0.0
101452,A,Mobile,Paid Search,New,0,1,0,0,0,0,0,0.0,0.0,0.0
101453,B,Mobile,Paid Search,Returning,1,1,1,1,1,0,0,3032.6040631589813,0.0,3032.6040631589813
101454,B,Mobile,Organic,New,0,1,1,0,0,0,0,0.0,0.0,0.0
101455,B,Desktop,Organic,New,0,1,1,1,1,1,0,3395.3309386714536,3375.637697910011,6770.968636581465
101456,A,Desktop,Paid Search,New,0,0,0,0,0,0,0,0.0,0.0,0.0
101457,A,Mobile,Organic,Returning,1,1,0,0,0,0,0,0.0,0.0,0.0
101458,A,Mobile,Social,New,0,1,1,1,0,0,0,0.0,0.0,0.0
101459,B,Mobile,Organic,Returning,1,1,1,1,0,0,0,0.0,0.0,0.0
101460,B,Desktop,Direct,New,0,0,0,0,0,0,0,0.0,0.0,0.0
101461,B,Desktop,Organic,New,0,1,0,0,0,0,1,0.0,0.0,0.0
101462,B,Mobile,Organic,Returning,0,1,0,0,0,0,0,0.0,0.0,0.0
101463,B,Mobile,Social,New,0,1,1,1,0,0,0,0.0,0.0,0.0
101464,B,Mobile,Social,Returning,0,1,0,0,0,0,0,0.0,0.0,0.0
101465,B,Desktop,Organic,Returning,0,1,1,1,1,0,0,3217.0099042730094,0.0,3217.0099042730094
101466,A,Mobile,Organic,New,1,1,0,0,0,0,0,0.0,0.0,0.0
101467,B,Desktop,Organic,New,0,1,0,0,0,0,0,0.0,0.0,0.0
101468,B,Mobile,Social,Returning,0,1,0,0,0,0,0,0.0,0.0,0.0
101469,B,Mobile,Paid Search,New,0,1,1,1,1,0,0,2609.0130107530417,0.0,2609.0130107530417
101470,B,Desktop,Organic,Returning,0,1,0,0,0,0,0,0.0,0.0,0.0
101471,B,Mobile,Direct,New,0,1,0,0,0,0,0,0.0,0.0,0.0
101472,A,Mobile,Paid Search,New,1,1,0,0,0,0,0,0.0,0.0,0.0
101473,B,Mobile,Organic,New,0,1,1,1,1,0,0,1968.9434170965474,0.0,1968.9434170965474
101474,B,Desktop,Social,New,0,1,0,0,0,0,0,0.0,0.0,0.0
101475,A,Mobile,Organic,New,0,1,1,1,1,0,0,995.5278234320147,0.0,995.5278234320147
101476,A,Mobile,Organic,Returning,0,1,0,0,0,0,1,0.0,0.0,0.0
101477,A,Mobile,Paid Search,New,1,1,0,0,0,0,1,0.0,0.0,0.0
101478,B,Desktop,Organic,Returning,0,1,0,0,0,0,0,0.0,0.0,0.0
101479,A,Desktop,Paid Search,New,0,1,0,0,0,0,1,0.0,0.0,0.0
101480,A,Tablet,Social,Returning,0,1,0,0,0,0,0,0.0,0.0,0.0
101481,B,Desktop,Social,New,0,0,0,0,0,0,0,0.0,0.0,0.0
101482,B,Mobile,Email,New,0,1,0,0,0,0,0,0.0,0.0,0.0
101483,B,Mobile,Organic,New,0,1,1,1,1,0,1,1643.9507967404313,0.0,1643.9507967404313
101484,A,Mobile,Paid Search,New,0,1,1,1,1,0,0,2613.781161695706,0.0,2613.781161695706
101485,A,Desktop,Social,Returning,0,1,0,0,0,0,0,0.0,0.0,0.0
101486,B,Mobile,Paid Search,Returning,0,1,0,0,0,0,1,0.0,0.0,0.0
101487,B,Mobile,Organic,Returning,0,1,1,0,0,0,0,0.0,0.0,0.0
101488,B,Desktop,Organic,New,0,1,0,0,0,0,0,0.0,0.0,0.0
101489,B,Mobile,Organic,Returning,0,1,1,1,1,0,0,2306.225449386651,0.0,2306.225449386651
101490,B,Desktop,Organic,New,0,1,0,0,0,0,0,0.0,0.0,0.0
101491,A,Mobile,Direct,New,0,1,0,0,0,0,1,0.0,0.0,0.0
101492,A,Mobile,Social,New,0,1,0,0,0,0,0,0.0,0.0,0.0
101493,B,Mobile,Paid Search,New,0,1,0,0,0,0,0,0.0,0.0,0.0
101494,B,Mobile,Social,New,0,1,0,0,0,0,1,0.0,0.0,0.0
101495,A,Mobile,Paid Search,New,0,0,0,0,0,0,0,0.0,0.0,0.0
101496,B,Mobile,Social,New,0,1,0,0,0,0,1,0.0,0.0,0.0
101497,B,Desktop,Organic,Returning,0,0,0,0,0,0,1,0.0,0.0,0.0
101498,A,Mobile,Social,New,0,1,1,1,1,0,1,3050.6230941333465,0.0,3050.6230941333465
101499,B,Mobile,Direct,New,0,1,0,0,0,0,1,0.0,0.0,0.0
101500,B,Desktop,Social,New,0,1,1,1,0,0,1,0.0,0.0,0.0
101501,B,Mobile,Organic,New,0,1,0,0,0,0,0,0.0,0.0,0.0
101502,B,Mobile,Email,Returning,0,1,0,0,0,0,0,0.0,0.0,0.0
101503,A,Mobile,Organic,New,0,1,1,1,1,0,1,2009.498306027419,0.0,2009.498306027419
101504,A,Desktop,Paid Search,New,0,1,0,0,0,0,1,0.0,0.0,0.0
101505,B,Mobile,Organic,New,0,1,0,0,0,0,1,0.0,0.0,0.0
101506,B,Mobile,Direct,New,1,1,0,0,0,0,1,0.0,0.0,0.0
101507,B,Mobile,Organic,New,0,1,1,1,0,0,1,0.0,0.0,0.0
101508,A,Mobile,Social,New,0,1,0,0,0,0,1,0.0,0.0,0.0
101509,A,Mobile,Social,New,0,1,0,0,0,0,1,0.0,0.0,0.0
101510,B,Mobile,Organic,New,0,0,0,0,0,0,1,0.0,0.0,0.0
101511,B,Mobile,Paid Search,Returning,0,1,0,0,0,0,0,0.0,0.0,0.0
101512,A,Mobile,Paid Search,New,0,0,0,0,0,0,1,0.0,0.0,0.0
101513,A,Desktop,Paid Search,New,0,0,0,0,0,0,0,0.0,0.0,0.0
101514,A,Desktop,Organic,New,0,1,0,0,0,0,1,0.0,0.0,0.0
101515,B,Mobile,Organic,New,0,1,0,0,0,0,0,0.0,0.0,0.0
101516,A,Mobile,Organic,New,0,1,0,0,0,0,1,0.0,0.0,0.0
101517,A,Mobile,Paid Search,New,0,0,0,0,0,0,1,0.0,0.0,0.0
101518,A,Desktop,Organic,New,1,1,0,0,0,0,1,0.0,0.0,0.0
101519,B,Mobile,Organic,New,0,1,1,0,0,0,0,0.0,0.0,0.0
101520,A,Mobile,Social,New,0,0,0,0,0,0,0,0.0,0.0,0.0
101521,B,Tablet,Organic,New,0,0,0,0,0,0,0,0.0,0.0,0.0
101522,B,Mobile,Organic,New,0,0,0,0,0,0,0,0.0,0.0,0.0
101523,A,Mobile,Email,New,0,1,0,0,0,0,0,0.0,0.0,0.0
101524,A,Desktop,Organic,New,0,1,0,0,0,0,0,0.0,0.0,0.0
101525,B,Mobile,Direct,Returning,0,1,0,0,0,0,0,0.0,0.0,0.0
101526,A,Mobile,Organic,New,0,1,0,0,0,0,1,0.0,0.0,0.0
101527,B,Mobile,Direct,Returning,0,1,0,0,0,0,0,0.0,0.0,0.0
101528,A,Mobile,Paid Search,New,0,1,0,0,0,0,0,0.0,0.0,0.0
101529,A,Desktop,Social,New,0,0,0,0,0,0,0,0.0,0.0,0.0
101530,A,Mobile,Paid Search,New,1,1,0,0,0,0,0,0.0,0.0,0.0
101531,B,Desktop,Organic,New,0,1,1,1,0,0,1,0.0,0.0,0.0
101532,B,Mobile,Email,Returning,0,0,0,0,0,0,0,0.0,0.0,0.0
101533,A,Mobile,Paid Search,Returning,0,1,0,0,0,0,0,0.0,0.0,0.0
101534,B,Desktop,Social,New,0,1,1,0,0,0,0,0.0,0.0,0.0
101535,B,Mobile,Email,New,0,1,0,0,0,0,1,0.0,0.0,0.0
101536,A,Mobile,Organic,New,0,1,0,0,0,0,0,0.0,0.0,0.0
101537,A,Mobile,Organic,Returning,0,1,0,0,0,0,0,0.0,0.0,0.0
101538,A,Mobile,Paid Search,Returning,0,1,0,0,0,0,1,0.0,0.0,0.0
101539,A,Mobile,Paid Search,New,0,1,1,1,0,0,0,0.0,0.0,0.0
101540,A,Mobile,Direct,Returning,0,0,0,0,0,0,0,0.0,0.0,0.0
101541,A,Mobile,Paid Search,Returning,0,1,0,0,0,0,1,0.0,0.0,0.0
101542,A,Desktop,Email,New,0,0,0,0,0,0,0,0.0,0.0,0.0
101543,B,Mobile,Organic,Returning,0,1,0,0,0,0,0,0.0,0.0,0.0
101544,A,Mobile,Paid Search,New,0,0,0,0,0,0,1,0.0,0.0,0.0
101545,A,Mobile,Paid Search,New,0,1,0,0,0,0,0,0.0,0.0,0.0
101546,A,Mobile,Direct,New,0,1,0,0,0,0,0,0.0,0.0,0.0
101547,A,Mobile,Paid Search,New,0,0,0,0,0,0,0,0.0,0.0,0.0
101548,A,Mobile,Social,New,0,0,0,0,0,0,0,0.0,0.0,0.0
101549,A,Desktop,Direct,Returning,0,1,1,0,0,0,1,0.0,0.0,0.0
101550,B,Tablet,Direct,New,0,1,0,0,0,0,0,0.0,0.0,0.0
101551,B,Desktop,Social,New,0,1,1,1,0,0,1,0.0,0.0,0.0
101552,A,Desktop,Paid Search,New,1,1,0,0,0,0,0,0.0,0.0,0.0
101553,A,Desktop,Direct,Returning,0,0,0,0,0,0,0,0.0,0.0,0.0
101554,B,Mobile,Direct,Returning,0,1,0,0,0,0,0,0.0,0.0,0.0
101555,B,Mobile,Paid Search,New,0,1,0,0,0,0,1,0.0,0.0,0.0
101556,A,Mobile,Social,Returning,0,1,0,0,0,0,0,0.0,0.0,0.0
101557,B,Mobile,Organic,New,0,1,0,0,0,0,0,0.0,0.0,0.0
101558,A,Desktop,Paid Search,New,0,1,0,0,0,0,0,0.0,0.0,0.0
101559,A,Mobile,Social,Returning,1,1,0,0,0,0,1,0.0,0.0,0.0
101560,B,Desktop,Paid Search,New,0,0,0,0,0,0,1,0.0,0.0,0.0
101561,A,Mobile,Organic,New,0,1,0,0,0,0,1,0.0,0.0,0.0
101562,B,Mobile,Paid Search,New,0,1,1,0,0,0,1,0.0,0.0,0.0
101563,A,Desktop,Organic,New,0,1,1,0,0,0,1,0.0,0.0,0.0
101564,A,Desktop,Social,New,0,1,0,0,0,0,0,0.0,0.0,0.0
101565,A,Mobile,Email,New,0,0,0,0,0,0,0,0.0,0.0,0.0
101566,B,Desktop,Paid Search,Returning,0,1,0,0,0,0,0,0.0,0.0,0.0
101567,B,Mobile,Paid Search,Returning,0,1,1,1,1,0,0,2815.72070568334,0.0,2815.72070568334
101568,A,Mobile,Social,New,0,1,0,0,0,0,0,0.0,0.0,0.0
101569,B,Desktop,Paid Search,New,0,1,0,0,0,0,0,0.0,0.0,0.0
101570,A,Desktop,Direct,Returning,0,1,0,0,0,0,0,0.0,0.0,0.0
101571,B,Mobile,Email,New,0,1,0,0,0,0,0,0.0,0.0,0.0
101572,A,Mobile,Paid Search,New,0,1,0,0,0,0,0,0.0,0.0,0.0
101573,B,Desktop,Paid Search,Returning,1,1,0,0,0,0,1,0.0,0.0,0.0
101574,B,Mobile,Paid Search,New,0,0,0,0,0,0,1,0.0,0.0,0.0
101575,B,Mobile,Paid Search,Returning,0,1,0,0,0,0,0,0.0,0.0,0.0
101576,B,Mobile,Organic,Returning,0,0,0,0,0,0,0,0.0,0.0,0.0
101577,B,Desktop,Paid Search,Returning,0,1,0,0,0,0,0,0.0,0.0,0.0
101578,A,Mobile,Organic,New,0,1,0,0,0,0,1,0.0,0.0,0.0
101579,B,Mobile,Paid Search,Returning,0,0,0,0,0,0,0,0.0,0.0,0.0
101580,B,Tablet,Organic,Returning,0,1,0,0,0,0,0,0.0,0.0,0.0
101581,A,Mobile,Direct,New,1,0,0,0,0,0,0,0.0,0.0,0.0
101582,B,Mobile,Organic,New,1,1,0,0,0,0,0,0.0,0.0,0.0
101583,A,Mobile,Direct,New,0,1,0,0,0,0,0,0.0,0.0,0.0
101584,A,Tablet,Paid Search,New,0,1,1,1,0,0,0,0.0,0.0,0.0
101585,B,Mobile,Social,Returning,0,1,0,0,0,0,1,0.0,0.0,0.0
101586,B,Tablet,Email,New,0,1,0,0,0,0,0,0.0,0.0,0.0
101587,A,Mobile,Paid Search,New,0,1,0,0,0,0,0,0.0,0.0,0.0
101588,A,Desktop,Organic,Returning,0,1,0,0,0,0,0,0.0,0.0,0.0
101589,A,Mobile,Direct,New,0,1,0,0,0,0,0,0.0,0.0,0.0
101590,B,Mobile,Organic,Returning,0,0,0,0,0,0,0,0.0,0.0,0.0
101591,B,Mobile,Organic,New,0,1,0,0,0,0,1,0.0,0.0,0.0
101592,B,Desktop,Paid Search,Returning,0,0,0,0,0,0,1,0.0,0.0,0.0
101593,B,Mobile,Organic,New,0,1,0,0,0,0,0,0.0,0.0,0.0
101594,B,Mobile,Paid Search,New,0,1,0,0,0,0,1,0.0,0.0,0.0
101595,B,Mobile,Paid Search,New,1,1,0,0,0,0,0,0.0,0.0,0.0
101596,A,Desktop,Email,Returning,0,0,0,0,0,0,1,0.0,0.0,0.0
101597,A,Mobile,Organic,New,0,1,0,0,0,0,1,0.0,0.0,0.0
101598,B,Mobile,Direct,New,0,0,0,0,0,0,1,0.0,0.0,0.0
101599,A,Desktop,Paid Search,Returning,1,1,0,0,0,0,0,0.0,0.0,0.0
101600,A,Desktop,Email,New,0,1,0,0,0,0,1,0.0,0.0,0.0
101601,B,Mobile,Direct,New,0,1,1,1,1,0,0,1610.7981532642414,0.0,1610.7981532642414
101602,B,Desktop,Paid Search,New,0,0,0,0,0,0,0,0.0,0.0,0.0
101603,A,Desktop,Direct,Returning,0,1,1,1,1,0,1,1887.1147902573125,0.0,1887.1147902573125
101604,B,Desktop,Organic,Returning,0,0,0,0,0,0,1,0.0,0.0,0.0
101605,B,Mobile,Direct,New,0,1,0,0,0,0,1,0.0,0.0,0.0
101606,B,Mobile,Email,New,0,0,0,0,0,0,0,0.0,0.0,0.0
101607,A,Mobile,Social,Returning,0,1,0,0,0,0,0,0.0,0.0,0.0
101608,B,Desktop,Social,New,0,1,0,0,0,0,1,0.0,0.0,0.0
101609,A,Mobile,Email,Returning,0,1,0,0,0,0,0,0.0,0.0,0.0
101610,B,Mobile,Direct,Returning,0,0,0,0,0,0,1,0.0,0.0,0.0
101611,B,Desktop,Paid Search,New,0,1,1,0,0,0,0,0.0,0.0,0.0
101612,A,Mobile,Paid Search,New,0,1,0,0,0,0,0,0.0,0.0,0.0
101613,B,Mobile,Paid Search,New,0,1,0,0,0,0,1,0.0,0.0,0.0
101614,B,Desktop,Organic,New,0,1,0,0,0,0,0,0.0,0.0,0.0
101615,A,Desktop,Organic,Returning,0,1,0,0,0,0,1,0.0,0.0,0.0
101616,A,Mobile,Social,New,0,1,0,0,0,0,0,0.0,0.0,0.0
101617,A,Mobile,Organic,New,0,1,0,0,0,0,0,0.0,0.0,0.0
101618,B,Desktop,Social,Returning,0,1,0,0,0,0,0,0.0,0.0,0.0
101619,A,Desktop,Direct,New,0,1,0,0,0,0,0,0.0,0.0,0.0
101620,B,Desktop,Organic,Returning,0,1,0,0,0,0,0,0.0,0.0,0.0
101621,B,Mobile,Organic,New,0,0,0,0,0,0,0,0.0,0.0,0.0
101622,A,Desktop,Direct,Returning,0,1,0,0,0,0,1,0.0,0.0,0.0
101623,A,Mobile,Direct,New,0,1,0,0,0,0,0,0.0,0.0,0.0
101624,B,Desktop,Email,Returning,1,1,0,0,0,0,1,0.0,0.0,0.0
101625,B,Desktop,Organic,Returning,1,1,0,0,0,0,0,0.0,0.0,0.0
101626,A,Desktop,Paid Search,New,1,1,0,0,0,0,1,0.0,0.0,0.0
101627,B,Mobile,Email,New,0,1,0,0,0,0,0,0.0,0.0,0.0
101628,B,Mobile,Social,Returning,1,1,1,1,1,0,0,1595.1951834164179,0.0,1595.1951834164179
101629,A,Desktop,Organic,New,1,1,0,0,0,0,1,0.0,0.0,0.0
101630,A,Mobile,Organic,New,0,0,0,0,0,0,0,0.0,0.0,0.0
101631,B,Mobile,Paid Search,New,0,1,1,1,1,0,0,2695.883100358527,0.0,2695.883100358527
101632,A,Mobile,Email,New,0,1,1,1,0,0,1,0.0,0.0,0.0
101633,A,Mobile,Organic,New,0,1,0,0,0,0,0,0.0,0.0,0.0
101634,A,Mobile,Paid Search,Returning,0,1,0,0,0,0,0,0.0,0.0,0.0
101635,A,Mobile,Email,New,1,1,0,0,0,0,0,0.0,0.0,0.0
101636,A,Mobile,Social,New,0,1,0,0,0,0,1,0.0,0.0,0.0
101637,A,Desktop,Organic,New,0,1,0,0,0,0,0,0.0,0.0,0.0
101638,B,Mobile,Social,New,0,1,0,0,0,0,1,0.0,0.0,0.0
101639,B,Mobile,Organic,Returning,0,1,0,0,0,0,0,0.0,0.0,0.0
101640,A,Desktop,Email,New,0,1,0,0,0,0,0,0.0,0.0,0.0
101641,A,Desktop,Organic,New,0,1,0,0,0,0,1,0.0,0.0,0.0
101642,A,Mobile,Organic,Returning,0,1,0,0,0,0,1,0.0,0.0,0.0
101643,B,Mobile,Paid Search,New,0,1,0,0,0,0,0,0.0,0.0,0.0
101644,B,Mobile,Organic,New,0,0,0,0,0,0,0,0.0,0.0,0.0
101645,B,Mobile,Email,New,0,1,0,0,0,0,0,0.0,0.0,0.0
101646,A,Mobile,Email,Returning,1,1,1,0,0,0,1,0.0,0.0,0.0
101647,B,Mobile,Organic,New,1,1,0,0,0,0,1,0.0,0.0,0.0
101648,B,Desktop,Paid Search,New,0,1,0,0,0,0,1,0.0,0.0,0.0
101649,B,Mobile,Organic,Returning,0,1,1,0,0,0,0,0.0,0.0,0.0
101650,B,Mobile,Social,Returning,0,1,0,0,0,0,0,0.0,0.0,0.0
101651,A,Tablet,Organic,New,0,1,0,0,0,0,0,0.0,0.0,0.0
101652,B,Mobile,Direct,Returning,0,0,0,0,0,0,1,0.0,0.0,0.0
101653,A,Mobile,Social,New,0,1,0,0,0,0,0,0.0,0.0,0.0
101654,B,Mobile,Direct,New,0,1,1,1,1,0,0,3912.8962121236723,0.0,3912.8962121236723
101655,A,Mobile,Organic,New,0,1,0,0,0,0,1,0.0,0.0,0.0
101656,B,Desktop,Organic,Returning,0,1,1,0,0,0,1,0.0,0.0,0.0
101657,B,Mobile,Organic,Returning,0,1,0,0,0,0,0,0.0,0.0,0.0
101658,A,Mobile,Direct,New,0,1,0,0,0,0,0,0.0,0.0,0.0
101659,A,Mobile,Social,New,0,0,0,0,0,0,0,0.0,0.0,0.0
101660,A,Desktop,Organic,New,0,0,0,0,0,0,0,0.0,0.0,0.0
101661,A,Desktop,Direct,Returning,1,0,0,0,0,0,0,0.0,0.0,0.0
101662,B,Desktop,Social,New,0,1,0,0,0,0,0,0.0,0.0,0.0
101663,B,Mobile,Organic,New,1,1,0,0,0,0,0,0.0,0.0,0.0
101664,B,Mobile,Paid Search,New,0,1,0,0,0,0,0,0.0,0.0,0.0
101665,B,Mobile,Social,New,0,1,0,0,0,0,0,0.0,0.0,0.0
101666,B,Mobile,Social,Returning,0,1,0,0,0,0,1,0.0,0.0,0.0
101667,A,Mobile,Organic,Returning,0,0,0,0,0,0,1,0.0,0.0,0.0
101668,B,Mobile,Organic,Returning,0,1,0,0,0,0,0,0.0,0.0,0.0
101669,A,Desktop,Organic,Returning,0,1,0,0,0,0,1,0.0,0.0,0.0
101670,B,Mobile,Social,New,1,1,0,0,0,0,0,0.0,0.0,0.0
101671,B,Mobile,Organic,Returning,1,1,0,0,0,0,1,0.0,0.0,0.0
101672,A,Desktop,Organic,New,0,1,0,0,0,0,0,0.0,0.0,0.0
101673,B,Mobile,Email,New,0,1,0,0,0,0,0,0.0,0.0,0.0
101674,B,Mobile,Direct,New,0,1,0,0,0,0,0,0.0,0.0,0.0
101675,B,Mobile,Organic,New,0,1,0,0,0,0,1,0.0,0.0,0.0
101676,B,Mobile,Email,Returning,0,0,0,0,0,0,0,0.0,0.0,0.0
101677,B,Desktop,Paid Search,New,1,1,0,0,0,0,0,0.0,0.0,0.0
101678,B,Mobile,Paid Search,New,0,1,1,1,1,0,1,2822.0932744102083,0.0,2822.0932744102083
101679,B,Mobile,Organic,New,0,1,1,1,0,0,1,0.0,0.0,0.0
101680,A,Mobile,Direct,Returning,0,1,1,0,0,0,0,0.0,0.0,0.0
101681,B,Desktop,Organic,New,0,1,0,0,0,0,0,0.0,0.0,0.0
101682,B,Tablet,Direct,Returning,1,1,0,0,0,0,0,0.0,0.0,0.0
101683,B,Mobile,Social,Returning,0,1,1,1,1,1,0,1241.5903015262097,1205.3030236481864,2446.893325174396
101684,B,Desktop,Email,Returning,0,1,0,0,0,0,0,0.0,0.0,0.0
101685,B,Desktop,Paid Search,New,0,1,0,0,0,0,0,0.0,0.0,0.0
101686,B,Desktop,Paid Search,New,0,1,0,0,0,0,1,0.0,0.0,0.0
101687,B,Mobile,Email,New,0,1,0,0,0,0,1,0.0,0.0,0.0
101688,B,Desktop,Direct,New,0,1,0,0,0,0,0,0.0,0.0,0.0
101689,A,Desktop,Paid Search,Returning,0,1,0,0,0,0,0,0.0,0.0,0.0
101690,A,Mobile,Paid Search,New,0,1,0,0,0,0,0,0.0,0.0,0.0
101691,A,Mobile,Organic,New,0,1,0,0,0,0,0,0.0,0.0,0.0
101692,B,Mobile,Social,New,0,1,0,0,0,0,0,0.0,0.0,0.0
101693,A,Desktop,Email,New,0,1,0,0,0,0,0,0.0,0.0,0.0
101694,A,Mobile,Social,Returning,0,1,0,0,0,0,0,0.0,0.0,0.0
101695,A,Desktop,Organic,Returning,0,1,0,0,0,0,0,0.0,0.0,0.0
101696,B,Desktop,Organic,Returning,1,0,0,0,0,0,0,0.0,0.0,0.0
101697,B,Mobile,Social,Returning,0,1,0,0,0,0,0,0.0,0.0,0.0
101698,B,Mobile,Organic,New,0,0,0,0,0,0,1,0.0,0.0,0.0
101699,B,Mobile,Social,New,0,0,0,0,0,0,0,0.0,0.0,0.0
101700,B,Mobile,Paid Search,Returning,0,1,0,0,0,0,0,0.0,0.0,0.0
101701,B,Mobile,Paid Search,New,0,1,1,1,1,1,0,2497.13297455175,2930.8604805566015,5427.993455108352
101702,A,Mobile,Social,Returning,0,1,0,0,0,0,0,0.0,0.0,0.0
101703,B,Mobile,Direct,New,0,0,0,0,0,0,0,0.0,0.0,0.0
101704,A,Tablet,Social,New,0,1,0,0,0,0,1,0.0,0.0,0.0
101705,A,Mobile,Social,New,1,1,0,0,0,0,0,0.0,0.0,0.0
101706,B,Mobile,Direct,Returning,0,1,0,0,0,0,1,0.0,0.0,0.0
101707,A,Desktop,Paid Search,New,0,0,0,0,0,0,0,0.0,0.0,0.0
101708,B,Mobile,Social,Returning,0,1,0,0,0,0,1,0.0,0.0,0.0
101709,B,Mobile,Social,New,0,1,1,1,1,0,0,2638.5547765081774,0.0,2638.5547765081774
101710,A,Mobile,Organic,Returning,0,1,0,0,0,0,0,0.0,0.0,0.0
101711,A,Mobile,Organic,New,0,1,0,0,0,0,0,0.0,0.0,0.0
101712,A,Mobile,Paid Search,New,0,0,0,0,0,0,1,0.0,0.0,0.0
101713,A,Mobile,Paid Search,Returning,0,0,0,0,0,0,1,0.0,0.0,0.0
101714,B,Mobile,Organic,New,0,1,0,0,0,0,0,0.0,0.0,0.0
101715,B,Mobile,Email,New,0,1,1,1,1,0,1,2245.373628368774,0.0,2245.373628368774
101716,A,Desktop,Organic,New,0,0,0,0,0,0,1,0.0,0.0,0.0
101717,B,Mobile,Organic,New,0,1,1,1,0,0,0,0.0,0.0,0.0
101718,A,Desktop,Paid Search,New,0,1,0,0,0,0,0,0.0,0.0,0.0
101719,B,Mobile,Organic,Returning,0,1,1,1,1,0,0,2929.1274998111453,0.0,2929.1274998111453
101720,A,Desktop,Organic,New,0,1,0,0,0,0,1,0.0,0.0,0.0
101721,B,Mobile,Social,Returning,1,0,0,0,0,0,1,0.0,0.0,0.0
101722,B,Mobile,Paid Search,New,0,1,0,0,0,0,0,0.0,0.0,0.0
101723,A,Mobile,Social,New,0,1,0,0,0,0,0,0.0,0.0,0.0
101724,B,Mobile,Paid Search,New,0,1,0,0,0,0,0,0.0,0.0,0.0
101725,A,Mobile,Social,New,0,1,1,0,0,0,0,0.0,0.0,0.0
101726,B,Mobile,Social,Returning,0,0,0,0,0,0,0,0.0,0.0,0.0
101727,B,Desktop,Organic,New,0,1,0,0,0,0,1,0.0,0.0,0.0
101728,B,Mobile,Email,New,0,1,1,0,0,0,0,0.0,0.0,0.0
101729,B,Desktop,Direct,New,0,1,1,0,0,0,1,0.0,0.0,0.0
101730,A,Mobile,Social,Returning,0,1,0,0,0,0,0,0.0,0.0,0.0
101731,A,Mobile,Paid Search,Returning,0,1,1,1,0,0,0,0.0,0.0,0.0
101732,B,Desktop,Organic,New,0,1,0,0,0,0,0,0.0,0.0,0.0
101733,A,Desktop,Direct,New,1,1,0,0,0,0,0,0.0,0.0,0.0
101734,B,Desktop,Paid Search,Returning,0,0,0,0,0,0,1,0.0,0.0,0.0
101735,A,Mobile,Social,New,0,1,0,0,0,0,0,0.0,0.0,0.0
101736,B,Desktop,Direct,New,0,1,0,0,0,0,0,0.0,0.0,0.0
101737,B,Mobile,Organic,New,0,1,0,0,0,0,0,0.0,0.0,0.0
101738,A,Mobile,Organic,New,0,1,0,0,0,0,1,0.0,0.0,0.0
101739,B,Mobile,Organic,Returning,1,1,0,0,0,0,1,0.0,0.0,0.0
101740,B,Mobile,Direct,New,0,0,0,0,0,0,0,0.0,0.0,0.0
101741,A,Desktop,Social,New,0,0,0,0,0,0,1,0.0,0.0,0.0
101742,A,Desktop,Email,New,1,1,0,0,0,0,0,0.0,0.0,0.0
101743,A,Mobile,Social,New,0,0,0,0,0,0,0,0.0,0.0,0.0
101744,B,Mobile,Email,New,0,1,0,0,0,0,1,0.0,0.0,0.0
101745,B,Mobile,Email,New,0,1,0,0,0,0,0,0.0,0.0,0.0
101746,B,Tablet,Organic,New,0,1,0,0,0,0,1,0.0,0.0,0.0
101747,B,Mobile,Organic,New,0,1,1,1,1,0,1,2509.7955060671593,0.0,2509.7955060671593
101748,B,Desktop,Organic,Returning,0,1,0,0,0,0,0,0.0,0.0,0.0
101749,B,Mobile,Organic,New,0,0,0,0,0,0,0,0.0,0.0,0.0
101750,B,Mobile,Organic,New,0,1,0,0,0,0,1,0.0,0.0,0.0
101751,A,Tablet,Email,New,0,1,0,0,0,0,0,0.0,0.0,0.0
101752,B,Mobile,Paid Search,New,0,1,1,1,0,0,0,0.0,0.0,0.0
101753,A,Desktop,Organic,New,1,0,0,0,0,0,1,0.0,0.0,0.0
101754,A,Desktop,Direct,New,0,1,0,0,0,0,0,0.0,0.0,0.0
101755,A,Mobile,Paid Search,New,1,0,0,0,0,0,0,0.0,0.0,0.0
101756,B,Desktop,Direct,New,0,0,0,0,0,0,1,0.0,0.0,0.0
101757,A,Desktop,Organic,Returning,0,1,0,0,0,0,1,0.0,0.0,0.0
101758,B,Mobile,Organic,New,0,1,0,0,0,0,0,0.0,0.0,0.0
101759,B,Mobile,Direct,Returning,0,1,0,0,0,0,0,0.0,0.0,0.0
101760,A,Desktop,Paid Search,New,0,1,0,0,0,0,0,0.0,0.0,0.0
101761,B,Mobile,Social,New,0,1,0,0,0,0,0,0.0,0.0,0.0
101762,B,Desktop,Paid Search,Returning,0,1,1,0,0,0,0,0.0,0.0,0.0
101763,B,Mobile,Direct,Returning,0,1,1,1,0,0,1,0.0,0.0,0.0
101764,B,Desktop,Organic,New,0,1,0,0,0,0,1,0.0,0.0,0.0
101765,A,Mobile,Paid Search,New,0,1,0,0,0,0,0,0.0,0.0,0.0
101766,A,Desktop,Social,New,0,1,0,0,0,0,1,0.0,0.0,0.0
101767,B,Tablet,Direct,New,0,1,0,0,0,0,1,0.0,0.0,0.0
101768,B,Mobile,Organic,New,0,1,0,0,0,0,1,0.0,0.0,0.0
101769,A,Desktop,Organic,New,0,1,0,0,0,0,0,0.0,0.0,0.0
101770,A,Desktop,Email,New,1,0,0,0,0,0,0,0.0,0.0,0.0
101771,A,Desktop,Paid Search,New,0,1,0,0,0,0,1,0.0,0.0,0.0
101772,A,Mobile,Paid Search,Returning,0,0,0,0,0,0,0,0.0,0.0,0.0
101773,A,Desktop,Email,Returning,0,1,0,0,0,0,0,0.0,0.0,0.0
101774,B,Desktop,Paid Search,New,0,1,0,0,0,0,1,0.0,0.0,0.0
101775,B,Mobile,Social,Returning,0,0,0,0,0,0,0,0.0,0.0,0.0
101776,B,Desktop,Organic,Returning,0,1,0,0,0,0,1,0.0,0.0,0.0
101777,A,Mobile,Social,Returning,1,1,0,0,0,0,0,0.0,0.0,0.0
101778,A,Mobile,Social,New,0,1,0,0,0,0,0,0.0,0.0,0.0
101779,B,Mobile,Social,New,0,1,0,0,0,0,0,0.0,0.0,0.0
101780,B,Tablet,Social,New,0,0,0,0,0,0,0,0.0,0.0,0.0
101781,B,Desktop,Paid Search,New,0,0,0,0,0,0,0,0.0,0.0,0.0
101782,B,Tablet,Organic,Returning,0,1,0,0,0,0,0,0.0,0.0,0.0
101783,B,Mobile,Paid Search,Returning,0,1,0,0,0,0,0,0.0,0.0,0.0
101784,A,Desktop,Organic,New,0,1,1,0,0,0,1,0.0,0.0,0.0
101785,B,Mobile,Email,New,0,0,0,0,0,0,0,0.0,0.0,0.0
101786,B,Mobile,Email,Returning,0,1,0,0,0,0,0,0.0,0.0,0.0
101787,B,Mobile,Organic,Returning,0,0,0,0,0,0,0,0.0,0.0,0.0
101788,B,Mobile,Social,New,0,1,0,0,0,0,0,0.0,0.0,0.0
101789,A,Mobile,Paid Search,New,0,1,1,0,0,0,0,0.0,0.0,0.0
101790,B,Mobile,Paid Search,New,0,1,1,1,1,0,1,4198.927630463814,0.0,4198.927630463814
101791,B,Mobile,Organic,New,0,1,0,0,0,0,0,0.0,0.0,0.0
101792,A,Mobile,Paid Search,New,0,1,0,0,0,0,1,0.0,0.0,0.0
101793,B,Desktop,Direct,New,1,1,0,0,0,0,0,0.0,0.0,0.0
101794,A,Mobile,Social,New,0,1,1,0,0,0,1,0.0,0.0,0.0
101795,B,Desktop,Direct,Returning,0,1,0,0,0,0,0,0.0,0.0,0.0
101796,B,Mobile,Paid Search,Returning,0,1,0,0,0,0,1,0.0,0.0,0.0
101797,A,Mobile,Email,New,0,1,0,0,0,0,0,0.0,0.0,0.0
101798,A,Desktop,Organic,New,0,1,0,0,0,0,1,0.0,0.0,0.0
101799,B,Desktop,Paid Search,New,0,1,0,0,0,0,1,0.0,0.0,0.0
101800,A,Mobile,Social,New,0,0,0,0,0,0,0,0.0,0.0,0.0
101801,B,Mobile,Social,New,0,0,0,0,0,0,0,0.0,0.0,0.0
101802,B,Mobile,Paid Search,New,1,1,0,0,0,0,0,0.0,0.0,0.0
101803,A,Tablet,Direct,New,0,1,0,0,0,0,0,0.0,0.0,0.0
101804,A,Desktop,Paid Search,New,0,1,0,0,0,0,1,0.0,0.0,0.0
101805,A,Tablet,Direct,New,0,1,0,0,0,0,0,0.0,0.0,0.0
101806,A,Desktop,Organic,Returning,0,0,0,0,0,0,0,0.0,0.0,0.0
101807,B,Mobile,Email,New,1,1,0,0,0,0,0,0.0,0.0,0.0
101808,A,Desktop,Organic,Returning,0,1,1,0,0,0,0,0.0,0.0,0.0
101809,B,Desktop,Social,New,0,1,0,0,0,0,0,0.0,0.0,0.0
101810,B,Desktop,Social,New,0,1,0,0,0,0,0,0.0,0.0,0.0
101811,B,Mobile,Direct,Returning,0,0,0,0,0,0,1,0.0,0.0,0.0
101812,B,Desktop,Paid Search,New,0,1,0,0,0,0,0,0.0,0.0,0.0
101813,A,Mobile,Organic,New,0,0,0,0,0,0,0,0.0,0.0,0.0
101814,B,Desktop,Direct,New,1,1,0,0,0,0,1,0.0,0.0,0.0
101815,B,Mobile,Paid Search,Returning,0,1,1,1,1,0,0,2276.80916827727,0.0,2276.80916827727
101816,A,Mobile,Social,New,0,0,0,0,0,0,1,0.0,0.0,0.0
101817,A,Tablet,Organic,New,0,1,0,0,0,0,0,0.0,0.0,0.0
101818,A,Mobile,Organic,New,0,1,0,0,0,0,0,0.0,0.0,0.0
101819,A,Mobile,Email,New,0,0,0,0,0,0,0,0.0,0.0,0.0
101820,B,Tablet,Organic,Returning,0,0,0,0,0,0,0,0.0,0.0,0.0
101821,B,Mobile,Paid Search,New,0,1,0,0,0,0,0,0.0,0.0,0.0
101822,A,Desktop,Organic,New,0,1,0,0,0,0,0,0.0,0.0,0.0
101823,A,Mobile,Social,New,0,0,0,0,0,0,0,0.0,0.0,0.0
101824,A,Mobile,Paid Search,New,0,1,1,1,1,0,0,3236.539237560118,0.0,3236.539237560118
101825,A,Mobile,Organic,New,0,1,0,0,0,0,1,0.0,0.0,0.0
101826,A,Desktop,Direct,New,0,1,1,0,0,0,0,0.0,0.0,0.0
101827,B,Mobile,Organic,New,0,1,0,0,0,0,0,0.0,0.0,0.0
101828,B,Mobile,Organic,New,0,0,0,0,0,0,1,0.0,0.0,0.0
101829,B,Desktop,Social,New,0,1,0,0,0,0,0,0.0,0.0,0.0
101830,A,Tablet,Organic,Returning,0,0,0,0,0,0,0,0.0,0.0,0.0
101831,A,Tablet,Social,New,0,1,0,0,0,0,1,0.0,0.0,0.0
101832,B,Mobile,Email,New,0,1,0,0,0,0,0,0.0,0.0,0.0
101833,A,Desktop,Direct,New,0,1,1,1,0,0,1,0.0,0.0,0.0
101834,A,Desktop,Email,Returning,0,1,0,0,0,0,0,0.0,0.0,0.0
101835,A,Tablet,Email,New,0,0,0,0,0,0,0,0.0,0.0,0.0
101836,A,Desktop,Organic,New,0,1,0,0,0,0,0,0.0,0.0,0.0
101837,A,Desktop,Organic,New,0,1,0,0,0,0,1,0.0,0.0,0.0
101838,B,Desktop,Paid Search,Returning,0,1,0,0,0,0,0,0.0,0.0,0.0
101839,B,Mobile,Email,Returning,0,1,1,1,0,0,0,0.0,0.0,0.0
101840,B,Tablet,Organic,New,1,1,0,0,0,0,1,0.0,0.0,0.0
101841,A,Desktop,Direct,New,0,1,1,1,1,0,0,3407.728898694327,0.0,3407.728898694327
101842,A,Mobile,Social,New,1,1,0,0,0,0,1,0.0,0.0,0.0
101843,A,Mobile,Organic,Returning,0,1,0,0,0,0,0,0.0,0.0,0.0
101844,A,Mobile,Email,New,1,1,0,0,0,0,0,0.0,0.0,0.0
101845,A,Desktop,Organic,Returning,1,1,1,1,1,0,0,3030.216787390892,0.0,3030.216787390892
101846,B,Mobile,Organic,New,0,1,0,0,0,0,1,0.0,0.0,0.0
101847,A,Mobile,Organic,New,0,1,0,0,0,0,0,0.0,0.0,0.0
101848,B,Desktop,Social,New,0,0,0,0,0,0,0,0.0,0.0,0.0
101849,A,Desktop,Social,Returning,0,1,0,0,0,0,1,0.0,0.0,0.0
101850,B,Mobile,Paid Search,New,0,1,0,0,0,0,1,0.0,0.0,0.0
101851,B,Mobile,Organic,New,0,1,1,1,1,0,0,3491.4954274105653,0.0,3491.4954274105653
101852,A,Desktop,Social,New,0,0,0,0,0,0,0,0.0,0.0,0.0
101853,B,Mobile,Paid Search,Returning,0,1,1,1,1,0,1,2116.334077532258,0.0,2116.334077532258
101854,A,Mobile,Paid Search,New,0,1,0,0,0,0,1,0.0,0.0,0.0
101855,A,Mobile,Social,Returning,0,0,0,0,0,0,0,0.0,0.0,0.0
101856,A,Tablet,Paid Search,New,0,1,0,0,0,0,0,0.0,0.0,0.0
101857,B,Mobile,Direct,New,0,1,1,0,0,0,0,0.0,0.0,0.0
101858,A,Mobile,Direct,New,0,1,0,0,0,0,0,0.0,0.0,0.0
101859,A,Desktop,Social,New,0,1,0,0,0,0,1,0.0,0.0,0.0
101860,B,Mobile,Paid Search,New,0,0,0,0,0,0,0,0.0,0.0,0.0
101861,A,Mobile,Organic,New,1,1,0,0,0,0,0,0.0,0.0,0.0
101862,A,Desktop,Paid Search,New,0,1,0,0,0,0,1,0.0,0.0,0.0
101863,A,Mobile,Social,New,0,0,0,0,0,0,0,0.0,0.0,0.0
101864,A,Desktop,Paid Search,Returning,0,0,0,0,0,0,1,0.0,0.0,0.0
101865,A,Mobile,Direct,New,0,1,0,0,0,0,0,0.0,0.0,0.0
101866,A,Mobile,Organic,Returning,1,1,0,0,0,0,1,0.0,0.0,0.0
101867,B,Mobile,Organic,New,1,1,0,0,0,0,0,0.0,0.0,0.0
101868,A,Mobile,Social,New,0,0,0,0,0,0,0,0.0,0.0,0.0
101869,B,Mobile,Paid Search,New,0,0,0,0,0,0,0,0.0,0.0,0.0
101870,B,Desktop,Paid Search,New,0,1,0,0,0,0,0,0.0,0.0,0.0
101871,A,Desktop,Email,New,0,1,0,0,0,0,0,0.0,0.0,0.0
101872,B,Mobile,Organic,New,0,1,1,1,0,0,0,0.0,0.0,0.0
101873,A,Mobile,Social,New,0,0,0,0,0,0,1,0.0,0.0,0.0
101874,A,Mobile,Direct,Returning,0,1,0,0,0,0,0,0.0,0.0,0.0
101875,B,Desktop,Organic,New,0,1,0,0,0,0,1,0.0,0.0,0.0
101876,B,Tablet,Social,New,0,1,0,0,0,0,0,0.0,0.0,0.0
101877,B,Mobile,Paid Search,New,0,1,0,0,0,0,0,0.0,0.0,0.0
101878,B,Mobile,Paid Search,New,0,1,0,0,0,0,0,0.0,0.0,0.0
101879,A,Desktop,Organic,Returning,0,0,0,0,0,0,0,0.0,0.0,0.0
101880,A,Mobile,Paid Search,New,0,1,0,0,0,0,1,0.0,0.0,0.0
101881,B,Mobile,Social,Returning,0,1,0,0,0,0,1,0.0,0.0,0.0
101882,A,Mobile,Social,New,1,1,1,1,1,0,0,2950.4230741504234,0.0,2950.4230741504234
101883,B,Mobile,Organic,New,0,0,0,0,0,0,1,0.0,0.0,0.0
101884,B,Mobile,Social,New,0,1,1,1,1,1,0,2075.1625102860853,2256.297098601908,4331.459608887993
101885,B,Mobile,Social,New,0,1,0,0,0,0,0,0.0,0.0,0.0
101886,B,Mobile,Social,New,0,1,1,1,1,0,1,2179.8181128143087,0.0,2179.8181128143087
101887,A,Mobile,Paid Search,Returning,0,1,0,0,0,0,0,0.0,0.0,0.0
101888,B,Tablet,Organic,Returning,0,1,0,0,0,0,0,0.0,0.0,0.0
101889,A,Tablet,Paid Search,New,0,0,0,0,0,0,0,0.0,0.0,0.0
101890,B,Mobile,Organic,New,0,1,1,1,0,0,0,0.0,0.0,0.0
101891,B,Mobile,Organic,New,0,1,0,0,0,0,0,0.0,0.0,0.0
101892,A,Mobile,Social,New,0,1,0,0,0,0,0,0.0,0.0,0.0
101893,B,Mobile,Organic,New,0,0,0,0,0,0,0,0.0,0.0,0.0
101894,B,Mobile,Paid Search,New,1,1,0,0,0,0,1,0.0,0.0,0.0
101895,A,Mobile,Social,New,1,1,0,0,0,0,1,0.0,0.0,0.0
101896,A,Mobile,Email,New,0,1,0,0,0,0,0,0.0,0.0,0.0
101897,A,Mobile,Direct,New,0,0,0,0,0,0,0,0.0,0.0,0.0
101898,A,Mobile,Email,New,0,0,0,0,0,0,0,0.0,0.0,0.0
101899,A,Desktop,Organic,New,0,1,0,0,0,0,1,0.0,0.0,0.0
101900,A,Mobile,Organic,New,0,1,0,0,0,0,1,0.0,0.0,0.0
101901,B,Desktop,Paid Search,New,0,1,0,0,0,0,0,0.0,0.0,0.0
101902,A,Mobile,Email,New,0,0,0,0,0,0,1,0.0,0.0,0.0
101903,B,Mobile,Organic,New,0,1,0,0,0,0,0,0.0,0.0,0.0
101904,A,Mobile,Email,New,0,0,0,0,0,0,1,0.0,0.0,0.0
101905,A,Mobile,Email,New,0,1,0,0,0,0,1,0.0,0.0,0.0
101906,B,Mobile,Social,Returning,1,1,0,0,0,0,0,0.0,0.0,0.0
101907,A,Mobile,Organic,Returning,0,1,0,0,0,0,0,0.0,0.0,0.0
101908,B,Mobile,Social,New,0,0,0,0,0,0,0,0.0,0.0,0.0
101909,B,Mobile,Paid Search,New,0,1,0,0,0,0,1,0.0,0.0,0.0
101910,A,Mobile,Paid Search,New,0,1,1,1,1,0,0,2774.486560596777,0.0,2774.486560596777
101911,A,Mobile,Paid Search,New,0,1,0,0,0,0,0,0.0,0.0,0.0
101912,B,Mobile,Organic,New,0,1,0,0,0,0,1,0.0,0.0,0.0
101913,A,Mobile,Organic,New,0,0,0,0,0,0,1,0.0,0.0,0.0
101914,A,Tablet,Paid Search,New,0,1,0,0,0,0,0,0.0,0.0,0.0
101915,A,Mobile,Paid Search,New,0,1,0,0,0,0,0,0.0,0.0,0.0
101916,A,Mobile,Email,Returning,0,1,0,0,0,0,0,0.0,0.0,0.0
101917,B,Desktop,Email,Returning,0,1,1,1,1,0,0,2922.1522860029777,0.0,2922.1522860029777
101918,A,Mobile,Organic,New,0,1,0,0,0,0,1,0.0,0.0,0.0
101919,A,Desktop,Email,Returning,0,1,0,0,0,0,0,0.0,0.0,0.0
101920,B,Mobile,Direct,Returning,1,1,0,0,0,0,1,0.0,0.0,0.0
101921,B,Mobile,Paid Search,Returning,0,1,0,0,0,0,0,0.0,0.0,0.0
101922,A,Mobile,Paid Search,New,0,1,0,0,0,0,0,0.0,0.0,0.0
101923,B,Mobile,Social,Returning,0,0,0,0,0,0,1,0.0,0.0,0.0
101924,B,Desktop,Paid Search,New,0,1,0,0,0,0,1,0.0,0.0,0.0
101925,A,Desktop,Direct,New,0,1,1,1,0,0,1,0.0,0.0,0.0
101926,A,Mobile,Social,Returning,0,1,0,0,0,0,1,0.0,0.0,0.0
101927,A,Mobile,Organic,New,0,1,0,0,0,0,1,0.0,0.0,0.0
101928,A,Desktop,Paid Search,New,0,1,0,0,0,0,1,0.0,0.0,0.0
101929,A,Mobile,Organic,New,0,1,0,0,0,0,0,0.0,0.0,0.0
101930,B,Mobile,Social,Returning,1,1,0,0,0,0,0,0.0,0.0,0.0
101931,B,Mobile,Email,New,0,1,0,0,0,0,1,0.0,0.0,0.0
101932,A,Mobile,Paid Search,New,1,0,0,0,0,0,0,0.0,0.0,0.0
101933,A,Mobile,Organic,New,0,1,1,1,0,0,1,0.0,0.0,0.0
101934,B,Mobile,Paid Search,New,0,1,0,0,0,0,0,0.0,0.0,0.0
101935,B,Desktop,Paid Search,New,0,0,0,0,0,0,0,0.0,0.0,0.0
101936,A,Mobile,Organic,New,0,1,0,0,0,0,0,0.0,0.0,0.0
101937,B,Mobile,Organic,New,0,1,0,0,0,0,0,0.0,0.0,0.0
101938,A,Mobile,Organic,New,0,1,0,0,0,0,0,0.0,0.0,0.0
101939,A,Desktop,Direct,New,0,1,0,0,0,0,0,0.0,0.0,0.0
101940,B,Mobile,Social,New,0,1,0,0,0,0,1,0.0,0.0,0.0
101941,A,Desktop,Organic,Returning,0,1,0,0,0,0,0,0.0,0.0,0.0
101942,B,Mobile,Email,New,0,0,0,0,0,0,0,0.0,0.0,0.0
101943,A,Mobile,Organic,Returning,0,0,0,0,0,0,0,0.0,0.0,0.0
101944,B,Mobile,Social,New,0,0,0,0,0,0,0,0.0,0.0,0.0
101945,B,Desktop,Email,Returning,0,1,0,0,0,0,1,0.0,0.0,0.0
101946,B,Mobile,Social,New,0,1,0,0,0,0,1,0.0,0.0,0.0
101947,B,Mobile,Organic,Returning,0,0,0,0,0,0,0,0.0,0.0,0.0
101948,A,Mobile,Direct,Returning,0,0,0,0,0,0,0,0.0,0.0,0.0
101949,A,Mobile,Social,New,0,1,1,1,1,0,1,3197.375412512997,0.0,3197.375412512997
101950,B,Mobile,Direct,New,0,0,0,0,0,0,0,0.0,0.0,0.0
101951,B,Mobile,Paid Search,Returning,1,0,0,0,0,0,0,0.0,0.0,0.0
101952,A,Desktop,Paid Search,Returning,0,1,0,0,0,0,0,0.0,0.0,0.0
101953,A,Mobile,Paid Search,New,1,1,0,0,0,0,0,0.0,0.0,0.0
101954,B,Mobile,Organic,Returning,0,1,1,1,1,0,0,2676.090236790871,0.0,2676.090236790871
101955,B,Mobile,Social,New,0,1,0,0,0,0,1,0.0,0.0,0.0
101956,A,Desktop,Social,Returning,0,1,0,0,0,0,0,0.0,0.0,0.0
101957,A,Mobile,Paid Search,New,0,1,0,0,0,0,0,0.0,0.0,0.0
101958,B,Mobile,Paid Search,Returning,0,1,1,0,0,0,0,0.0,0.0,0.0
101959,B,Mobile,Email,New,0,0,0,0,0,0,1,0.0,0.0,0.0
101960,B,Mobile,Direct,Returning,0,0,0,0,0,0,1,0.0,0.0,0.0
101961,A,Mobile,Organic,New,0,1,0,0,0,0,1,0.0,0.0,0.0
101962,B,Desktop,Direct,Returning,0,1,0,0,0,0,1,0.0,0.0,0.0
101963,A,Mobile,Paid Search,New,0,1,1,1,0,0,0,0.0,0.0,0.0
101964,B,Mobile,Organic,Returning,0,1,0,0,0,0,0,0.0,0.0,0.0
101965,A,Mobile,Social,New,1,1,0,0,0,0,1,0.0,0.0,0.0
101966,A,Tablet,Paid Search,New,0,1,0,0,0,0,1,0.0,0.0,0.0
101967,B,Mobile,Direct,Returning,0,0,0,0,0,0,1,0.0,0.0,0.0
101968,A,Mobile,Email,New,0,1,0,0,0,0,0,0.0,0.0,0.0
101969,A,Desktop,Direct,Returning,0,1,1,1,1,0,1,2494.5667913232546,0.0,2494.5667913232546
101970,B,Mobile,Organic,New,0,1,0,0,0,0,0,0.0,0.0,0.0
101971,A,Desktop,Organic,New,0,0,0,0,0,0,0,0.0,0.0,0.0
101972,B,Mobile,Email,New,0,1,0,0,0,0,0,0.0,0.0,0.0
101973,A,Mobile,Direct,New,0,1,1,1,1,1,1,2109.7691504166883,2547.15002916793,4656.919179584618
101974,B,Mobile,Email,New,0,1,0,0,0,0,0,0.0,0.0,0.0
101975,B,Mobile,Organic,New,1,1,0,0,0,0,0,0.0,0.0,0.0
101976,B,Mobile,Paid Search,New,0,1,0,0,0,0,1,0.0,0.0,0.0
101977,A,Mobile,Organic,Returning,0,1,0,0,0,0,1,0.0,0.0,0.0
101978,B,Mobile,Paid Search,New,0,1,0,0,0,0,0,0.0,0.0,0.0
101979,A,Mobile,Organic,New,0,1,0,0,0,0,0,0.0,0.0,0.0
101980,A,Desktop,Direct,New,0,1,0,0,0,0,0,0.0,0.0,0.0
101981,A,Mobile,Paid Search,New,0,1,0,0,0,0,0,0.0,0.0,0.0
101982,B,Mobile,Paid Search,New,0,1,0,0,0,0,0,0.0,0.0,0.0
101983,A,Mobile,Social,New,0,1,1,1,1,1,0,3452.5340411197258,3999.9003615147585,7452.434402634484
101984,A,Mobile,Direct,New,0,1,0,0,0,0,1,0.0,0.0,0.0
101985,B,Mobile,Organic,New,0,0,0,0,0,0,0,0.0,0.0,0.0
101986,B,Mobile,Social,Returning,0,0,0,0,0,0,0,0.0,0.0,0.0
101987,A,Mobile,Paid Search,New,0,1,0,0,0,0,0,0.0,0.0,0.0
101988,A,Mobile,Organic,New,0,1,0,0,0,0,0,0.0,0.0,0.0
101989,A,Desktop,Organic,Returning,0,1,0,0,0,0,0,0.0,0.0,0.0
101990,A,Mobile,Email,Returning,1,0,0,0,0,0,0,0.0,0.0,0.0
101991,B,Desktop,Direct,Returning,0,1,1,1,1,0,0,2993.4651112494835,0.0,2993.4651112494835
101992,B,Mobile,Social,New,0,1,0,0,0,0,0,0.0,0.0,0.0
101993,B,Mobile,Email,New,1,1,1,1,1,0,0,2012.4910013820886,0.0,2012.4910013820886
101994,A,Mobile,Paid Search,New,0,0,0,0,0,0,0,0.0,0.0,0.0
101995,A,Mobile,Organic,New,0,1,0,0,0,0,0,0.0,0.0,0.0
101996,B,Tablet,Direct,New,0,1,0,0,0,0,0,0.0,0.0,0.0
101997,A,Mobile,Email,New,0,1,0,0,0,0,1,0.0,0.0,0.0
101998,A,Desktop,Paid Search,Returning,0,1,1,0,0,0,1,0.0,0.0,0.0
101999,B,Mobile,Organic,New,0,1,1,1,1,0,0,2412.4817136551183,0.0,2412.4817136551183
102000,B,Tablet,Paid Search,Returning,0,1,0,0,0,0,0,0.0,0.0,0.0
102001,B,Tablet,Paid Search,Returning,0,0,0,0,0,0,1,0.0,0.0,0.0
102002,B,Mobile,Direct,New,0,1,0,0,0,0,0,0.0,0.0,0.0
102003,B,Mobile,Organic,New,0,1,0,0,0,0,0,0.0,0.0,0.0
102004,A,Desktop,Direct,New,0,0,0,0,0,0,1,0.0,0.0,0.0
102005,B,Mobile,Direct,New,0,1,0,0,0,0,0,0.0,0.0,0.0
102006,B,Mobile,Email,New,0,1,0,0,0,0,1,0.0,0.0,0.0
102007,B,Mobile,Direct,New,0,1,0,0,0,0,0,0.0,0.0,0.0
102008,A,Desktop,Paid Search,New,0,0,0,0,0,0,0,0.0,0.0,0.0
102009,B,Mobile,Social,New,1,1,0,0,0,0,0,0.0,0.0,0.0
102010,B,Mobile,Organic,New,0,1,0,0,0,0,1,0.0,0.0,0.0
102011,B,Mobile,Organic,Returning,0,1,0,0,0,0,1,0.0,0.0,0.0
102012,B,Mobile,Social,New,0,1,0,0,0,0,1,0.0,0.0,0.0
102013,B,Mobile,Paid Search,New,0,1,0,0,0,0,1,0.0,0.0,0.0
102014,A,Mobile,Direct,New,0,1,0,0,0,0,1,0.0,0.0,0.0
102015,B,Mobile,Organic,Returning,0,1,0,0,0,0,0,0.0,0.0,0.0
102016,B,Mobile,Organic,New,0,1,0,0,0,0,1,0.0,0.0,0.0
102017,A,Desktop,Social,New,0,0,0,0,0,0,1,0.0,0.0,0.0
102018,B,Mobile,Organic,New,0,1,0,0,0,0,0,0.0,0.0,0.0
102019,A,Mobile,Organic,Returning,0,0,0,0,0,0,1,0.0,0.0,0.0
102020,A,Mobile,Social,New,0,0,0,0,0,0,1,0.0,0.0,0.0
102021,B,Mobile,Organic,New,0,1,0,0,0,0,0,0.0,0.0,0.0
102022,A,Mobile,Paid Search,New,0,1,0,0,0,0,0,0.0,0.0,0.0
102023,A,Mobile,Paid Search,New,0,1,0,0,0,0,0,0.0,0.0,0.0
102024,B,Desktop,Social,New,0,0,0,0,0,0,0,0.0,0.0,0.0
102025,B,Desktop,Direct,Returning,0,1,0,0,0,0,0,0.0,0.0,0.0
102026,B,Mobile,Organic,New,0,1,0,0,0,0,0,0.0,0.0,0.0
102027,A,Mobile,Email,New,1,1,0,0,0,0,0,0.0,0.0,0.0
102028,B,Mobile,Direct,New,0,1,0,0,0,0,0,0.0,0.0,0.0
102029,A,Mobile,Organic,New,0,0,0,0,0,0,0,0.0,0.0,0.0
102030,B,Tablet,Paid Search,Returning,0,1,0,0,0,0,1,0.0,0.0,0.0
102031,A,Mobile,Social,Returning,0,1,0,0,0,0,0,0.0,0.0,0.0
102032,B,Mobile,Social,Returning,0,1,1,1,1,0,0,2424.9182332999344,0.0,2424.9182332999344
102033,A,Mobile,Direct,New,0,1,0,0,0,0,0,0.0,0.0,0.0
102034,A,Mobile,Direct,New,0,1,1,0,0,0,0,0.0,0.0,0.0
102035,B,Mobile,Direct,New,0,1,0,0,0,0,1,0.0,0.0,0.0
102036,A,Desktop,Paid Search,New,0,1,0,0,0,0,1,0.0,0.0,0.0
102037,A,Mobile,Direct,Returning,0,0,0,0,0,0,0,0.0,0.0,0.0
102038,B,Mobile,Organic,New,0,1,0,0,0,0,0,0.0,0.0,0.0
102039,B,Tablet,Paid Search,Returning,0,1,1,1,1,0,0,3482.5843150598957,0.0,3482.5843150598957
102040,B,Mobile,Paid Search,New,0,1,0,0,0,0,0,0.0,0.0,0.0
102041,B,Mobile,Organic,Returning,0,1,1,0,0,0,1,0.0,0.0,0.0
102042,B,Desktop,Email,New,0,1,1,0,0,0,0,0.0,0.0,0.0
102043,A,Desktop,Organic,Returning,0,1,0,0,0,0,1,0.0,0.0,0.0
102044,A,Mobile,Social,New,0,1,1,0,0,0,0,0.0,0.0,0.0
102045,B,Mobile,Organic,New,0,0,0,0,0,0,0,0.0,0.0,0.0
102046,B,Mobile,Direct,New,0,0,0,0,0,0,1,0.0,0.0,0.0
102047,A,Mobile,Email,New,1,1,0,0,0,0,0,0.0,0.0,0.0
102048,A,Mobile,Direct,Returning,0,1,0,0,0,0,0,0.0,0.0,0.0
102049,A,Mobile,Social,Returning,0,1,0,0,0,0,0,0.0,0.0,0.0
102050,A,Mobile,Organic,New,0,1,0,0,0,0,0,0.0,0.0,0.0
102051,A,Mobile,Paid Search,New,1,0,0,0,0,0,0,0.0,0.0,0.0
102052,A,Tablet,Paid Search,New,0,0,0,0,0,0,0,0.0,0.0,0.0
102053,A,Desktop,Organic,New,0,1,1,0,0,0,0,0.0,0.0,0.0
102054,B,Tablet,Paid Search,Returning,0,0,0,0,0,0,0,0.0,0.0,0.0
102055,A,Mobile,Direct,New,0,1,0,0,0,0,0,0.0,0.0,0.0
102056,B,Desktop,Email,New,0,1,1,1,0,0,1,0.0,0.0,0.0
102057,B,Mobile,Paid Search,New,1,1,0,0,0,0,0,0.0,0.0,0.0
102058,A,Mobile,Paid Search,New,0,1,0,0,0,0,1,0.0,0.0,0.0
102059,B,Mobile,Paid Search,New,0,0,0,0,0,0,0,0.0,0.0,0.0
102060,A,Mobile,Direct,Returning,0,0,0,0,0,0,0,0.0,0.0,0.0
102061,A,Mobile,Organic,New,0,1,0,0,0,0,1,0.0,0.0,0.0
102062,B,Mobile,Organic,Returning,0,1,0,0,0,0,0,0.0,0.0,0.0
102063,A,Mobile,Email,New,0,1,0,0,0,0,0,0.0,0.0,0.0
102064,A,Mobile,Paid Search,Returning,0,1,0,0,0,0,1,0.0,0.0,0.0
102065,A,Desktop,Social,New,0,1,0,0,0,0,0,0.0,0.0,0.0
102066,A,Desktop,Paid Search,New,0,1,0,0,0,0,0,0.0,0.0,0.0
102067,B,Mobile,Organic,New,0,1,0,0,0,0,0,0.0,0.0,0.0
102068,B,Desktop,Organic,New,1,1,0,0,0,0,0,0.0,0.0,0.0
102069,B,Mobile,Social,Returning,0,1,0,0,0,0,0,0.0,0.0,0.0
102070,B,Mobile,Paid Search,Returning,1,0,0,0,0,0,1,0.0,0.0,0.0
102071,B,Desktop,Organic,New,0,1,0,0,0,0,1,0.0,0.0,0.0
102072,A,Desktop,Direct,New,0,1,0,0,0,0,1,0.0,0.0,0.0
102073,A,Tablet,Social,New,1,1,0,0,0,0,0,0.0,0.0,0.0
102074,A,Desktop,Direct,Returning,0,1,0,0,0,0,1,0.0,0.0,0.0
102075,B,Mobile,Social,New,0,1,0,0,0,0,0,0.0,0.0,0.0
102076,A,Desktop,Social,Returning,0,1,0,0,0,0,0,0.0,0.0,0.0
102077,A,Mobile,Social,New,0,1,1,1,1,0,1,2390.929087049508,0.0,2390.929087049508
102078,B,Desktop,Organic,New,1,1,0,0,0,0,1,0.0,0.0,0.0
102079,B,Mobile,Organic,New,0,1,0,0,0,0,0,0.0,0.0,0.0
102080,B,Desktop,Organic,New,0,1,0,0,0,0,1,0.0,0.0,0.0
102081,A,Desktop,Social,New,0,0,0,0,0,0,1,0.0,0.0,0.0
102082,B,Mobile,Paid Search,Returning,0,1,0,0,0,0,0,0.0,0.0,0.0
102083,A,Mobile,Organic,New,0,1,0,0,0,0,0,0.0,0.0,0.0
102084,A,Desktop,Paid Search,New,0,1,0,0,0,0,0,0.0,0.0,0.0
102085,B,Mobile,Paid Search,New,0,1,0,0,0,0,1,0.0,0.0,0.0
102086,A,Mobile,Direct,New,0,1,0,0,0,0,0,0.0,0.0,0.0
102087,B,Mobile,Email,New,0,1,0,0,0,0,0,0.0,0.0,0.0
102088,B,Mobile,Direct,Returning,0,1,1,1,1,0,1,1470.4957584502133,0.0,1470.4957584502133
102089,A,Desktop,Direct,New,0,1,0,0,0,0,0,0.0,0.0,0.0
102090,A,Desktop,Email,Returning,0,1,1,1,1,0,0,2813.2354568447363,0.0,2813.2354568447363
102091,B,Mobile,Organic,New,0,1,0,0,0,0,0,0.0,0.0,0.0
102092,A,Mobile,Email,New,0,1,0,0,0,0,0,0.0,0.0,0.0
102093,B,Desktop,Social,Returning,0,1,1,1,1,1,0,3035.1380195138404,3599.318793886284,6634.456813400124
102094,A,Mobile,Paid Search,New,0,1,0,0,0,0,0,0.0,0.0,0.0
102095,A,Desktop,Email,New,0,1,0,0,0,0,1,0.0,0.0,0.0
102096,B,Mobile,Social,New,0,1,0,0,0,0,0,0.0,0.0,0.0
102097,A,Tablet,Social,New,0,1,0,0,0,0,0,0.0,0.0,0.0
102098,A,Mobile,Social,New,0,1,1,1,1,0,0,3257.930503450176,0.0,3257.930503450176
102099,A,Mobile,Email,New,0,1,1,1,1,1,1,2949.9384510457608,3118.5085759762956,6068.447027022056
102100,B,Mobile,Social,New,0,1,0,0,0,0,0,0.0,0.0,0.0
102101,B,Mobile,Social,New,0,1,0,0,0,0,1,0.0,0.0,0.0
102102,A,Desktop,Social,New,0,1,0,0,0,0,1,0.0,0.0,0.0
102103,B,Desktop,Organic,New,0,1,0,0,0,0,0,0.0,0.0,0.0
102104,B,Mobile,Social,New,0,0,0,0,0,0,1,0.0,0.0,0.0
102105,A,Mobile,Direct,New,0,1,0,0,0,0,0,0.0,0.0,0.0
102106,B,Mobile,Organic,Returning,0,0,0,0,0,0,1,0.0,0.0,0.0
102107,B,Tablet,Paid Search,New,0,1,0,0,0,0,1,0.0,0.0,0.0
102108,A,Desktop,Paid Search,Returning,0,1,0,0,0,0,1,0.0,0.0,0.0
102109,A,Mobile,Paid Search,New,0,0,0,0,0,0,1,0.0,0.0,0.0
102110,B,Mobile,Email,New,0,1,0,0,0,0,0,0.0,0.0,0.0
102111,A,Desktop,Organic,Returning,0,1,0,0,0,0,0,0.0,0.0,0.0
102112,B,Mobile,Direct,New,1,1,0,0,0,0,1,0.0,0.0,0.0
102113,B,Desktop,Paid Search,Returning,0,1,0,0,0,0,0,0.0,0.0,0.0
102114,A,Mobile,Email,Returning,0,1,0,0,0,0,0,0.0,0.0,0.0
102115,A,Desktop,Organic,New,0,0,0,0,0,0,0,0.0,0.0,0.0
102116,A,Mobile,Email,Returning,0,1,0,0,0,0,0,0.0,0.0,0.0
102117,A,Mobile,Paid Search,New,0,1,1,1,1,0,0,2116.414146698966,0.0,2116.414146698966
102118,A,Desktop,Paid Search,New,1,1,0,0,0,0,0,0.0,0.0,0.0
102119,B,Mobile,Organic,Returning,0,1,0,0,0,0,1,0.0,0.0,0.0
102120,B,Tablet,Email,New,0,1,0,0,0,0,0,0.0,0.0,0.0
102121,B,Mobile,Direct,New,0,1,0,0,0,0,1,0.0,0.0,0.0
102122,B,Mobile,Social,Returning,1,1,0,0,0,0,0,0.0,0.0,0.0
102123,B,Desktop,Social,New,0,1,0,0,0,0,1,0.0,0.0,0.0
102124,B,Tablet,Social,New,0,1,1,1,1,0,1,2466.33074639922,0.0,2466.33074639922
102125,A,Desktop,Paid Search,New,1,1,0,0,0,0,0,0.0,0.0,0.0
102126,B,Desktop,Social,New,0,1,0,0,0,0,1,0.0,0.0,0.0
102127,A,Desktop,Organic,New,0,1,0,0,0,0,1,0.0,0.0,0.0
102128,A,Mobile,Paid Search,Returning,0,1,0,0,0,0,0,0.0,0.0,0.0
102129,A,Mobile,Email,New,0,1,0,0,0,0,1,0.0,0.0,0.0
102130,B,Mobile,Paid Search,Returning,0,0,0,0,0,0,1,0.0,0.0,0.0
102131,B,Mobile,Direct,Returning,0,1,0,0,0,0,0,0.0,0.0,0.0
102132,A,Mobile,Social,New,0,1,0,0,0,0,1,0.0,0.0,0.0
102133,A,Mobile,Paid Search,New,0,0,0,0,0,0,0,0.0,0.0,0.0
102134,A,Mobile,Paid Search,Returning,0,1,0,0,0,0,1,0.0,0.0,0.0
102135,B,Mobile,Paid Search,New,0,0,0,0,0,0,0,0.0,0.0,0.0
102136,A,Mobile,Paid Search,New,0,1,0,0,0,0,0,0.0,0.0,0.0
102137,B,Mobile,Social,Returning,0,1,1,1,1,0,0,1914.8962038358663,0.0,1914.8962038358663
102138,A,Mobile,Social,New,0,1,1,0,0,0,0,0.0,0.0,0.0
102139,A,Mobile,Social,New,0,1,0,0,0,0,0,0.0,0.0,0.0
102140,B,Mobile,Social,Returning,0,1,0,0,0,0,0,0.0,0.0,0.0
102141,A,Mobile,Email,Returning,1,1,0,0,0,0,0,0.0,0.0,0.0
102142,A,Mobile,Paid Search,New,0,0,0,0,0,0,1,0.0,0.0,0.0
102143,A,Mobile,Social,New,0,1,0,0,0,0,0,0.0,0.0,0.0
102144,B,Mobile,Social,New,0,0,0,0,0,0,1,0.0,0.0,0.0
102145,A,Mobile,Organic,New,1,0,0,0,0,0,0,0.0,0.0,0.0
102146,B,Mobile,Social,Returning,0,1,0,0,0,0,0,0.0,0.0,0.0
102147,B,Mobile,Organic,New,0,1,1,1,1,0,0,3460.750598348529,0.0,3460.750598348529
102148,B,Mobile,Paid Search,Returning,0,0,0,0,0,0,0,0.0,0.0,0.0
102149,B,Mobile,Social,New,0,1,0,0,0,0,0,0.0,0.0,0.0
102150,B,Mobile,Paid Search,New,0,1,0,0,0,0,0,0.0,0.0,0.0
102151,A,Mobile,Social,New,0,1,0,0,0,0,1,0.0,0.0,0.0
102152,B,Mobile,Email,New,0,1,1,1,1,0,0,2801.4457546478216,0.0,2801.4457546478216
102153,A,Mobile,Social,New,0,0,0,0,0,0,1,0.0,0.0,0.0
102154,A,Mobile,Organic,Returning,0,1,0,0,0,0,1,0.0,0.0,0.0
102155,B,Tablet,Paid Search,Returning,1,1,0,0,0,0,0,0.0,0.0,0.0
102156,A,Desktop,Social,Returning,0,0,0,0,0,0,0,0.0,0.0,0.0
102157,B,Desktop,Direct,Returning,0,1,0,0,0,0,1,0.0,0.0,0.0
102158,A,Mobile,Organic,Returning,0,1,1,1,1,0,0,3795.20777835417,0.0,3795.20777835417
102159,B,Mobile,Paid Search,New,0,1,1,1,0,0,0,0.0,0.0,0.0
102160,A,Mobile,Organic,New,0,1,0,0,0,0,1,0.0,0.0,0.0
102161,A,Desktop,Organic,Returning,0,1,1,1,1,0,0,2443.9413586859796,0.0,2443.9413586859796
102162,A,Desktop,Social,New,0,1,0,0,0,0,1,0.0,0.0,0.0
102163,B,Mobile,Social,New,0,1,1,1,1,1,0,3978.430917676465,4923.614735779234,8902.0456534557
102164,A,Mobile,Social,New,0,1,0,0,0,0,1,0.0,0.0,0.0
102165,B,Mobile,Organic,New,0,1,0,0,0,0,1,0.0,0.0,0.0
102166,B,Mobile,Organic,Returning,0,1,0,0,0,0,1,0.0,0.0,0.0
102167,A,Mobile,Paid Search,New,1,1,0,0,0,0,0,0.0,0.0,0.0
102168,B,Tablet,Social,New,0,1,0,0,0,0,1,0.0,0.0,0.0
102169,A,Desktop,Organic,New,0,0,0,0,0,0,1,0.0,0.0,0.0
102170,B,Mobile,Organic,New,1,0,0,0,0,0,0,0.0,0.0,0.0
102171,A,Tablet,Organic,New,0,1,0,0,0,0,0,0.0,0.0,0.0
102172,A,Desktop,Social,Returning,0,1,0,0,0,0,1,0.0,0.0,0.0
102173,B,Mobile,Direct,New,1,1,1,1,1,0,0,3201.9276948377005,0.0,3201.9276948377005
102174,A,Desktop,Paid Search,Returning,1,1,0,0,0,0,0,0.0,0.0,0.0
102175,B,Mobile,Social,New,0,0,0,0,0,0,1,0.0,0.0,0.0
102176,A,Mobile,Paid Search,New,0,0,0,0,0,0,0,0.0,0.0,0.0
102177,A,Mobile,Direct,New,0,1,0,0,0,0,0,0.0,0.0,0.0
102178,B,Desktop,Paid Search,New,0,1,1,1,1,1,1,3080.250947967546,2906.6287136551746,5986.879661622721
102179,B,Mobile,Organic,New,0,0,0,0,0,0,1,0.0,0.0,0.0
102180,B,Mobile,Email,Returning,0,1,1,1,1,0,1,3274.0073635960443,0.0,3274.0073635960443
102181,B,Tablet,Direct,New,0,1,0,0,0,0,0,0.0,0.0,0.0
102182,B,Desktop,Paid Search,Returning,1,1,0,0,0,0,0,0.0,0.0,0.0
102183,A,Mobile,Organic,New,1,1,0,0,0,0,0,0.0,0.0,0.0
102184,A,Mobile,Paid Search,New,0,1,0,0,0,0,0,0.0,0.0,0.0
102185,A,Mobile,Paid Search,New,0,1,0,0,0,0,1,0.0,0.0,0.0
102186,A,Mobile,Organic,New,1,1,0,0,0,0,0,0.0,0.0,0.0
102187,B,Mobile,Paid Search,New,0,1,1,0,0,0,0,0.0,0.0,0.0
102188,B,Desktop,Paid Search,New,0,0,0,0,0,0,0,0.0,0.0,0.0
102189,A,Mobile,Organic,Returning,0,0,0,0,0,0,0,0.0,0.0,0.0
102190,B,Mobile,Organic,New,0,1,0,0,0,0,0,0.0,0.0,0.0
102191,A,Mobile,Paid Search,Returning,0,1,1,1,1,1,1,1682.100949277415,1543.6413875843027,3225.742336861718
102192,A,Mobile,Email,New,0,0,0,0,0,0,1,0.0,0.0,0.0
102193,A,Mobile,Social,Returning,0,1,0,0,0,0,1,0.0,0.0,0.0
102194,B,Tablet,Social,New,0,1,0,0,0,0,0,0.0,0.0,0.0
102195,A,Mobile,Organic,New,0,1,0,0,0,0,0,0.0,0.0,0.0
102196,B,Desktop,Paid Search,New,0,1,0,0,0,0,0,0.0,0.0,0.0
102197,B,Mobile,Direct,New,0,1,0,0,0,0,0,0.0,0.0,0.0
102198,A,Mobile,Email,Returning,0,1,1,1,1,0,0,2197.4618933213724,0.0,2197.4618933213724
102199,A,Desktop,Direct,New,0,1,0,0,0,0,1,0.0,0.0,0.0
102200,A,Desktop,Social,New,0,0,0,0,0,0,1,0.0,0.0,0.0
102201,A,Mobile,Organic,New,0,1,1,1,0,0,1,0.0,0.0,0.0
102202,B,Desktop,Email,New,0,0,0,0,0,0,0,0.0,0.0,0.0
102203,A,Desktop,Paid Search,New,0,1,0,0,0,0,1,0.0,0.0,0.0
102204,B,Mobile,Paid Search,New,0,1,0,0,0,0,1,0.0,0.0,0.0
102205,A,Mobile,Email,Returning,0,0,0,0,0,0,0,0.0,0.0,0.0
102206,A,Mobile,Social,New,0,0,0,0,0,0,0,0.0,0.0,0.0
102207,B,Desktop,Paid Search,Returning,1,0,0,0,0,0,0,0.0,0.0,0.0
102208,B,Mobile,Paid Search,New,0,0,0,0,0,0,0,0.0,0.0,0.0
102209,A,Mobile,Organic,Returning,0,1,0,0,0,0,0,0.0,0.0,0.0
102210,B,Mobile,Organic,New,0,1,0,0,0,0,0,0.0,0.0,0.0
102211,A,Mobile,Paid Search,New,0,1,0,0,0,0,1,0.0,0.0,0.0
102212,B,Mobile,Email,Returning,0,0,0,0,0,0,0,0.0,0.0,0.0
102213,A,Mobile,Email,New,0,1,0,0,0,0,0,0.0,0.0,0.0
102214,A,Desktop,Organic,New,0,1,0,0,0,0,0,0.0,0.0,0.0
102215,A,Mobile,Direct,New,0,0,0,0,0,0,0,0.0,0.0,0.0
102216,B,Desktop,Email,New,0,0,0,0,0,0,0,0.0,0.0,0.0
102217,B,Desktop,Email,New,0,0,0,0,0,0,0,0.0,0.0,0.0
102218,B,Desktop,Paid Search,New,0,1,1,1,1,0,0,3930.034633110781,0.0,3930.034633110781
102219,A,Mobile,Paid Search,New,0,1,0,0,0,0,0,0.0,0.0,0.0
102220,B,Mobile,Email,New,0,0,0,0,0,0,1,0.0,0.0,0.0
102221,B,Desktop,Organic,New,0,1,0,0,0,0,0,0.0,0.0,0.0
102222,A,Desktop,Social,New,0,1,1,0,0,0,0,0.0,0.0,0.0
102223,A,Mobile,Paid Search,Returning,0,0,0,0,0,0,0,0.0,0.0,0.0
102224,B,Mobile,Direct,New,0,1,1,1,0,0,0,0.0,0.0,0.0
102225,B,Mobile,Email,Returning,0,1,0,0,0,0,0,0.0,0.0,0.0
102226,A,Mobile,Social,Returning,0,1,0,0,0,0,0,0.0,0.0,0.0
102227,B,Mobile,Direct,New,0,1,0,0,0,0,0,0.0,0.0,0.0
102228,A,Desktop,Direct,New,0,0,0,0,0,0,1,0.0,0.0,0.0
102229,A,Desktop,Direct,New,0,1,1,1,0,0,0,0.0,0.0,0.0
102230,B,Mobile,Organic,Returning,0,1,0,0,0,0,1,0.0,0.0,0.0
102231,B,Desktop,Paid Search,New,0,1,1,0,0,0,1,0.0,0.0,0.0
102232,A,Mobile,Social,New,0,0,0,0,0,0,1,0.0,0.0,0.0
102233,A,Mobile,Paid Search,Returning,0,0,0,0,0,0,1,0.0,0.0,0.0
102234,A,Mobile,Email,Returning,0,1,1,1,1,1,0,2148.4982230019405,1883.5846680233933,4032.082891025334
102235,B,Tablet,Paid Search,New,0,1,0,0,0,0,1,0.0,0.0,0.0
102236,B,Mobile,Organic,Returning,0,1,0,0,0,0,1,0.0,0.0,0.0
102237,B,Mobile,Paid Search,New,0,1,0,0,0,0,0,0.0,0.0,0.0
102238,A,Tablet,Organic,New,0,1,0,0,0,0,1,0.0,0.0,0.0
102239,A,Mobile,Email,Returning,0,1,1,1,1,0,0,2770.9356468478445,0.0,2770.9356468478445
102240,B,Mobile,Organic,New,1,1,1,1,1,0,0,3143.271422275332,0.0,3143.271422275332
102241,A,Mobile,Direct,New,0,1,0,0,0,0,0,0.0,0.0,0.0
102242,A,Mobile,Organic,New,0,1,0,0,0,0,1,0.0,0.0,0.0
102243,B,Mobile,Social,Returning,0,1,0,0,0,0,1,0.0,0.0,0.0
102244,A,Mobile,Email,New,0,1,0,0,0,0,0,0.0,0.0,0.0
102245,B,Desktop,Direct,New,0,1,0,0,0,0,0,0.0,0.0,0.0
102246,A,Mobile,Paid Search,New,0,1,0,0,0,0,0,0.0,0.0,0.0
102247,B,Mobile,Organic,New,0,1,1,1,1,0,0,2890.5166794047063,0.0,2890.5166794047063
102248,A,Mobile,Social,New,0,0,0,0,0,0,1,0.0,0.0,0.0
102249,A,Mobile,Paid Search,New,0,1,0,0,0,0,0,0.0,0.0,0.0
102250,B,Mobile,Organic,Returning,0,0,0,0,0,0,0,0.0,0.0,0.0
102251,A,Mobile,Organic,New,1,1,0,0,0,0,0,0.0,0.0,0.0
102252,B,Mobile,Email,Returning,0,1,0,0,0,0,1,0.0,0.0,0.0
102253,A,Desktop,Paid Search,New,0,1,0,0,0,0,1,0.0,0.0,0.0
102254,A,Mobile,Paid Search,New,0,1,1,1,1,0,0,3430.8181081005937,0.0,3430.8181081005937
102255,A,Mobile,Email,New,0,0,0,0,0,0,1,0.0,0.0,0.0
102256,A,Desktop,Social,New,0,0,0,0,0,0,0,0.0,0.0,0.0
102257,A,Desktop,Organic,New,0,1,1,0,0,0,0,0.0,0.0,0.0
102258,B,Mobile,Social,Returning,0,1,0,0,0,0,0,0.0,0.0,0.0
102259,A,Mobile,Paid Search,New,0,1,0,0,0,0,1,0.0,0.0,0.0
102260,A,Desktop,Email,New,0,0,0,0,0,0,0,0.0,0.0,0.0
102261,B,Mobile,Social,New,1,0,0,0,0,0,1,0.0,0.0,0.0
102262,B,Desktop,Organic,New,0,1,1,1,1,0,1,3247.77078355568,0.0,3247.77078355568
102263,A,Mobile,Organic,New,0,0,0,0,0,0,1,0.0,0.0,0.0
102264,B,Desktop,Social,Returning,0,0,0,0,0,0,0,0.0,0.0,0.0
102265,A,Mobile,Paid Search,New,0,1,1,1,0,0,0,0.0,0.0,0.0
102266,B,Mobile,Organic,New,0,1,0,0,0,0,1,0.0,0.0,0.0
102267,A,Mobile,Email,New,0,0,0,0,0,0,0,0.0,0.0,0.0
102268,A,Desktop,Direct,New,0,1,0,0,0,0,1,0.0,0.0,0.0
102269,B,Mobile,Organic,New,0,1,0,0,0,0,1,0.0,0.0,0.0
102270,B,Mobile,Organic,Returning,0,0,0,0,0,0,0,0.0,0.0,0.0
102271,A,Mobile,Organic,Returning,0,1,0,0,0,0,0,0.0,0.0,0.0
102272,B,Mobile,Organic,New,1,0,0,0,0,0,0,0.0,0.0,0.0
102273,A,Mobile,Organic,New,0,1,0,0,0,0,1,0.0,0.0,0.0
102274,B,Mobile,Organic,New,0,1,0,0,0,0,1,0.0,0.0,0.0
102275,A,Desktop,Organic,New,1,0,0,0,0,0,1,0.0,0.0,0.0
102276,B,Mobile,Paid Search,Returning,0,1,0,0,0,0,1,0.0,0.0,0.0
102277,B,Mobile,Paid Search,New,0,1,1,1,1,1,0,2393.4410252721937,1961.1058375839127,4354.546862856107
102278,B,Mobile,Organic,New,0,1,0,0,0,0,1,0.0,0.0,0.0
102279,B,Mobile,Organic,New,0,1,0,0,0,0,0,0.0,0.0,0.0
102280,A,Mobile,Organic,New,0,1,0,0,0,0,1,0.0,0.0,0.0
102281,B,Mobile,Direct,Returning,1,1,0,0,0,0,0,0.0,0.0,0.0
102282,B,Desktop,Organic,New,1,0,0,0,0,0,0,0.0,0.0,0.0
102283,A,Mobile,Organic,New,0,0,0,0,0,0,1,0.0,0.0,0.0
102284,A,Desktop,Organic,New,1,1,0,0,0,0,1,0.0,0.0,0.0
102285,B,Mobile,Email,New,1,1,0,0,0,0,0,0.0,0.0,0.0
102286,A,Mobile,Paid Search,Returning,0,1,0,0,0,0,1,0.0,0.0,0.0
102287,A,Mobile,Paid Search,New,1,1,0,0,0,0,1,0.0,0.0,0.0
102288,A,Mobile,Paid Search,Returning,0,0,0,0,0,0,0,0.0,0.0,0.0
102289,B,Desktop,Paid Search,Returning,0,1,0,0,0,0,0,0.0,0.0,0.0
102290,B,Mobile,Organic,Returning,0,0,0,0,0,0,0,0.0,0.0,0.0
102291,A,Desktop,Direct,New,0,1,0,0,0,0,0,0.0,0.0,0.0
102292,A,Mobile,Paid Search,New,0,1,0,0,0,0,1,0.0,0.0,0.0
102293,B,Desktop,Paid Search,Returning,0,0,0,0,0,0,0,0.0,0.0,0.0
102294,A,Mobile,Social,New,0,1,1,0,0,0,1,0.0,0.0,0.0
102295,A,Mobile,Organic,New,0,0,0,0,0,0,1,0.0,0.0,0.0
102296,A,Mobile,Social,Returning,0,0,0,0,0,0,0,0.0,0.0,0.0
102297,A,Mobile,Email,New,0,1,0,0,0,0,0,0.0,0.0,0.0
102298,A,Mobile,Social,Returning,0,1,0,0,0,0,1,0.0,0.0,0.0
102299,A,Mobile,Paid Search,New,0,1,1,1,0,0,0,0.0,0.0,0.0
102300,A,Desktop,Paid Search,New,0,0,0,0,0,0,0,0.0,0.0,0.0
102301,A,Desktop,Social,New,0,0,0,0,0,0,1,0.0,0.0,0.0
102302,B,Desktop,Email,New,1,1,0,0,0,0,1,0.0,0.0,0.0
102303,B,Mobile,Organic,New,0,1,0,0,0,0,0,0.0,0.0,0.0
102304,A,Desktop,Organic,New,0,1,0,0,0,0,0,0.0,0.0,0.0
102305,A,Mobile,Social,New,0,1,0,0,0,0,0,0.0,0.0,0.0
102306,B,Desktop,Organic,Returning,0,0,0,0,0,0,1,0.0,0.0,0.0
102307,B,Mobile,Paid Search,Returning,0,0,0,0,0,0,0,0.0,0.0,0.0
102308,A,Mobile,Organic,New,0,1,0,0,0,0,1,0.0,0.0,0.0
102309,B,Desktop,Paid Search,New,0,1,0,0,0,0,0,0.0,0.0,0.0
102310,A,Mobile,Social,New,0,1,0,0,0,0,0,0.0,0.0,0.0
102311,B,Mobile,Paid Search,New,0,1,0,0,0,0,0,0.0,0.0,0.0
102312,B,Mobile,Organic,New,1,1,0,0,0,0,1,0.0,0.0,0.0
102313,B,Mobile,Organic,New,0,0,0,0,0,0,0,0.0,0.0,0.0
102314,A,Desktop,Organic,Returning,0,1,0,0,0,0,0,0.0,0.0,0.0
102315,A,Mobile,Organic,New,0,1,0,0,0,0,1,0.0,0.0,0.0
102316,B,Mobile,Email,New,0,1,0,0,0,0,1,0.0,0.0,0.0
102317,B,Desktop,Organic,Returning,0,1,0,0,0,0,0,0.0,0.0,0.0
102318,A,Mobile,Paid Search,Returning,0,1,0,0,0,0,1,0.0,0.0,0.0
102319,A,Desktop,Paid Search,New,0,0,0,0,0,0,0,0.0,0.0,0.0
102320,A,Mobile,Social,New,0,1,0,0,0,0,1,0.0,0.0,0.0
102321,A,Desktop,Paid Search,Returning,0,1,0,0,0,0,1,0.0,0.0,0.0
102322,A,Mobile,Organic,Returning,0,1,0,0,0,0,1,0.0,0.0,0.0
102323,A,Desktop,Organic,New,1,1,0,0,0,0,1,0.0,0.0,0.0
102324,A,Mobile,Paid Search,New,0,1,0,0,0,0,0,0.0,0.0,0.0
102325,B,Mobile,Paid Search,Returning,0,1,1,0,0,0,0,0.0,0.0,0.0
102326,A,Mobile,Paid Search,New,0,1,0,0,0,0,1,0.0,0.0,0.0
102327,B,Mobile,Social,Returning,0,0,0,0,0,0,1,0.0,0.0,0.0
102328,B,Desktop,Social,New,0,1,0,0,0,0,1,0.0,0.0,0.0
102329,A,Mobile,Email,Returning,0,1,1,1,1,0,0,2820.490405053249,0.0,2820.490405053249
102330,A,Desktop,Paid Search,New,0,1,0,0,0,0,1,0.0,0.0,0.0
102331,A,Mobile,Paid Search,New,1,0,0,0,0,0,0,0.0,0.0,0.0
102332,B,Desktop,Direct,New,0,1,0,0,0,0,0,0.0,0.0,0.0
102333,A,Mobile,Social,Returning,0,0,0,0,0,0,0,0.0,0.0,0.0
102334,A,Mobile,Social,New,0,1,0,0,0,0,1,0.0,0.0,0.0
102335,B,Mobile,Social,New,0,0,0,0,0,0,0,0.0,0.0,0.0
102336,A,Mobile,Organic,New,0,1,0,0,0,0,0,0.0,0.0,0.0
102337,A,Desktop,Organic,Returning,0,1,0,0,0,0,1,0.0,0.0,0.0
102338,B,Desktop,Organic,New,0,1,0,0,0,0,0,0.0,0.0,0.0
102339,B,Desktop,Email,New,0,1,0,0,0,0,1,0.0,0.0,0.0
102340,B,Desktop,Paid Search,Returning,0,1,0,0,0,0,1,0.0,0.0,0.0
102341,B,Mobile,Social,Returning,1,1,0,0,0,0,1,0.0,0.0,0.0
102342,B,Tablet,Organic,New,0,1,0,0,0,0,1,0.0,0.0,0.0
102343,B,Mobile,Paid Search,New,0,1,0,0,0,0,0,0.0,0.0,0.0
102344,B,Mobile,Email,Returning,0,1,1,1,1,0,0,2250.9715754662434,0.0,2250.9715754662434
102345,A,Mobile,Direct,New,0,1,1,1,0,0,1,0.0,0.0,0.0
102346,B,Mobile,Organic,New,0,0,0,0,0,0,1,0.0,0.0,0.0
102347,B,Mobile,Paid Search,Returning,0,1,0,0,0,0,1,0.0,0.0,0.0
102348,A,Mobile,Paid Search,New,0,1,0,0,0,0,0,0.0,0.0,0.0
102349,A,Mobile,Paid Search,New,0,0,0,0,0,0,1,0.0,0.0,0.0
102350,B,Mobile,Email,New,0,1,0,0,0,0,0,0.0,0.0,0.0
102351,A,Mobile,Organic,New,0,1,0,0,0,0,0,0.0,0.0,0.0
102352,B,Desktop,Direct,New,0,1,0,0,0,0,0,0.0,0.0,0.0
102353,B,Mobile,Email,Returning,1,1,1,1,1,0,0,3310.0682067115736,0.0,3310.0682067115736
102354,B,Mobile,Organic,Returning,0,1,0,0,0,0,0,0.0,0.0,0.0
102355,B,Mobile,Paid Search,New,0,1,1,1,0,0,0,0.0,0.0,0.0
102356,B,Mobile,Paid Search,Returning,1,0,0,0,0,0,1,0.0,0.0,0.0
102357,A,Desktop,Social,New,0,1,0,0,0,0,0,0.0,0.0,0.0
102358,B,Mobile,Social,New,0,1,0,0,0,0,0,0.0,0.0,0.0
102359,A,Mobile,Paid Search,New,0,1,0,0,0,0,1,0.0,0.0,0.0
102360,B,Mobile,Email,New,0,1,0,0,0,0,0,0.0,0.0,0.0
102361,B,Desktop,Direct,New,0,0,0,0,0,0,1,0.0,0.0,0.0
102362,A,Mobile,Paid Search,Returning,0,1,0,0,0,0,0,0.0,0.0,0.0
102363,B,Desktop,Social,New,0,1,0,0,0,0,1,0.0,0.0,0.0
102364,B,Desktop,Direct,New,0,1,0,0,0,0,1,0.0,0.0,0.0
102365,A,Mobile,Email,Returning,0,0,0,0,0,0,1,0.0,0.0,0.0
102366,A,Mobile,Organic,New,1,1,0,0,0,0,0,0.0,0.0,0.0
102367,A,Desktop,Organic,New,0,0,0,0,0,0,0,0.0,0.0,0.0
102368,A,Mobile,Social,New,0,1,1,1,1,1,0,3882.8681851478086,4543.057725638026,8425.925910785834
102369,A,Mobile,Paid Search,New,0,1,1,0,0,0,0,0.0,0.0,0.0
102370,B,Mobile,Organic,New,0,1,1,1,0,0,1,0.0,0.0,0.0
102371,B,Mobile,Organic,New,0,1,0,0,0,0,0,0.0,0.0,0.0
102372,B,Mobile,Direct,New,1,1,0,0,0,0,0,0.0,0.0,0.0
102373,A,Mobile,Organic,New,1,1,0,0,0,0,1,0.0,0.0,0.0
102374,A,Mobile,Email,New,1,1,0,0,0,0,0,0.0,0.0,0.0
102375,B,Mobile,Email,New,0,1,1,1,1,0,1,2856.44213570225,0.0,2856.44213570225
102376,A,Desktop,Social,Returning,0,1,0,0,0,0,0,0.0,0.0,0.0
102377,B,Desktop,Email,Returning,0,1,0,0,0,0,1,0.0,0.0,0.0
102378,B,Mobile,Social,New,0,1,1,1,1,1,1,2173.86202095527,2789.4672524641787,4963.329273419449
102379,A,Mobile,Paid Search,Returning,0,1,0,0,0,0,1,0.0,0.0,0.0
102380,A,Desktop,Organic,Returning,0,1,1,1,1,0,0,3396.090300378228,0.0,3396.090300378228
102381,A,Mobile,Organic,New,0,0,0,0,0,0,0,0.0,0.0,0.0
102382,A,Desktop,Social,Returning,0,1,0,0,0,0,0,0.0,0.0,0.0
102383,B,Mobile,Social,New,0,1,1,0,0,0,1,0.0,0.0,0.0
102384,B,Mobile,Social,New,0,1,0,0,0,0,0,0.0,0.0,0.0
102385,A,Mobile,Social,New,0,0,0,0,0,0,0,0.0,0.0,0.0
102386,A,Desktop,Social,Returning,0,1,0,0,0,0,0,0.0,0.0,0.0
102387,A,Desktop,Social,Returning,0,1,0,0,0,0,0,0.0,0.0,0.0
102388,A,Mobile,Paid Search,New,0,1,0,0,0,0,0,0.0,0.0,0.0
102389,B,Mobile,Paid Search,New,0,1,0,0,0,0,0,0.0,0.0,0.0
102390,B,Mobile,Organic,Returning,0,1,0,0,0,0,0,0.0,0.0,0.0
102391,B,Mobile,Email,New,1,1,0,0,0,0,0,0.0,0.0,0.0
102392,A,Desktop,Paid Search,New,0,1,0,0,0,0,0,0.0,0.0,0.0
102393,B,Mobile,Direct,New,0,1,0,0,0,0,0,0.0,0.0,0.0
102394,B,Mobile,Paid Search,New,0,0,0,0,0,0,0,0.0,0.0,0.0
102395,A,Mobile,Paid Search,New,0,0,0,0,0,0,0,0.0,0.0,0.0
102396,A,Desktop,Email,Returning,0,0,0,0,0,0,0,0.0,0.0,0.0
102397,B,Mobile,Direct,Returning,0,0,0,0,0,0,1,0.0,0.0,0.0
102398,A,Mobile,Email,New,0,0,0,0,0,0,0,0.0,0.0,0.0
102399,A,Desktop,Email,New,0,1,1,0,0,0,0,0.0,0.0,0.0
102400,A,Tablet,Organic,New,0,1,1,0,0,0,0,0.0,0.0,0.0
102401,B,Desktop,Organic,New,1,1,0,0,0,0,1,0.0,0.0,0.0
102402,A,Mobile,Paid Search,New,0,1,0,0,0,0,0,0.0,0.0,0.0
102403,A,Mobile,Organic,New,0,1,0,0,0,0,0,0.0,0.0,0.0
102404,A,Mobile,Email,Returning,0,1,0,0,0,0,1,0.0,0.0,0.0
102405,A,Mobile,Direct,New,0,1,0,0,0,0,1,0.0,0.0,0.0
102406,A,Mobile,Organic,New,0,1,1,0,0,0,1,0.0,0.0,0.0
102407,B,Mobile,Social,New,0,1,0,0,0,0,1,0.0,0.0,0.0
102408,B,Desktop,Social,New,0,1,0,0,0,0,0,0.0,0.0,0.0
102409,B,Mobile,Organic,Returning,0,1,0,0,0,0,1,0.0,0.0,0.0
102410,A,Mobile,Email,New,0,1,0,0,0,0,0,0.0,0.0,0.0
102411,A,Desktop,Direct,Returning,0,1,0,0,0,0,0,0.0,0.0,0.0
102412,A,Mobile,Organic,New,0,1,0,0,0,0,0,0.0,0.0,0.0
102413,A,Mobile,Paid Search,Returning,0,1,0,0,0,0,0,0.0,0.0,0.0
102414,B,Mobile,Organic,Returning,0,1,0,0,0,0,1,0.0,0.0,0.0
102415,B,Mobile,Social,Returning,0,1,0,0,0,0,0,0.0,0.0,0.0
102416,B,Mobile,Social,New,0,1,0,0,0,0,0,0.0,0.0,0.0
102417,A,Mobile,Paid Search,New,0,0,0,0,0,0,0,0.0,0.0,0.0
102418,A,Mobile,Paid Search,New,0,0,0,0,0,0,0,0.0,0.0,0.0
102419,B,Mobile,Email,New,0,1,0,0,0,0,1,0.0,0.0,0.0
102420,B,Mobile,Organic,New,0,1,0,0,0,0,0,0.0,0.0,0.0
102421,A,Mobile,Direct,New,0,1,0,0,0,0,0,0.0,0.0,0.0
102422,A,Desktop,Paid Search,New,0,1,0,0,0,0,0,0.0,0.0,0.0
102423,A,Mobile,Social,New,0,1,0,0,0,0,1,0.0,0.0,0.0
102424,A,Mobile,Social,New,0,0,0,0,0,0,1,0.0,0.0,0.0
102425,B,Mobile,Email,Returning,0,0,0,0,0,0,0,0.0,0.0,0.0
102426,A,Mobile,Organic,New,0,1,0,0,0,0,0,0.0,0.0,0.0
102427,B,Mobile,Organic,Returning,0,1,0,0,0,0,0,0.0,0.0,0.0
102428,A,Mobile,Paid Search,New,0,0,0,0,0,0,1,0.0,0.0,0.0
102429,A,Mobile,Social,New,0,1,1,1,0,0,1,0.0,0.0,0.0
102430,B,Desktop,Organic,New,0,1,0,0,0,0,0,0.0,0.0,0.0
102431,B,Mobile,Organic,New,0,1,0,0,0,0,1,0.0,0.0,0.0
102432,A,Mobile,Paid Search,New,0,1,0,0,0,0,1,0.0,0.0,0.0
102433,B,Mobile,Email,New,0,0,0,0,0,0,0,0.0,0.0,0.0
102434,B,Mobile,Paid Search,New,0,0,0,0,0,0,0,0.0,0.0,0.0
102435,A,Desktop,Direct,New,0,1,0,0,0,0,0,0.0,0.0,0.0
102436,A,Mobile,Paid Search,New,0,1,0,0,0,0,0,0.0,0.0,0.0
102437,A,Mobile,Organic,New,0,1,1,1,0,0,1,0.0,0.0,0.0
102438,B,Tablet,Organic,New,0,1,0,0,0,0,1,0.0,0.0,0.0
102439,B,Desktop,Social,New,0,0,0,0,0,0,1,0.0,0.0,0.0
102440,A,Mobile,Social,New,0,1,0,0,0,0,0,0.0,0.0,0.0
102441,B,Mobile,Social,Returning,0,1,0,0,0,0,0,0.0,0.0,0.0
102442,A,Mobile,Paid Search,Returning,0,1,0,0,0,0,1,0.0,0.0,0.0
102443,A,Desktop,Paid Search,Returning,0,1,0,0,0,0,0,0.0,0.0,0.0
102444,B,Mobile,Organic,New,0,0,0,0,0,0,1,0.0,0.0,0.0
102445,B,Desktop,Paid Search,New,0,1,0,0,0,0,0,0.0,0.0,0.0
102446,A,Mobile,Organic,Returning,0,1,0,0,0,0,0,0.0,0.0,0.0
102447,A,Mobile,Social,New,0,0,0,0,0,0,0,0.0,0.0,0.0
102448,B,Mobile,Organic,Returning,0,1,0,0,0,0,0,0.0,0.0,0.0
102449,A,Mobile,Direct,New,0,1,0,0,0,0,0,0.0,0.0,0.0
102450,B,Desktop,Paid Search,Returning,0,1,0,0,0,0,0,0.0,0.0,0.0
102451,B,Desktop,Email,New,0,1,0,0,0,0,1,0.0,0.0,0.0
102452,A,Mobile,Social,New,0,1,0,0,0,0,0,0.0,0.0,0.0
102453,A,Mobile,Social,New,0,1,0,0,0,0,0,0.0,0.0,0.0
102454,B,Tablet,Email,Returning,0,1,0,0,0,0,1,0.0,0.0,0.0
102455,A,Mobile,Organic,New,0,1,0,0,0,0,1,0.0,0.0,0.0
102456,A,Mobile,Organic,New,0,1,1,0,0,0,0,0.0,0.0,0.0
102457,B,Mobile,Direct,New,0,1,0,0,0,0,0,0.0,0.0,0.0
102458,B,Mobile,Organic,Returning,0,1,0,0,0,0,0,0.0,0.0,0.0
102459,B,Tablet,Direct,New,0,1,0,0,0,0,0,0.0,0.0,0.0
102460,B,Desktop,Organic,Returning,0,1,0,0,0,0,0,0.0,0.0,0.0
102461,B,Mobile,Social,New,1,1,0,0,0,0,1,0.0,0.0,0.0
102462,A,Desktop,Email,New,0,1,0,0,0,0,0,0.0,0.0,0.0
102463,A,Mobile,Social,New,0,1,1,0,0,0,0,0.0,0.0,0.0
102464,B,Mobile,Email,New,0,1,0,0,0,0,1,0.0,0.0,0.0
102465,B,Desktop,Paid Search,Returning,0,1,0,0,0,0,0,0.0,0.0,0.0
102466,B,Mobile,Direct,Returning,0,1,0,0,0,0,0,0.0,0.0,0.0
102467,A,Mobile,Paid Search,Returning,0,1,0,0,0,0,1,0.0,0.0,0.0
102468,B,Mobile,Organic,New,0,1,0,0,0,0,0,0.0,0.0,0.0
102469,B,Desktop,Direct,New,0,0,0,0,0,0,1,0.0,0.0,0.0
102470,A,Mobile,Email,Returning,0,1,0,0,0,0,0,0.0,0.0,0.0
102471,A,Desktop,Social,Returning,1,1,0,0,0,0,0,0.0,0.0,0.0
102472,A,Mobile,Paid Search,New,1,1,0,0,0,0,0,0.0,0.0,0.0
102473,A,Mobile,Email,New,0,1,0,0,0,0,1,0.0,0.0,0.0
102474,A,Desktop,Email,New,0,1,0,0,0,0,0,0.0,0.0,0.0
102475,B,Desktop,Paid Search,New,0,1,0,0,0,0,0,0.0,0.0,0.0
102476,A,Mobile,Organic,New,0,1,0,0,0,0,0,0.0,0.0,0.0
102477,B,Mobile,Social,Returning,0,0,0,0,0,0,0,0.0,0.0,0.0
102478,B,Mobile,Email,New,1,1,0,0,0,0,0,0.0,0.0,0.0
102479,A,Mobile,Organic,New,0,1,0,0,0,0,1,0.0,0.0,0.0
102480,B,Mobile,Organic,New,0,1,0,0,0,0,0,0.0,0.0,0.0
102481,A,Mobile,Email,New,0,1,1,1,1,0,0,2888.479209981154,0.0,2888.479209981154
102482,A,Mobile,Direct,Returning,0,1,0,0,0,0,1,0.0,0.0,0.0
102483,A,Mobile,Paid Search,New,0,1,1,0,0,0,1,0.0,0.0,0.0
102484,A,Mobile,Social,New,0,1,0,0,0,0,0,0.0,0.0,0.0
102485,B,Desktop,Organic,Returning,0,1,1,1,1,1,0,2584.828203584705,3343.1678676476886,5927.996071232394
102486,B,Mobile,Email,New,0,1,0,0,0,0,1,0.0,0.0,0.0
102487,B,Mobile,Email,New,1,1,0,0,0,0,0,0.0,0.0,0.0
102488,A,Mobile,Organic,New,0,1,0,0,0,0,1,0.0,0.0,0.0
102489,A,Mobile,Email,New,0,1,0,0,0,0,0,0.0,0.0,0.0
102490,B,Mobile,Paid Search,New,0,1,1,1,1,0,1,2883.2599005041898,0.0,2883.2599005041898
102491,B,Tablet,Paid Search,New,0,1,1,1,1,1,0,3081.829128093921,3538.877070011177,6620.706198105097
102492,A,Mobile,Direct,New,0,0,0,0,0,0,0,0.0,0.0,0.0
102493,B,Mobile,Direct,Returning,0,1,0,0,0,0,0,0.0,0.0,0.0
102494,A,Mobile,Paid Search,Returning,0,0,0,0,0,0,0,0.0,0.0,0.0
102495,B,Mobile,Email,New,1,1,0,0,0,0,1,0.0,0.0,0.0
102496,B,Desktop,Organic,New,0,1,1,1,1,1,1,2603.790316093328,2157.9552499852807,4761.745566078609
102497,A,Mobile,Organic,Returning,1,1,0,0,0,0,0,0.0,0.0,0.0
102498,A,Desktop,Paid Search,New,0,1,0,0,0,0,1,0.0,0.0,0.0
102499,B,Desktop,Paid Search,New,0,1,0,0,0,0,0,0.0,0.0,0.0
102500,A,Desktop,Social,New,0,1,0,0,0,0,1,0.0,0.0,0.0
102501,B,Mobile,Organic,Returning,0,1,0,0,0,0,0,0.0,0.0,0.0
102502,B,Mobile,Paid Search,New,0,1,0,0,0,0,1,0.0,0.0,0.0
102503,B,Desktop,Organic,New,0,1,0,0,0,0,0,0.0,0.0,0.0
102504,A,Mobile,Paid Search,New,0,1,0,0,0,0,0,0.0,0.0,0.0
102505,B,Mobile,Social,New,0,0,0,0,0,0,1,0.0,0.0,0.0
102506,B,Mobile,Paid Search,Returning,0,1,0,0,0,0,0,0.0,0.0,0.0
102507,A,Desktop,Organic,New,0,1,0,0,0,0,0,0.0,0.0,0.0
102508,B,Mobile,Social,New,0,1,0,0,0,0,1,0.0,0.0,0.0
102509,B,Desktop,Paid Search,Returning,0,1,0,0,0,0,0,0.0,0.0,0.0
102510,A,Mobile,Organic,New,0,1,0,0,0,0,1,0.0,0.0,0.0
102511,B,Tablet,Organic,New,0,1,0,0,0,0,0,0.0,0.0,0.0
102512,B,Desktop,Paid Search,New,0,1,0,0,0,0,0,0.0,0.0,0.0
102513,A,Mobile,Direct,New,0,1,1,0,0,0,0,0.0,0.0,0.0
102514,B,Mobile,Paid Search,New,1,1,0,0,0,0,0,0.0,0.0,0.0
102515,A,Desktop,Direct,Returning,0,1,1,1,1,1,0,3177.3470514844626,3827.900145640224,7005.247197124687
102516,A,Mobile,Social,New,1,1,0,0,0,0,0,0.0,0.0,0.0
102517,A,Desktop,Direct,New,0,1,0,0,0,0,0,0.0,0.0,0.0
102518,B,Mobile,Email,Returning,0,1,0,0,0,0,0,0.0,0.0,0.0
102519,B,Mobile,Email,New,0,1,0,0,0,0,0,0.0,0.0,0.0
102520,A,Mobile,Organic,New,0,1,0,0,0,0,0,0.0,0.0,0.0
102521,B,Mobile,Paid Search,New,0,1,0,0,0,0,1,0.0,0.0,0.0
102522,B,Mobile,Social,New,0,0,0,0,0,0,0,0.0,0.0,0.0
102523,A,Mobile,Paid Search,New,0,1,0,0,0,0,0,0.0,0.0,0.0
102524,A,Mobile,Social,Returning,1,1,0,0,0,0,1,0.0,0.0,0.0
102525,B,Desktop,Organic,Returning,0,1,0,0,0,0,0,0.0,0.0,0.0
102526,A,Mobile,Paid Search,New,0,1,1,0,0,0,0,0.0,0.0,0.0
102527,A,Mobile,Email,New,0,1,0,0,0,0,0,0.0,0.0,0.0
102528,B,Mobile,Email,Returning,0,1,0,0,0,0,0,0.0,0.0,0.0
102529,A,Mobile,Paid Search,New,0,1,0,0,0,0,0,0.0,0.0,0.0
102530,A,Mobile,Social,New,0,1,0,0,0,0,0,0.0,0.0,0.0
102531,B,Desktop,Social,Returning,0,1,1,1,1,0,0,3654.2633826589554,0.0,3654.2633826589554
102532,A,Mobile,Paid Search,Returning,0,1,0,0,0,0,0,0.0,0.0,0.0
102533,A,Mobile,Organic,Returning,0,0,0,0,0,0,0,0.0,0.0,0.0
102534,A,Desktop,Organic,Returning,0,1,0,0,0,0,0,0.0,0.0,0.0
102535,A,Mobile,Organic,New,0,1,0,0,0,0,0,0.0,0.0,0.0
102536,B,Mobile,Email,New,0,1,1,1,1,0,0,2483.331444075898,0.0,2483.331444075898
102537,B,Mobile,Organic,New,0,1,0,0,0,0,1,0.0,0.0,0.0
102538,A,Mobile,Paid Search,New,0,1,0,0,0,0,0,0.0,0.0,0.0
102539,B,Desktop,Organic,New,0,1,0,0,0,0,0,0.0,0.0,0.0
102540,B,Tablet,Social,New,0,1,0,0,0,0,0,0.0,0.0,0.0
102541,A,Mobile,Organic,Returning,0,1,0,0,0,0,0,0.0,0.0,0.0
102542,B,Mobile,Social,New,0,1,0,0,0,0,0,0.0,0.0,0.0
102543,B,Desktop,Social,Returning,1,1,0,0,0,0,0,0.0,0.0,0.0
102544,A,Desktop,Organic,New,0,1,0,0,0,0,0,0.0,0.0,0.0
102545,A,Mobile,Organic,New,0,0,0,0,0,0,0,0.0,0.0,0.0
102546,B,Desktop,Direct,Returning,0,1,1,1,1,0,0,3419.286496329347,0.0,3419.286496329347
102547,B,Mobile,Organic,New,0,0,0,0,0,0,0,0.0,0.0,0.0
102548,B,Mobile,Email,New,0,0,0,0,0,0,0,0.0,0.0,0.0
102549,B,Desktop,Social,New,0,1,0,0,0,0,0,0.0,0.0,0.0
102550,B,Mobile,Organic,New,0,1,1,1,1,0,0,2634.7966891566957,0.0,2634.7966891566957
102551,B,Mobile,Direct,New,0,0,0,0,0,0,0,0.0,0.0,0.0
102552,A,Mobile,Organic,New,0,1,0,0,0,0,1,0.0,0.0,0.0
102553,B,Mobile,Social,New,1,1,0,0,0,0,1,0.0,0.0,0.0
102554,A,Mobile,Organic,New,0,1,0,0,0,0,1,0.0,0.0,0.0
102555,B,Mobile,Social,New,1,1,1,0,0,0,0,0.0,0.0,0.0
102556,A,Mobile,Social,New,0,0,0,0,0,0,1,0.0,0.0,0.0
102557,B,Mobile,Organic,New,0,1,0,0,0,0,0,0.0,0.0,0.0
102558,B,Mobile,Email,New,0,0,0,0,0,0,1,0.0,0.0,0.0
102559,A,Tablet,Organic,New,0,1,0,0,0,0,0,0.0,0.0,0.0
102560,B,Mobile,Organic,Returning,0,1,0,0,0,0,0,0.0,0.0,0.0
102561,A,Mobile,Email,New,0,1,0,0,0,0,0,0.0,0.0,0.0
102562,B,Mobile,Organic,Returning,0,0,0,0,0,0,1,0.0,0.0,0.0
102563,A,Mobile,Direct,New,1,0,0,0,0,0,0,0.0,0.0,0.0
102564,A,Mobile,Direct,Returning,0,0,0,0,0,0,0,0.0,0.0,0.0
102565,A,Desktop,Organic,New,0,1,1,1,0,0,0,0.0,0.0,0.0
102566,A,Desktop,Social,New,0,1,0,0,0,0,0,0.0,0.0,0.0
102567,A,Mobile,Social,Returning,1,1,0,0,0,0,1,0.0,0.0,0.0
102568,B,Desktop,Organic,Returning,0,0,0,0,0,0,1,0.0,0.0,0.0
102569,B,Mobile,Direct,Returning,0,1,0,0,0,0,0,0.0,0.0,0.0
102570,A,Desktop,Paid Search,New,0,1,0,0,0,0,0,0.0,0.0,0.0
102571,A,Mobile,Organic,New,0,1,1,1,0,0,0,0.0,0.0,0.0
102572,B,Mobile,Direct,New,0,1,0,0,0,0,0,0.0,0.0,0.0
102573,B,Tablet,Organic,New,0,1,0,0,0,0,0,0.0,0.0,0.0
102574,B,Mobile,Paid Search,Returning,0,1,0,0,0,0,0,0.0,0.0,0.0
102575,A,Mobile,Paid Search,New,0,1,0,0,0,0,0,0.0,0.0,0.0
102576,B,Tablet,Organic,Returning,1,1,0,0,0,0,1,0.0,0.0,0.0
102577,A,Desktop,Email,Returning,0,1,0,0,0,0,0,0.0,0.0,0.0
102578,A,Mobile,Paid Search,New,0,1,0,0,0,0,0,0.0,0.0,0.0
102579,B,Mobile,Social,New,0,1,1,0,0,0,1,0.0,0.0,0.0
102580,A,Desktop,Social,New,0,1,0,0,0,0,0,0.0,0.0,0.0
102581,A,Mobile,Direct,New,0,1,0,0,0,0,1,0.0,0.0,0.0
102582,B,Mobile,Email,New,0,1,0,0,0,0,0,0.0,0.0,0.0
102583,A,Mobile,Organic,Returning,0,1,1,0,0,0,1,0.0,0.0,0.0
102584,A,Mobile,Email,New,0,0,0,0,0,0,1,0.0,0.0,0.0
102585,A,Mobile,Social,New,0,1,0,0,0,0,0,0.0,0.0,0.0
102586,B,Mobile,Direct,Returning,0,1,0,0,0,0,0,0.0,0.0,0.0
102587,B,Mobile,Direct,New,0,1,0,0,0,0,1,0.0,0.0,0.0
102588,A,Mobile,Direct,New,0,1,1,1,1,0,1,2578.808830923527,0.0,2578.808830923527
102589,A,Mobile,Social,New,1,0,0,0,0,0,0,0.0,0.0,0.0
102590,B,Mobile,Social,Returning,0,0,0,0,0,0,0,0.0,0.0,0.0
102591,A,Mobile,Paid Search,New,0,1,1,1,1,1,0,3028.6579349466538,2505.160478918036,5533.81841386469
102592,B,Mobile,Email,New,0,0,0,0,0,0,0,0.0,0.0,0.0
102593,A,Mobile,Organic,New,0,1,0,0,0,0,0,0.0,0.0,0.0
102594,B,Mobile,Paid Search,New,0,1,0,0,0,0,1,0.0,0.0,0.0
102595,B,Desktop,Direct,New,0,1,0,0,0,0,1,0.0,0.0,0.0
102596,B,Mobile,Direct,New,0,1,0,0,0,0,0,0.0,0.0,0.0
102597,B,Mobile,Email,New,0,1,0,0,0,0,0,0.0,0.0,0.0
102598,B,Mobile,Organic,New,0,1,1,1,1,0,1,2481.133329050193,0.0,2481.133329050193
102599,B,Mobile,Social,Returning,0,1,0,0,0,0,0,0.0,0.0,0.0
102600,A,Desktop,Social,New,1,1,0,0,0,0,0,0.0,0.0,0.0
102601,A,Tablet,Organic,New,0,1,0,0,0,0,1,0.0,0.0,0.0
102602,A,Mobile,Organic,New,0,1,1,1,0,0,0,0.0,0.0,0.0
102603,B,Tablet,Organic,New,0,1,0,0,0,0,0,0.0,0.0,0.0
102604,A,Mobile,Paid Search,New,0,1,0,0,0,0,1,0.0,0.0,0.0
102605,A,Desktop,Social,Returning,0,1,1,1,0,0,1,0.0,0.0,0.0
102606,B,Mobile,Social,New,0,1,0,0,0,0,1,0.0,0.0,0.0
102607,B,Mobile,Organic,New,1,1,1,0,0,0,0,0.0,0.0,0.0
102608,B,Desktop,Paid Search,New,0,1,0,0,0,0,0,0.0,0.0,0.0
102609,A,Tablet,Paid Search,New,0,1,1,1,0,0,0,0.0,0.0,0.0
102610,A,Mobile,Paid Search,New,1,0,0,0,0,0,0,0.0,0.0,0.0
102611,A,Mobile,Email,Returning,0,1,0,0,0,0,1,0.0,0.0,0.0
102612,B,Mobile,Direct,New,0,1,1,1,1,0,1,3575.035670195706,0.0,3575.035670195706
102613,B,Mobile,Organic,New,0,1,1,1,1,0,0,2849.1305118024397,0.0,2849.1305118024397
102614,A,Mobile,Organic,New,0,1,1,0,0,0,0,0.0,0.0,0.0
102615,B,Desktop,Direct,New,0,1,0,0,0,0,0,0.0,0.0,0.0
102616,A,Tablet,Social,New,0,1,1,1,1,0,0,1495.0950369756108,0.0,1495.0950369756108
102617,A,Mobile,Social,New,0,1,0,0,0,0,1,0.0,0.0,0.0
102618,B,Mobile,Paid Search,New,0,0,0,0,0,0,0,0.0,0.0,0.0
102619,B,Desktop,Organic,Returning,0,1,0,0,0,0,1,0.0,0.0,0.0
102620,A,Desktop,Paid Search,New,0,1,0,0,0,0,0,0.0,0.0,0.0
102621,A,Mobile,Organic,New,0,0,0,0,0,0,0,0.0,0.0,0.0
102622,A,Mobile,Organic,New,0,1,0,0,0,0,0,0.0,0.0,0.0
102623,A,Desktop,Social,New,0,0,0,0,0,0,1,0.0,0.0,0.0
102624,A,Mobile,Paid Search,New,0,1,0,0,0,0,0,0.0,0.0,0.0
102625,A,Mobile,Paid Search,New,0,1,0,0,0,0,0,0.0,0.0,0.0
102626,A,Mobile,Social,New,0,0,0,0,0,0,0,0.0,0.0,0.0
102627,A,Mobile,Social,New,0,1,0,0,0,0,0,0.0,0.0,0.0
102628,B,Mobile,Social,New,0,0,0,0,0,0,0,0.0,0.0,0.0
102629,B,Tablet,Paid Search,New,1,1,0,0,0,0,1,0.0,0.0,0.0
102630,A,Mobile,Social,New,0,0,0,0,0,0,1,0.0,0.0,0.0
102631,A,Tablet,Email,New,0,1,1,1,1,0,0,3429.064455446536,0.0,3429.064455446536
102632,A,Desktop,Direct,New,0,1,0,0,0,0,0,0.0,0.0,0.0
102633,A,Mobile,Organic,New,1,1,0,0,0,0,1,0.0,0.0,0.0
102634,A,Mobile,Social,New,0,0,0,0,0,0,0,0.0,0.0,0.0
102635,A,Desktop,Organic,Returning,0,1,0,0,0,0,1,0.0,0.0,0.0
102636,B,Mobile,Paid Search,Returning,0,1,0,0,0,0,0,0.0,0.0,0.0
102637,B,Mobile,Paid Search,Returning,0,0,0,0,0,0,1,0.0,0.0,0.0
102638,A,Desktop,Organic,New,0,1,0,0,0,0,0,0.0,0.0,0.0
102639,A,Mobile,Paid Search,New,0,1,0,0,0,0,0,0.0,0.0,0.0
102640,A,Desktop,Organic,New,0,1,0,0,0,0,1,0.0,0.0,0.0
102641,A,Desktop,Paid Search,New,0,1,0,0,0,0,1,0.0,0.0,0.0
102642,A,Mobile,Social,New,0,1,0,0,0,0,0,0.0,0.0,0.0
102643,A,Mobile,Social,Returning,0,1,0,0,0,0,0,0.0,0.0,0.0
102644,B,Mobile,Direct,New,0,1,1,0,0,0,0,0.0,0.0,0.0
102645,A,Mobile,Social,New,0,1,0,0,0,0,0,0.0,0.0,0.0
102646,A,Mobile,Email,New,0,1,1,1,1,0,0,2504.5624715298545,0.0,2504.5624715298545
102647,B,Mobile,Email,New,0,1,0,0,0,0,1,0.0,0.0,0.0
102648,B,Desktop,Organic,Returning,0,1,0,0,0,0,0,0.0,0.0,0.0
102649,A,Desktop,Paid Search,New,0,1,0,0,0,0,1,0.0,0.0,0.0
102650,B,Mobile,Social,New,0,1,0,0,0,0,0,0.0,0.0,0.0
102651,A,Mobile,Paid Search,New,0,1,0,0,0,0,1,0.0,0.0,0.0
102652,B,Desktop,Email,New,0,1,1,1,1,1,0,3050.229055699263,3701.5588551375754,6751.787910836838
102653,A,Mobile,Paid Search,New,0,1,0,0,0,0,0,0.0,0.0,0.0
102654,B,Desktop,Organic,New,0,1,1,0,0,0,0,0.0,0.0,0.0
102655,B,Mobile,Organic,New,0,0,0,0,0,0,0,0.0,0.0,0.0
102656,B,Mobile,Email,New,0,1,0,0,0,0,1,0.0,0.0,0.0
102657,A,Mobile,Direct,Returning,0,0,0,0,0,0,0,0.0,0.0,0.0
102658,B,Desktop,Direct,Returning,0,1,0,0,0,0,1,0.0,0.0,0.0
102659,B,Mobile,Email,New,0,1,0,0,0,0,0,0.0,0.0,0.0
102660,B,Desktop,Email,New,0,0,0,0,0,0,0,0.0,0.0,0.0
102661,A,Mobile,Paid Search,New,0,0,0,0,0,0,1,0.0,0.0,0.0
102662,B,Mobile,Social,New,0,1,0,0,0,0,1,0.0,0.0,0.0
102663,A,Mobile,Paid Search,New,0,1,1,0,0,0,1,0.0,0.0,0.0
102664,B,Mobile,Email,Returning,0,1,0,0,0,0,1,0.0,0.0,0.0
102665,B,Mobile,Organic,New,0,1,0,0,0,0,0,0.0,0.0,0.0
102666,A,Desktop,Social,New,0,1,0,0,0,0,1,0.0,0.0,0.0
102667,B,Mobile,Organic,New,0,1,0,0,0,0,1,0.0,0.0,0.0
102668,A,Mobile,Social,Returning,0,1,0,0,0,0,0,0.0,0.0,0.0
102669,A,Mobile,Direct,Returning,0,1,0,0,0,0,1,0.0,0.0,0.0
102670,A,Mobile,Social,New,0,1,0,0,0,0,1,0.0,0.0,0.0
102671,A,Mobile,Paid Search,New,0,1,0,0,0,0,0,0.0,0.0,0.0
102672,A,Desktop,Paid Search,Returning,0,1,0,0,0,0,0,0.0,0.0,0.0
102673,A,Mobile,Direct,New,0,0,0,0,0,0,0,0.0,0.0,0.0
102674,A,Mobile,Organic,Returning,0,1,0,0,0,0,0,0.0,0.0,0.0
102675,A,Mobile,Organic,New,0,0,0,0,0,0,0,0.0,0.0,0.0
102676,A,Mobile,Direct,Returning,1,1,1,1,1,1,1,2692.7443139166894,2247.8738159175045,4940.618129834194
102677,B,Tablet,Email,New,0,1,1,1,1,1,0,2456.2150817471997,2795.688783886927,5251.903865634127
102678,A,Desktop,Organic,Returning,0,1,0,0,0,0,0,0.0,0.0,0.0
102679,A,Mobile,Paid Search,New,0,0,0,0,0,0,0,0.0,0.0,0.0
102680,A,Mobile,Email,New,0,0,0,0,0,0,0,0.0,0.0,0.0
102681,B,Mobile,Direct,New,0,1,1,0,0,0,0,0.0,0.0,0.0
102682,A,Mobile,Email,New,1,1,1,1,1,0,1,3548.910140809769,0.0,3548.910140809769
102683,B,Mobile,Paid Search,New,0,1,0,0,0,0,0,0.0,0.0,0.0
102684,A,Mobile,Email,New,0,1,0,0,0,0,0,0.0,0.0,0.0
102685,A,Mobile,Email,New,0,1,0,0,0,0,0,0.0,0.0,0.0
102686,A,Mobile,Organic,New,0,1,0,0,0,0,0,0.0,0.0,0.0
102687,B,Desktop,Direct,New,0,0,0,0,0,0,1,0.0,0.0,0.0
102688,B,Mobile,Paid Search,New,0,1,1,1,1,0,0,1973.0148494728232,0.0,1973.0148494728232
102689,B,Mobile,Organic,New,0,1,0,0,0,0,1,0.0,0.0,0.0
102690,A,Mobile,Direct,New,0,0,0,0,0,0,0,0.0,0.0,0.0
102691,B,Mobile,Social,New,0,1,0,0,0,0,1,0.0,0.0,0.0
102692,A,Mobile,Email,New,1,1,1,1,1,0,1,2592.340778045111,0.0,2592.340778045111
102693,B,Mobile,Paid Search,New,0,1,0,0,0,0,1,0.0,0.0,0.0
102694,B,Desktop,Social,New,0,0,0,0,0,0,0,0.0,0.0,0.0
102695,A,Tablet,Direct,New,0,1,0,0,0,0,0,0.0,0.0,0.0
102696,B,Mobile,Social,New,0,1,1,1,1,0,1,3400.997449342798,0.0,3400.997449342798
102697,A,Desktop,Direct,New,0,1,1,1,1,0,0,3901.2320438972174,0.0,3901.2320438972174
102698,B,Mobile,Direct,New,0,1,0,0,0,0,0,0.0,0.0,0.0
102699,B,Mobile,Social,Returning,1,1,0,0,0,0,0,0.0,0.0,0.0
102700,A,Desktop,Direct,New,0,0,0,0,0,0,0,0.0,0.0,0.0
102701,B,Desktop,Email,Returning,0,1,0,0,0,0,0,0.0,0.0,0.0
102702,A,Mobile,Paid Search,Returning,0,1,0,0,0,0,0,0.0,0.0,0.0
102703,B,Desktop,Social,New,0,1,0,0,0,0,1,0.0,0.0,0.0
102704,A,Mobile,Paid Search,New,1,1,0,0,0,0,0,0.0,0.0,0.0
102705,A,Desktop,Paid Search,New,0,1,1,1,0,0,0,0.0,0.0,0.0
102706,B,Mobile,Paid Search,Returning,0,1,0,0,0,0,0,0.0,0.0,0.0
102707,B,Mobile,Email,New,0,1,0,0,0,0,0,0.0,0.0,0.0
102708,B,Desktop,Social,New,0,1,0,0,0,0,1,0.0,0.0,0.0
102709,B,Mobile,Direct,New,0,1,0,0,0,0,1,0.0,0.0,0.0
102710,B,Desktop,Social,Returning,0,1,0,0,0,0,0,0.0,0.0,0.0
102711,B,Mobile,Paid Search,New,0,0,0,0,0,0,0,0.0,0.0,0.0
102712,A,Mobile,Email,New,0,0,0,0,0,0,1,0.0,0.0,0.0
102713,B,Mobile,Organic,New,0,1,1,1,1,0,0,4536.177988601203,0.0,4536.177988601203
102714,A,Desktop,Social,Returning,0,1,0,0,0,0,0,0.0,0.0,0.0
102715,B,Mobile,Email,New,0,1,0,0,0,0,1,0.0,0.0,0.0
102716,A,Mobile,Direct,New,0,1,0,0,0,0,1,0.0,0.0,0.0
102717,A,Mobile,Organic,New,0,1,0,0,0,0,1,0.0,0.0,0.0
102718,A,Mobile,Direct,Returning,0,1,0,0,0,0,1,0.0,0.0,0.0
102719,B,Desktop,Social,New,0,0,0,0,0,0,0,0.0,0.0,0.0
102720,B,Mobile,Organic,New,0,1,0,0,0,0,0,0.0,0.0,0.0
102721,A,Mobile,Organic,Returning,0,1,0,0,0,0,0,0.0,0.0,0.0
102722,B,Desktop,Paid Search,New,0,1,0,0,0,0,1,0.0,0.0,0.0
102723,A,Mobile,Paid Search,New,0,1,0,0,0,0,1,0.0,0.0,0.0
102724,B,Desktop,Organic,New,0,1,0,0,0,0,0,0.0,0.0,0.0
102725,A,Mobile,Organic,New,0,0,0,0,0,0,0,0.0,0.0,0.0
102726,A,Desktop,Paid Search,Returning,1,1,0,0,0,0,0,0.0,0.0,0.0
102727,B,Desktop,Direct,Returning,0,1,0,0,0,0,1,0.0,0.0,0.0
102728,A,Desktop,Direct,New,0,1,0,0,0,0,1,0.0,0.0,0.0
102729,B,Mobile,Paid Search,New,0,0,0,0,0,0,0,0.0,0.0,0.0
102730,A,Mobile,Direct,New,0,1,0,0,0,0,0,0.0,0.0,0.0
102731,A,Mobile,Organic,New,0,1,0,0,0,0,1,0.0,0.0,0.0
102732,A,Mobile,Email,New,0,1,0,0,0,0,0,0.0,0.0,0.0
102733,A,Mobile,Social,New,0,1,0,0,0,0,0,0.0,0.0,0.0
102734,B,Mobile,Organic,Returning,0,1,0,0,0,0,1,0.0,0.0,0.0
102735,A,Mobile,Organic,Returning,0,1,1,1,1,0,0,3359.1438533255314,0.0,3359.1438533255314
102736,A,Mobile,Organic,New,0,1,0,0,0,0,1,0.0,0.0,0.0
102737,A,Desktop,Paid Search,New,0,1,1,1,1,0,0,2290.504776369443,0.0,2290.504776369443
102738,B,Desktop,Social,New,1,0,0,0,0,0,1,0.0,0.0,0.0
102739,A,Mobile,Email,New,0,0,0,0,0,0,0,0.0,0.0,0.0
102740,A,Mobile,Social,New,0,0,0,0,0,0,0,0.0,0.0,0.0
102741,B,Desktop,Paid Search,Returning,0,1,1,0,0,0,1,0.0,0.0,0.0
102742,B,Mobile,Organic,New,0,1,0,0,0,0,0,0.0,0.0,0.0
102743,B,Mobile,Social,New,0,1,0,0,0,0,0,0.0,0.0,0.0
102744,A,Mobile,Direct,New,0,1,0,0,0,0,0,0.0,0.0,0.0
102745,B,Mobile,Direct,Returning,0,1,0,0,0,0,0,0.0,0.0,0.0
102746,A,Mobile,Paid Search,New,0,1,0,0,0,0,0,0.0,0.0,0.0
102747,A,Mobile,Paid Search,Returning,0,0,0,0,0,0,0,0.0,0.0,0.0
102748,A,Desktop,Paid Search,New,0,0,0,0,0,0,1,0.0,0.0,0.0
102749,B,Mobile,Social,New,0,1,0,0,0,0,0,0.0,0.0,0.0
102750,A,Mobile,Paid Search,New,0,1,1,1,1,0,0,3428.975757475894,0.0,3428.975757475894
102751,A,Tablet,Organic,New,0,1,0,0,0,0,0,0.0,0.0,0.0
102752,B,Desktop,Organic,New,0,1,0,0,0,0,1,0.0,0.0,0.0
102753,A,Mobile,Email,Returning,0,1,1,1,1,1,0,2340.4990783455714,2776.248887308353,5116.747965653924
102754,A,Desktop,Paid Search,Returning,0,1,0,0,0,0,1,0.0,0.0,0.0
102755,B,Mobile,Organic,New,0,1,1,1,1,0,0,3711.8550363523273,0.0,3711.8550363523273
102756,B,Mobile,Social,New,0,1,1,1,1,0,1,2393.8599836140147,0.0,2393.8599836140147
102757,B,Mobile,Social,New,0,1,0,0,0,0,1,0.0,0.0,0.0
102758,A,Mobile,Organic,New,1,0,0,0,0,0,0,0.0,0.0,0.0
102759,A,Desktop,Direct,New,0,1,0,0,0,0,1,0.0,0.0,0.0
102760,B,Mobile,Organic,New,0,1,0,0,0,0,0,0.0,0.0,0.0
102761,B,Desktop,Paid Search,New,0,1,0,0,0,0,0,0.0,0.0,0.0
102762,A,Desktop,Organic,Returning,0,1,0,0,0,0,1,0.0,0.0,0.0
102763,B,Mobile,Email,New,0,1,1,1,1,0,0,2365.6290875683235,0.0,2365.6290875683235
102764,B,Mobile,Organic,New,0,1,0,0,0,0,0,0.0,0.0,0.0
102765,A,Mobile,Social,Returning,0,0,0,0,0,0,1,0.0,0.0,0.0
102766,A,Mobile,Paid Search,New,0,1,0,0,0,0,1,0.0,0.0,0.0
102767,A,Mobile,Paid Search,New,0,1,0,0,0,0,0,0.0,0.0,0.0
102768,A,Desktop,Email,Returning,0,1,0,0,0,0,1,0.0,0.0,0.0
102769,B,Mobile,Direct,New,0,0,0,0,0,0,0,0.0,0.0,0.0
102770,A,Mobile,Organic,Returning,0,1,0,0,0,0,0,0.0,0.0,0.0
102771,B,Desktop,Email,New,0,1,0,0,0,0,0,0.0,0.0,0.0
102772,B,Tablet,Organic,New,0,0,0,0,0,0,0,0.0,0.0,0.0
102773,B,Desktop,Organic,New,0,1,0,0,0,0,0,0.0,0.0,0.0
102774,B,Mobile,Email,New,0,1,1,0,0,0,0,0.0,0.0,0.0
102775,A,Desktop,Paid Search,New,0,1,1,0,0,0,0,0.0,0.0,0.0
102776,A,Mobile,Email,Returning,0,1,1,1,1,0,1,3378.7538430998425,0.0,3378.7538430998425
102777,A,Desktop,Direct,New,0,0,0,0,0,0,1,0.0,0.0,0.0
102778,B,Mobile,Social,New,1,1,1,1,1,0,1,2385.35892159952,0.0,2385.35892159952
102779,B,Mobile,Paid Search,Returning,0,1,0,0,0,0,0,0.0,0.0,0.0
102780,A,Mobile,Organic,New,0,1,0,0,0,0,1,0.0,0.0,0.0
102781,B,Mobile,Organic,New,0,1,0,0,0,0,0,0.0,0.0,0.0
102782,A,Mobile,Social,New,0,1,0,0,0,0,0,0.0,0.0,0.0
102783,B,Mobile,Paid Search,New,0,0,0,0,0,0,0,0.0,0.0,0.0
102784,B,Mobile,Social,New,0,1,0,0,0,0,0,0.0,0.0,0.0
102785,A,Mobile,Organic,Returning,0,0,0,0,0,0,1,0.0,0.0,0.0
102786,A,Mobile,Organic,New,1,0,0,0,0,0,0,0.0,0.0,0.0
102787,B,Desktop,Organic,New,0,1,0,0,0,0,0,0.0,0.0,0.0
102788,A,Desktop,Direct,New,0,1,0,0,0,0,0,0.0,0.0,0.0
102789,A,Desktop,Organic,New,0,1,0,0,0,0,0,0.0,0.0,0.0
102790,B,Mobile,Organic,New,0,1,0,0,0,0,1,0.0,0.0,0.0
102791,A,Mobile,Organic,New,0,1,0,0,0,0,1,0.0,0.0,0.0
102792,B,Desktop,Paid Search,New,0,1,0,0,0,0,1,0.0,0.0,0.0
102793,B,Desktop,Organic,New,0,1,0,0,0,0,0,0.0,0.0,0.0
102794,A,Desktop,Organic,Returning,0,1,0,0,0,0,0,0.0,0.0,0.0
102795,A,Mobile,Social,New,0,1,0,0,0,0,0,0.0,0.0,0.0
102796,B,Mobile,Organic,New,0,1,0,0,0,0,0,0.0,0.0,0.0
102797,A,Mobile,Paid Search,New,0,1,1,0,0,0,0,0.0,0.0,0.0
102798,B,Mobile,Email,New,0,1,1,1,1,0,1,2800.0359957916075,0.0,2800.0359957916075
102799,B,Mobile,Email,Returning,0,1,0,0,0,0,0,0.0,0.0,0.0
102800,A,Desktop,Organic,Returning,0,0,0,0,0,0,1,0.0,0.0,0.0
102801,B,Desktop,Organic,Returning,0,0,0,0,0,0,0,0.0,0.0,0.0
102802,B,Mobile,Email,New,0,1,0,0,0,0,0,0.0,0.0,0.0
102803,A,Mobile,Social,New,0,1,0,0,0,0,0,0.0,0.0,0.0
102804,A,Mobile,Paid Search,New,0,0,0,0,0,0,0,0.0,0.0,0.0
102805,A,Tablet,Email,Returning,0,1,0,0,0,0,0,0.0,0.0,0.0
102806,B,Mobile,Organic,New,0,1,0,0,0,0,0,0.0,0.0,0.0
102807,A,Desktop,Organic,New,0,1,1,0,0,0,0,0.0,0.0,0.0
102808,A,Mobile,Social,New,0,1,0,0,0,0,0,0.0,0.0,0.0
102809,A,Desktop,Social,New,0,1,0,0,0,0,0,0.0,0.0,0.0
102810,B,Mobile,Social,Returning,0,1,0,0,0,0,1,0.0,0.0,0.0
102811,B,Mobile,Social,Returning,0,1,0,0,0,0,0,0.0,0.0,0.0
102812,A,Desktop,Paid Search,New,0,0,0,0,0,0,1,0.0,0.0,0.0
102813,A,Mobile,Organic,New,1,1,1,0,0,0,0,0.0,0.0,0.0
102814,B,Mobile,Social,New,0,1,0,0,0,0,0,0.0,0.0,0.0
102815,A,Mobile,Direct,New,0,1,0,0,0,0,0,0.0,0.0,0.0
102816,A,Mobile,Paid Search,New,0,1,0,0,0,0,1,0.0,0.0,0.0
102817,A,Desktop,Organic,New,0,1,0,0,0,0,1,0.0,0.0,0.0
102818,B,Mobile,Email,New,0,0,0,0,0,0,1,0.0,0.0,0.0
102819,A,Desktop,Paid Search,Returning,0,1,1,1,1,0,0,2169.3661145161846,0.0,2169.3661145161846
102820,B,Desktop,Organic,New,0,1,0,0,0,0,0,0.0,0.0,0.0
102821,A,Mobile,Organic,Returning,0,0,0,0,0,0,0,0.0,0.0,0.0
102822,A,Mobile,Direct,New,0,1,0,0,0,0,1,0.0,0.0,0.0
102823,B,Desktop,Direct,New,0,1,0,0,0,0,1,0.0,0.0,0.0
102824,B,Mobile,Email,New,0,1,1,1,0,0,1,0.0,0.0,0.0
102825,B,Desktop,Paid Search,New,0,1,0,0,0,0,0,0.0,0.0,0.0
102826,A,Desktop,Social,New,0,1,1,1,0,0,0,0.0,0.0,0.0
102827,A,Mobile,Paid Search,New,0,1,1,1,1,1,0,4258.600795839732,4106.3730063248595,8364.973802164592
102828,B,Mobile,Organic,New,0,1,0,0,0,0,1,0.0,0.0,0.0
102829,A,Mobile,Email,New,0,1,1,0,0,0,1,0.0,0.0,0.0
102830,A,Desktop,Email,New,0,1,1,0,0,0,0,0.0,0.0,0.0
102831,B,Mobile,Direct,New,0,0,0,0,0,0,0,0.0,0.0,0.0
102832,B,Mobile,Direct,New,0,0,0,0,0,0,0,0.0,0.0,0.0
102833,A,Mobile,Email,New,0,1,0,0,0,0,0,0.0,0.0,0.0
102834,B,Mobile,Social,New,0,0,0,0,0,0,1,0.0,0.0,0.0
102835,B,Desktop,Organic,New,0,0,0,0,0,0,0,0.0,0.0,0.0
102836,A,Mobile,Organic,Returning,0,1,0,0,0,0,0,0.0,0.0,0.0
102837,A,Tablet,Organic,New,0,1,0,0,0,0,1,0.0,0.0,0.0
102838,A,Mobile,Organic,New,1,1,1,1,1,0,0,2321.9623299087593,0.0,2321.9623299087593
102839,A,Desktop,Organic,New,0,1,0,0,0,0,1,0.0,0.0,0.0
102840,A,Mobile,Organic,Returning,0,1,0,0,0,0,1,0.0,0.0,0.0
102841,B,Mobile,Direct,Returning,0,1,1,1,1,0,0,2006.1110694526633,0.0,2006.1110694526633
102842,B,Mobile,Email,New,0,1,0,0,0,0,0,0.0,0.0,0.0
102843,A,Mobile,Organic,New,0,1,0,0,0,0,0,0.0,0.0,0.0
102844,B,Desktop,Organic,New,0,1,0,0,0,0,0,0.0,0.0,0.0
102845,A,Mobile,Social,New,0,0,0,0,0,0,1,0.0,0.0,0.0
102846,B,Tablet,Organic,New,0,0,0,0,0,0,0,0.0,0.0,0.0
102847,B,Mobile,Direct,New,0,1,1,1,1,0,0,3377.8646385849033,0.0,3377.8646385849033
102848,B,Mobile,Direct,New,0,1,0,0,0,0,1,0.0,0.0,0.0
102849,A,Mobile,Social,New,0,1,0,0,0,0,0,0.0,0.0,0.0
102850,B,Desktop,Paid Search,New,0,1,0,0,0,0,0,0.0,0.0,0.0
102851,B,Mobile,Email,New,0,1,0,0,0,0,1,0.0,0.0,0.0
102852,B,Mobile,Paid Search,Returning,0,1,0,0,0,0,0,0.0,0.0,0.0
102853,B,Mobile,Paid Search,New,0,0,0,0,0,0,1,0.0,0.0,0.0
102854,B,Mobile,Organic,New,0,1,0,0,0,0,0,0.0,0.0,0.0
102855,A,Desktop,Paid Search,New,0,1,0,0,0,0,1,0.0,0.0,0.0
102856,B,Mobile,Organic,Returning,1,1,0,0,0,0,0,0.0,0.0,0.0
102857,A,Desktop,Email,New,0,1,0,0,0,0,1,0.0,0.0,0.0
102858,A,Mobile,Social,Returning,0,1,0,0,0,0,0,0.0,0.0,0.0
102859,B,Mobile,Paid Search,New,0,1,0,0,0,0,1,0.0,0.0,0.0
102860,A,Desktop,Social,Returning,0,1,0,0,0,0,0,0.0,0.0,0.0
102861,A,Tablet,Paid Search,New,0,0,0,0,0,0,1,0.0,0.0,0.0
102862,B,Mobile,Organic,Returning,0,1,0,0,0,0,1,0.0,0.0,0.0
102863,B,Mobile,Paid Search,New,0,1,0,0,0,0,1,0.0,0.0,0.0
102864,A,Mobile,Social,New,0,0,0,0,0,0,0,0.0,0.0,0.0
102865,B,Mobile,Organic,New,0,1,0,0,0,0,1,0.0,0.0,0.0
102866,A,Mobile,Paid Search,New,0,1,1,0,0,0,0,0.0,0.0,0.0
102867,A,Tablet,Email,Returning,0,1,0,0,0,0,0,0.0,0.0,0.0
102868,A,Desktop,Direct,Returning,0,1,0,0,0,0,0,0.0,0.0,0.0
102869,A,Desktop,Paid Search,New,0,1,0,0,0,0,1,0.0,0.0,0.0
102870,B,Desktop,Social,New,0,1,0,0,0,0,0,0.0,0.0,0.0
102871,B,Mobile,Paid Search,New,0,1,0,0,0,0,0,0.0,0.0,0.0
102872,A,Mobile,Social,New,0,1,0,0,0,0,1,0.0,0.0,0.0
102873,A,Mobile,Organic,New,0,1,0,0,0,0,0,0.0,0.0,0.0
102874,A,Desktop,Organic,New,0,1,0,0,0,0,0,0.0,0.0,0.0
102875,A,Desktop,Social,New,0,0,0,0,0,0,0,0.0,0.0,0.0
102876,A,Mobile,Paid Search,New,0,1,0,0,0,0,0,0.0,0.0,0.0
102877,A,Mobile,Paid Search,Returning,1,1,0,0,0,0,0,0.0,0.0,0.0
102878,B,Mobile,Paid Search,New,0,1,0,0,0,0,1,0.0,0.0,0.0
102879,A,Mobile,Paid Search,Returning,0,1,0,0,0,0,0,0.0,0.0,0.0
102880,B,Mobile,Organic,New,0,1,0,0,0,0,0,0.0,0.0,0.0
102881,B,Mobile,Direct,New,0,1,0,0,0,0,0,0.0,0.0,0.0
102882,B,Mobile,Organic,New,0,1,1,0,0,0,1,0.0,0.0,0.0
102883,A,Mobile,Paid Search,New,0,1,0,0,0,0,0,0.0,0.0,0.0
102884,B,Mobile,Paid Search,New,0,1,0,0,0,0,0,0.0,0.0,0.0
102885,B,Mobile,Social,New,0,0,0,0,0,0,0,0.0,0.0,0.0
102886,B,Mobile,Organic,Returning,0,1,0,0,0,0,0,0.0,0.0,0.0
102887,A,Mobile,Organic,New,0,1,1,1,1,1,1,2365.9500166126045,2086.2751438698474,4452.225160482452
102888,A,Mobile,Email,New,0,0,0,0,0,0,0,0.0,0.0,0.0
102889,A,Desktop,Social,New,0,1,0,0,0,0,1,0.0,0.0,0.0
102890,A,Mobile,Organic,New,0,1,1,0,0,0,0,0.0,0.0,0.0
102891,B,Mobile,Social,New,0,1,0,0,0,0,0,0.0,0.0,0.0
102892,A,Mobile,Paid Search,Returning,0,1,0,0,0,0,0,0.0,0.0,0.0
102893,A,Mobile,Email,Returning,0,1,0,0,0,0,0,0.0,0.0,0.0
102894,A,Mobile,Organic,New,0,1,0,0,0,0,0,0.0,0.0,0.0
102895,B,Mobile,Paid Search,New,0,1,0,0,0,0,0,0.0,0.0,0.0
102896,B,Mobile,Paid Search,New,0,1,0,0,0,0,0,0.0,0.0,0.0
102897,B,Mobile,Direct,New,0,1,0,0,0,0,0,0.0,0.0,0.0
102898,B,Desktop,Direct,Returning,0,1,0,0,0,0,0,0.0,0.0,0.0
102899,A,Mobile,Paid Search,New,1,0,0,0,0,0,0,0.0,0.0,0.0
102900,B,Mobile,Paid Search,New,1,0,0,0,0,0,1,0.0,0.0,0.0
102901,A,Mobile,Paid Search,New,0,1,1,0,0,0,0,0.0,0.0,0.0
102902,A,Mobile,Organic,New,0,1,0,0,0,0,1,0.0,0.0,0.0
102903,A,Mobile,Paid Search,Returning,0,1,0,0,0,0,0,0.0,0.0,0.0
102904,A,Tablet,Email,Returning,0,1,1,1,1,1,1,2140.168488411178,2626.438019366937,4766.606507778115
102905,B,Mobile,Direct,New,1,1,0,0,0,0,0,0.0,0.0,0.0
102906,B,Desktop,Email,New,0,1,0,0,0,0,1,0.0,0.0,0.0
102907,B,Mobile,Organic,Returning,0,1,0,0,0,0,0,0.0,0.0,0.0
102908,A,Mobile,Paid Search,New,0,1,0,0,0,0,0,0.0,0.0,0.0
102909,A,Mobile,Social,New,0,1,1,0,0,0,1,0.0,0.0,0.0
102910,A,Mobile,Direct,New,0,0,0,0,0,0,0,0.0,0.0,0.0
102911,B,Tablet,Organic,New,0,1,1,0,0,0,1,0.0,0.0,0.0
102912,A,Mobile,Organic,Returning,0,1,0,0,0,0,1,0.0,0.0,0.0
102913,B,Mobile,Organic,Returning,0,1,0,0,0,0,1,0.0,0.0,0.0
102914,B,Desktop,Direct,New,0,1,0,0,0,0,0,0.0,0.0,0.0
102915,A,Mobile,Paid Search,New,0,1,0,0,0,0,0,0.0,0.0,0.0
102916,A,Desktop,Paid Search,New,0,1,1,0,0,0,0,0.0,0.0,0.0
102917,A,Mobile,Paid Search,Returning,0,1,0,0,0,0,1,0.0,0.0,0.0
102918,B,Desktop,Organic,New,0,1,0,0,0,0,1,0.0,0.0,0.0
102919,A,Desktop,Email,Returning,0,1,0,0,0,0,0,0.0,0.0,0.0
102920,B,Mobile,Paid Search,New,0,0,0,0,0,0,1,0.0,0.0,0.0
102921,A,Mobile,Paid Search,Returning,0,1,0,0,0,0,0,0.0,0.0,0.0
102922,A,Mobile,Email,Returning,0,1,0,0,0,0,0,0.0,0.0,0.0
102923,A,Desktop,Organic,New,1,1,0,0,0,0,0,0.0,0.0,0.0
102924,B,Mobile,Organic,New,0,1,0,0,0,0,0,0.0,0.0,0.0
102925,B,Mobile,Organic,New,0,1,1,1,0,0,1,0.0,0.0,0.0
102926,A,Mobile,Organic,Returning,0,1,0,0,0,0,0,0.0,0.0,0.0
102927,B,Mobile,Paid Search,New,1,1,0,0,0,0,0,0.0,0.0,0.0
102928,B,Mobile,Email,New,0,0,0,0,0,0,0,0.0,0.0,0.0
102929,B,Mobile,Email,New,1,1,0,0,0,0,0,0.0,0.0,0.0
102930,A,Tablet,Organic,New,0,1,0,0,0,0,0,0.0,0.0,0.0
102931,B,Tablet,Organic,Returning,0,1,0,0,0,0,1,0.0,0.0,0.0
102932,A,Mobile,Organic,New,0,1,1,1,1,0,0,2602.0985237958907,0.0,2602.0985237958907
102933,A,Mobile,Direct,New,0,1,0,0,0,0,1,0.0,0.0,0.0
102934,A,Mobile,Organic,New,0,1,0,0,0,0,0,0.0,0.0,0.0
102935,B,Mobile,Email,Returning,0,1,0,0,0,0,1,0.0,0.0,0.0
102936,B,Desktop,Organic,New,0,1,0,0,0,0,1,0.0,0.0,0.0
102937,B,Desktop,Organic,New,0,1,0,0,0,0,0,0.0,0.0,0.0
102938,A,Mobile,Paid Search,New,0,0,0,0,0,0,0,0.0,0.0,0.0
102939,A,Desktop,Social,New,0,1,0,0,0,0,0,0.0,0.0,0.0
102940,A,Mobile,Paid Search,New,0,1,0,0,0,0,0,0.0,0.0,0.0
102941,B,Desktop,Organic,New,0,1,0,0,0,0,0,0.0,0.0,0.0
102942,A,Mobile,Organic,Returning,0,1,1,1,1,1,0,2998.3290998965585,2450.230179379899,5448.559279276457
102943,A,Mobile,Paid Search,Returning,0,0,0,0,0,0,1,0.0,0.0,0.0
102944,B,Desktop,Social,New,0,0,0,0,0,0,1,0.0,0.0,0.0
102945,A,Desktop,Organic,New,0,0,0,0,0,0,0,0.0,0.0,0.0
102946,B,Tablet,Direct,New,1,0,0,0,0,0,0,0.0,0.0,0.0
102947,B,Desktop,Organic,New,0,1,0,0,0,0,0,0.0,0.0,0.0
102948,A,Tablet,Social,New,0,1,0,0,0,0,1,0.0,0.0,0.0
102949,B,Mobile,Social,Returning,0,1,0,0,0,0,0,0.0,0.0,0.0
102950,A,Desktop,Social,Returning,0,1,0,0,0,0,1,0.0,0.0,0.0
102951,A,Mobile,Paid Search,New,0,1,0,0,0,0,1,0.0,0.0,0.0
102952,B,Mobile,Paid Search,Returning,0,1,0,0,0,0,1,0.0,0.0,0.0
102953,A,Tablet,Organic,New,0,1,0,0,0,0,0,0.0,0.0,0.0
102954,A,Mobile,Paid Search,Returning,0,1,1,1,1,1,1,2842.873655286525,2659.5553424314267,5502.4289977179515
102955,A,Mobile,Organic,New,0,1,0,0,0,0,0,0.0,0.0,0.0
102956,A,Mobile,Paid Search,New,0,0,0,0,0,0,1,0.0,0.0,0.0
102957,B,Mobile,Social,Returning,1,1,0,0,0,0,0,0.0,0.0,0.0
102958,A,Mobile,Paid Search,New,0,1,0,0,0,0,1,0.0,0.0,0.0
102959,A,Mobile,Paid Search,Returning,0,0,0,0,0,0,0,0.0,0.0,0.0
102960,B,Mobile,Direct,Returning,0,0,0,0,0,0,1,0.0,0.0,0.0
102961,B,Desktop,Organic,Returning,1,1,0,0,0,0,1,0.0,0.0,0.0
102962,A,Tablet,Email,New,0,0,0,0,0,0,1,0.0,0.0,0.0
102963,A,Mobile,Organic,New,0,1,0,0,0,0,1,0.0,0.0,0.0
102964,A,Mobile,Paid Search,Returning,0,1,0,0,0,0,0,0.0,0.0,0.0
102965,A,Mobile,Organic,New,0,1,1,0,0,0,0,0.0,0.0,0.0
102966,A,Mobile,Organic,New,0,1,0,0,0,0,0,0.0,0.0,0.0
102967,A,Mobile,Organic,Returning,0,1,0,0,0,0,1,0.0,0.0,0.0
102968,B,Mobile,Paid Search,New,0,1,1,1,1,0,1,2508.7778151577077,0.0,2508.7778151577077
102969,B,Mobile,Organic,New,0,1,0,0,0,0,0,0.0,0.0,0.0
102970,B,Mobile,Paid Search,New,1,1,0,0,0,0,1,0.0,0.0,0.0
102971,A,Mobile,Direct,New,0,1,0,0,0,0,0,0.0,0.0,0.0
102972,B,Mobile,Direct,Returning,0,1,0,0,0,0,1,0.0,0.0,0.0
102973,A,Desktop,Direct,New,0,1,0,0,0,0,0,0.0,0.0,0.0
102974,B,Mobile,Paid Search,New,0,1,0,0,0,0,1,0.0,0.0,0.0
102975,A,Mobile,Organic,New,0,0,0,0,0,0,0,0.0,0.0,0.0
102976,A,Mobile,Paid Search,New,0,0,0,0,0,0,1,0.0,0.0,0.0
102977,B,Desktop,Paid Search,Returning,0,1,1,0,0,0,0,0.0,0.0,0.0
102978,B,Desktop,Direct,New,0,1,0,0,0,0,0,0.0,0.0,0.0
102979,A,Tablet,Paid Search,New,0,1,0,0,0,0,1,0.0,0.0,0.0
102980,A,Desktop,Social,New,1,0,0,0,0,0,1,0.0,0.0,0.0
102981,B,Desktop,Direct,Returning,0,1,0,0,0,0,1,0.0,0.0,0.0
102982,A,Mobile,Social,New,1,1,0,0,0,0,0,0.0,0.0,0.0
102983,A,Mobile,Direct,New,1,1,0,0,0,0,0,0.0,0.0,0.0
102984,A,Desktop,Direct,Returning,0,1,0,0,0,0,0,0.0,0.0,0.0
102985,B,Mobile,Email,New,0,1,0,0,0,0,0,0.0,0.0,0.0
102986,A,Desktop,Social,Returning,0,1,0,0,0,0,0,0.0,0.0,0.0
102987,B,Mobile,Paid Search,Returning,0,1,0,0,0,0,0,0.0,0.0,0.0
102988,B,Mobile,Social,New,0,1,1,1,0,0,1,0.0,0.0,0.0
102989,B,Mobile,Direct,Returning,1,1,0,0,0,0,1,0.0,0.0,0.0
102990,A,Mobile,Paid Search,Returning,0,1,1,0,0,0,0,0.0,0.0,0.0
102991,B,Desktop,Organic,New,0,0,0,0,0,0,0,0.0,0.0,0.0
102992,A,Mobile,Email,New,0,1,0,0,0,0,0,0.0,0.0,0.0
102993,B,Desktop,Organic,New,0,0,0,0,0,0,0,0.0,0.0,0.0
102994,B,Mobile,Social,New,0,1,0,0,0,0,1,0.0,0.0,0.0
102995,A,Desktop,Social,New,1,0,0,0,0,0,1,0.0,0.0,0.0
102996,A,Desktop,Social,New,0,0,0,0,0,0,1,0.0,0.0,0.0
102997,B,Desktop,Paid Search,Returning,1,0,0,0,0,0,1,0.0,0.0,0.0
102998,B,Mobile,Organic,New,0,0,0,0,0,0,0,0.0,0.0,0.0
102999,B,Mobile,Social,Returning,1,1,1,0,0,0,0,0.0,0.0,0.0
103000,A,Mobile,Organic,New,0,1,1,0,0,0,0,0.0,0.0,0.0
103001,B,Mobile,Paid Search,Returning,0,1,0,0,0,0,0,0.0,0.0,0.0
103002,A,Desktop,Social,Returning,0,1,0,0,0,0,0,0.0,0.0,0.0
103003,A,Mobile,Organic,Returning,0,0,0,0,0,0,0,0.0,0.0,0.0
103004,B,Mobile,Organic,New,1,1,1,1,1,1,0,3942.7794220762353,4002.956732142958,7945.736154219194
103005,B,Desktop,Organic,New,1,1,0,0,0,0,0,0.0,0.0,0.0
103006,A,Mobile,Social,Returning,0,0,0,0,0,0,0,0.0,0.0,0.0
103007,B,Desktop,Social,New,0,1,0,0,0,0,1,0.0,0.0,0.0
103008,A,Desktop,Organic,Returning,0,1,1,0,0,0,0,0.0,0.0,0.0
103009,B,Mobile,Organic,New,0,1,0,0,0,0,1,0.0,0.0,0.0
103010,B,Mobile,Direct,New,0,1,0,0,0,0,1,0.0,0.0,0.0
103011,B,Mobile,Organic,New,0,0,0,0,0,0,1,0.0,0.0,0.0
103012,B,Mobile,Direct,New,0,1,1,1,1,0,1,3544.107699873064,0.0,3544.107699873064
103013,B,Mobile,Organic,New,0,1,0,0,0,0,0,0.0,0.0,0.0
103014,B,Desktop,Social,New,0,1,0,0,0,0,0,0.0,0.0,0.0
103015,B,Mobile,Email,New,0,1,0,0,0,0,1,0.0,0.0,0.0
103016,A,Mobile,Direct,Returning,0,1,0,0,0,0,0,0.0,0.0,0.0
103017,A,Mobile,Paid Search,New,0,0,0,0,0,0,0,0.0,0.0,0.0
103018,A,Mobile,Direct,New,0,1,1,1,0,0,1,0.0,0.0,0.0
103019,A,Mobile,Direct,Returning,0,1,0,0,0,0,1,0.0,0.0,0.0
103020,A,Desktop,Organic,New,0,1,0,0,0,0,0,0.0,0.0,0.0
103021,A,Desktop,Organic,Returning,0,1,0,0,0,0,1,0.0,0.0,0.0
103022,A,Desktop,Social,New,0,1,0,0,0,0,0,0.0,0.0,0.0
103023,B,Desktop,Paid Search,New,0,1,0,0,0,0,1,0.0,0.0,0.0
103024,B,Desktop,Social,New,0,1,0,0,0,0,0,0.0,0.0,0.0
103025,B,Mobile,Organic,New,0,0,0,0,0,0,0,0.0,0.0,0.0
103026,B,Mobile,Organic,New,1,1,0,0,0,0,1,0.0,0.0,0.0
103027,A,Mobile,Social,New,0,1,0,0,0,0,0,0.0,0.0,0.0
103028,A,Mobile,Organic,New,0,1,0,0,0,0,0,0.0,0.0,0.0
103029,B,Mobile,Paid Search,New,0,1,0,0,0,0,0,0.0,0.0,0.0
103030,A,Mobile,Paid Search,New,0,1,0,0,0,0,0,0.0,0.0,0.0
103031,A,Mobile,Social,New,0,1,1,1,1,0,0,3116.830375373293,0.0,3116.830375373293
103032,B,Mobile,Paid Search,New,0,1,1,1,1,0,0,2578.9299909908827,0.0,2578.9299909908827
103033,B,Mobile,Email,Returning,0,1,0,0,0,0,0,0.0,0.0,0.0
103034,A,Desktop,Organic,Returning,0,1,1,0,0,0,0,0.0,0.0,0.0
103035,B,Mobile,Organic,Returning,1,1,1,1,0,0,0,0.0,0.0,0.0
103036,B,Mobile,Social,New,0,1,1,1,1,0,0,4641.9906806345,0.0,4641.9906806345
103037,B,Mobile,Email,Returning,0,1,1,0,0,0,1,0.0,0.0,0.0
103038,B,Desktop,Email,New,0,1,0,0,0,0,0,0.0,0.0,0.0
103039,A,Desktop,Organic,New,0,1,0,0,0,0,0,0.0,0.0,0.0
103040,B,Mobile,Email,New,0,0,0,0,0,0,1,0.0,0.0,0.0
103041,B,Mobile,Paid Search,New,0,1,0,0,0,0,0,0.0,0.0,0.0
103042,A,Desktop,Social,New,1,1,1,1,0,0,1,0.0,0.0,0.0
103043,B,Mobile,Organic,Returning,0,1,0,0,0,0,0,0.0,0.0,0.0
103044,B,Mobile,Paid Search,New,0,1,0,0,0,0,1,0.0,0.0,0.0
103045,B,Mobile,Direct,New,1,1,0,0,0,0,0,0.0,0.0,0.0
103046,A,Mobile,Social,New,0,1,0,0,0,0,0,0.0,0.0,0.0
103047,B,Desktop,Paid Search,New,0,1,0,0,0,0,0,0.0,0.0,0.0
103048,A,Mobile,Paid Search,New,0,1,0,0,0,0,1,0.0,0.0,0.0
103049,B,Mobile,Organic,New,1,1,1,1,1,0,1,1956.1034605410155,0.0,1956.1034605410155
103050,A,Mobile,Organic,New,0,1,1,1,1,0,1,2027.4904869917177,0.0,2027.4904869917177
103051,A,Desktop,Social,New,0,1,0,0,0,0,0,0.0,0.0,0.0
103052,B,Mobile,Organic,New,0,1,1,1,0,0,1,0.0,0.0,0.0
103053,A,Mobile,Organic,New,0,1,0,0,0,0,0,0.0,0.0,0.0
103054,A,Desktop,Social,New,0,1,1,1,1,0,0,2163.9900030049266,0.0,2163.9900030049266
103055,B,Desktop,Paid Search,New,0,1,0,0,0,0,0,0.0,0.0,0.0
103056,B,Mobile,Organic,New,0,1,0,0,0,0,0,0.0,0.0,0.0
103057,B,Desktop,Direct,New,0,1,0,0,0,0,0,0.0,0.0,0.0
103058,A,Mobile,Email,New,1,1,0,0,0,0,0,0.0,0.0,0.0
103059,A,Desktop,Social,Returning,0,1,1,1,1,0,0,3129.967993015235,0.0,3129.967993015235
103060,B,Mobile,Paid Search,New,1,1,0,0,0,0,1,0.0,0.0,0.0
103061,B,Mobile,Social,Returning,0,1,0,0,0,0,0,0.0,0.0,0.0
103062,A,Mobile,Paid Search,Returning,0,1,1,1,0,0,1,0.0,0.0,0.0
103063,A,Mobile,Organic,New,0,1,0,0,0,0,1,0.0,0.0,0.0
103064,B,Mobile,Social,New,0,1,0,0,0,0,1,0.0,0.0,0.0
103065,A,Mobile,Direct,Returning,0,1,0,0,0,0,1,0.0,0.0,0.0
103066,B,Mobile,Paid Search,New,0,1,0,0,0,0,0,0.0,0.0,0.0
103067,A,Mobile,Direct,New,0,1,0,0,0,0,0,0.0,0.0,0.0
103068,B,Mobile,Paid Search,New,0,1,0,0,0,0,0,0.0,0.0,0.0
103069,A,Mobile,Organic,New,0,1,1,1,1,0,0,2874.3499925362435,0.0,2874.3499925362435
103070,B,Mobile,Direct,Returning,0,0,0,0,0,0,0,0.0,0.0,0.0
103071,A,Mobile,Social,Returning,0,0,0,0,0,0,0,0.0,0.0,0.0
103072,B,Desktop,Paid Search,New,0,1,0,0,0,0,0,0.0,0.0,0.0
103073,A,Mobile,Organic,New,0,0,0,0,0,0,0,0.0,0.0,0.0
103074,B,Mobile,Social,New,0,0,0,0,0,0,0,0.0,0.0,0.0
103075,A,Mobile,Paid Search,Returning,0,1,0,0,0,0,0,0.0,0.0,0.0
103076,B,Tablet,Email,Returning,0,1,1,1,1,0,0,4131.890503846227,0.0,4131.890503846227
103077,A,Mobile,Paid Search,New,0,1,0,0,0,0,1,0.0,0.0,0.0
103078,B,Mobile,Direct,Returning,0,1,0,0,0,0,0,0.0,0.0,0.0
103079,A,Desktop,Direct,New,0,1,0,0,0,0,0,0.0,0.0,0.0
103080,B,Desktop,Social,New,0,1,0,0,0,0,0,0.0,0.0,0.0
103081,B,Mobile,Social,New,1,1,0,0,0,0,0,0.0,0.0,0.0
103082,B,Mobile,Social,New,0,1,0,0,0,0,1,0.0,0.0,0.0
103083,B,Mobile,Social,New,1,1,0,0,0,0,1,0.0,0.0,0.0
103084,B,Mobile,Direct,New,0,1,1,1,1,0,0,3564.164870476335,0.0,3564.164870476335
103085,B,Mobile,Organic,New,0,1,0,0,0,0,1,0.0,0.0,0.0
103086,A,Mobile,Organic,Returning,0,1,0,0,0,0,1,0.0,0.0,0.0
103087,B,Mobile,Social,Returning,1,1,0,0,0,0,0,0.0,0.0,0.0
103088,B,Mobile,Direct,New,1,1,0,0,0,0,0,0.0,0.0,0.0
103089,A,Mobile,Organic,New,0,1,0,0,0,0,0,0.0,0.0,0.0
103090,B,Mobile,Email,New,0,1,1,1,1,0,0,2453.915604775054,0.0,2453.915604775054
103091,B,Desktop,Direct,New,0,1,1,0,0,0,1,0.0,0.0,0.0
103092,B,Mobile,Social,New,0,1,0,0,0,0,1,0.0,0.0,0.0
103093,A,Mobile,Social,Returning,0,1,0,0,0,0,1,0.0,0.0,0.0
103094,A,Desktop,Social,Returning,0,1,1,0,0,0,1,0.0,0.0,0.0
103095,A,Mobile,Social,New,0,1,0,0,0,0,1,0.0,0.0,0.0
103096,B,Mobile,Organic,Returning,1,0,0,0,0,0,0,0.0,0.0,0.0
103097,B,Mobile,Direct,New,0,1,0,0,0,0,0,0.0,0.0,0.0
103098,A,Desktop,Social,Returning,0,0,0,0,0,0,0,0.0,0.0,0.0
103099,B,Desktop,Paid Search,Returning,0,1,0,0,0,0,1,0.0,0.0,0.0
103100,B,Mobile,Paid Search,Returning,0,1,1,1,1,0,0,2545.9559866734567,0.0,2545.9559866734567
103101,B,Mobile,Paid Search,New,0,0,0,0,0,0,0,0.0,0.0,0.0
103102,A,Desktop,Paid Search,New,1,0,0,0,0,0,1,0.0,0.0,0.0
103103,A,Mobile,Email,Returning,0,1,0,0,0,0,1,0.0,0.0,0.0
103104,B,Mobile,Paid Search,Returning,0,1,0,0,0,0,1,0.0,0.0,0.0
103105,B,Mobile,Organic,Returning,0,1,1,1,1,0,0,4016.0167001105,0.0,4016.0167001105
103106,B,Desktop,Paid Search,Returning,0,1,0,0,0,0,0,0.0,0.0,0.0
103107,A,Desktop,Organic,New,0,1,0,0,0,0,0,0.0,0.0,0.0
103108,A,Desktop,Organic,New,0,1,1,1,1,0,1,2882.602663147355,0.0,2882.602663147355
103109,B,Tablet,Paid Search,New,0,1,0,0,0,0,1,0.0,0.0,0.0
103110,A,Mobile,Direct,New,1,1,0,0,0,0,1,0.0,0.0,0.0
103111,B,Mobile,Organic,Returning,0,1,1,1,1,0,1,3903.296867592374,0.0,3903.296867592374
103112,B,Mobile,Paid Search,New,0,1,0,0,0,0,0,0.0,0.0,0.0
103113,A,Tablet,Organic,New,0,1,0,0,0,0,0,0.0,0.0,0.0
103114,B,Desktop,Organic,New,0,0,0,0,0,0,0,0.0,0.0,0.0
103115,B,Mobile,Organic,New,1,1,1,1,1,0,0,3181.9669473570434,0.0,3181.9669473570434
103116,B,Desktop,Email,New,0,1,0,0,0,0,1,0.0,0.0,0.0
103117,A,Mobile,Social,Returning,0,1,0,0,0,0,1,0.0,0.0,0.0
103118,B,Mobile,Paid Search,Returning,0,1,0,0,0,0,0,0.0,0.0,0.0
103119,A,Mobile,Organic,New,0,1,0,0,0,0,1,0.0,0.0,0.0
103120,A,Tablet,Organic,New,0,1,0,0,0,0,0,0.0,0.0,0.0
103121,A,Desktop,Organic,New,0,0,0,0,0,0,0,0.0,0.0,0.0
103122,B,Mobile,Direct,New,0,0,0,0,0,0,1,0.0,0.0,0.0
103123,A,Desktop,Paid Search,New,0,0,0,0,0,0,0,0.0,0.0,0.0
103124,B,Mobile,Organic,New,1,0,0,0,0,0,0,0.0,0.0,0.0
103125,B,Desktop,Direct,New,0,1,0,0,0,0,1,0.0,0.0,0.0
103126,B,Mobile,Social,Returning,0,1,0,0,0,0,1,0.0,0.0,0.0
103127,A,Mobile,Direct,New,0,1,0,0,0,0,1,0.0,0.0,0.0
103128,A,Mobile,Organic,Returning,1,0,0,0,0,0,1,0.0,0.0,0.0
103129,A,Mobile,Organic,Returning,0,1,0,0,0,0,1,0.0,0.0,0.0
103130,B,Mobile,Direct,New,0,1,0,0,0,0,0,0.0,0.0,0.0
103131,B,Tablet,Paid Search,New,0,1,0,0,0,0,1,0.0,0.0,0.0
103132,B,Mobile,Social,New,0,1,0,0,0,0,0,0.0,0.0,0.0
103133,A,Mobile,Organic,New,0,1,0,0,0,0,0,0.0,0.0,0.0
103134,A,Desktop,Direct,New,0,1,0,0,0,0,0,0.0,0.0,0.0
103135,A,Mobile,Direct,Returning,0,1,0,0,0,0,1,0.0,0.0,0.0
103136,B,Mobile,Social,New,0,1,0,0,0,0,0,0.0,0.0,0.0
103137,B,Mobile,Social,New,0,1,0,0,0,0,0,0.0,0.0,0.0
103138,A,Mobile,Paid Search,Returning,0,1,0,0,0,0,1,0.0,0.0,0.0
103139,B,Mobile,Paid Search,New,0,1,0,0,0,0,0,0.0,0.0,0.0
103140,B,Mobile,Paid Search,Returning,0,1,0,0,0,0,0,0.0,0.0,0.0
103141,A,Desktop,Organic,New,0,1,0,0,0,0,0,0.0,0.0,0.0
103142,A,Desktop,Paid Search,New,0,0,0,0,0,0,0,0.0,0.0,0.0
103143,A,Desktop,Paid Search,New,1,1,1,1,1,0,1,2827.2605642962876,0.0,2827.2605642962876
103144,A,Mobile,Email,New,0,0,0,0,0,0,0,0.0,0.0,0.0
103145,B,Desktop,Organic,New,0,1,0,0,0,0,1,0.0,0.0,0.0
103146,A,Mobile,Paid Search,Returning,0,1,0,0,0,0,0,0.0,0.0,0.0
103147,B,Desktop,Organic,New,0,0,0,0,0,0,0,0.0,0.0,0.0
103148,B,Mobile,Social,Returning,0,1,0,0,0,0,0,0.0,0.0,0.0
103149,A,Mobile,Social,Returning,0,0,0,0,0,0,1,0.0,0.0,0.0
103150,B,Mobile,Paid Search,New,0,1,1,1,1,0,0,2460.1795476576585,0.0,2460.1795476576585
103151,A,Mobile,Organic,Returning,0,1,0,0,0,0,1,0.0,0.0,0.0
103152,A,Tablet,Paid Search,New,0,1,1,0,0,0,0,0.0,0.0,0.0
103153,B,Mobile,Organic,New,0,1,0,0,0,0,0,0.0,0.0,0.0
103154,B,Desktop,Email,New,0,1,0,0,0,0,0,0.0,0.0,0.0
103155,A,Desktop,Social,Returning,0,1,0,0,0,0,0,0.0,0.0,0.0
103156,A,Desktop,Email,New,1,1,0,0,0,0,1,0.0,0.0,0.0
103157,A,Mobile,Organic,Returning,0,1,0,0,0,0,0,0.0,0.0,0.0
103158,B,Mobile,Email,New,0,1,0,0,0,0,1,0.0,0.0,0.0
103159,B,Mobile,Organic,New,0,1,0,0,0,0,0,0.0,0.0,0.0
103160,A,Tablet,Email,New,0,0,0,0,0,0,0,0.0,0.0,0.0
103161,B,Mobile,Organic,New,0,1,1,1,1,0,0,2148.1883806612855,0.0,2148.1883806612855
103162,A,Mobile,Organic,New,0,1,0,0,0,0,1,0.0,0.0,0.0
103163,A,Desktop,Social,New,0,1,0,0,0,0,1,0.0,0.0,0.0
103164,B,Mobile,Paid Search,New,1,1,0,0,0,0,0,0.0,0.0,0.0
103165,B,Mobile,Email,Returning,0,1,0,0,0,0,1,0.0,0.0,0.0
103166,B,Mobile,Paid Search,New,0,1,0,0,0,0,0,0.0,0.0,0.0
103167,A,Desktop,Email,Returning,0,1,0,0,0,0,0,0.0,0.0,0.0
103168,A,Mobile,Direct,New,0,0,0,0,0,0,0,0.0,0.0,0.0
103169,A,Mobile,Social,New,0,1,0,0,0,0,1,0.0,0.0,0.0
103170,B,Tablet,Social,New,0,1,0,0,0,0,0,0.0,0.0,0.0
103171,A,Desktop,Email,New,0,0,0,0,0,0,1,0.0,0.0,0.0
103172,B,Mobile,Social,New,0,0,0,0,0,0,1,0.0,0.0,0.0
103173,B,Mobile,Social,New,0,0,0,0,0,0,0,0.0,0.0,0.0
103174,A,Mobile,Social,New,1,1,0,0,0,0,0,0.0,0.0,0.0
103175,A,Mobile,Organic,New,0,0,0,0,0,0,0,0.0,0.0,0.0
103176,A,Mobile,Organic,New,0,0,0,0,0,0,0,0.0,0.0,0.0
103177,B,Mobile,Organic,New,0,1,0,0,0,0,1,0.0,0.0,0.0
103178,A,Desktop,Social,New,0,1,0,0,0,0,0,0.0,0.0,0.0
103179,B,Mobile,Organic,Returning,0,0,0,0,0,0,1,0.0,0.0,0.0
103180,A,Desktop,Direct,New,0,1,0,0,0,0,1,0.0,0.0,0.0
103181,A,Mobile,Organic,New,0,1,1,0,0,0,0,0.0,0.0,0.0
103182,A,Mobile,Email,New,0,1,0,0,0,0,1,0.0,0.0,0.0
103183,B,Mobile,Social,Returning,0,1,0,0,0,0,1,0.0,0.0,0.0
103184,A,Tablet,Direct,New,0,1,0,0,0,0,0,0.0,0.0,0.0
103185,B,Mobile,Organic,New,0,1,0,0,0,0,0,0.0,0.0,0.0
103186,A,Desktop,Email,New,0,1,0,0,0,0,0,0.0,0.0,0.0
103187,B,Mobile,Paid Search,Returning,0,1,0,0,0,0,0,0.0,0.0,0.0
103188,A,Mobile,Paid Search,New,1,1,0,0,0,0,0,0.0,0.0,0.0
103189,A,Mobile,Paid Search,Returning,0,1,0,0,0,0,0,0.0,0.0,0.0
103190,A,Mobile,Social,Returning,0,0,0,0,0,0,0,0.0,0.0,0.0
103191,A,Desktop,Organic,New,0,0,0,0,0,0,0,0.0,0.0,0.0
103192,B,Mobile,Social,Returning,0,1,0,0,0,0,0,0.0,0.0,0.0
103193,A,Mobile,Organic,New,0,1,0,0,0,0,1,0.0,0.0,0.0
103194,A,Mobile,Paid Search,New,0,1,0,0,0,0,0,0.0,0.0,0.0
103195,B,Mobile,Paid Search,New,0,0,0,0,0,0,0,0.0,0.0,0.0
103196,B,Desktop,Organic,Returning,0,1,0,0,0,0,1,0.0,0.0,0.0
103197,A,Mobile,Paid Search,Returning,1,0,0,0,0,0,0,0.0,0.0,0.0
103198,B,Mobile,Social,Returning,0,0,0,0,0,0,0,0.0,0.0,0.0
103199,A,Mobile,Organic,New,0,1,0,0,0,0,0,0.0,0.0,0.0
103200,B,Desktop,Organic,New,0,1,0,0,0,0,0,0.0,0.0,0.0
103201,B,Mobile,Direct,Returning,0,1,0,0,0,0,1,0.0,0.0,0.0
103202,A,Mobile,Social,New,0,1,0,0,0,0,0,0.0,0.0,0.0
103203,B,Mobile,Email,Returning,0,1,1,0,0,0,0,0.0,0.0,0.0
103204,A,Mobile,Paid Search,New,0,1,0,0,0,0,0,0.0,0.0,0.0
103205,A,Mobile,Organic,New,0,1,0,0,0,0,1,0.0,0.0,0.0
103206,B,Mobile,Social,Returning,0,1,1,1,1,0,0,3130.137976299244,0.0,3130.137976299244
103207,B,Mobile,Organic,New,0,1,0,0,0,0,0,0.0,0.0,0.0
103208,A,Desktop,Organic,New,0,1,0,0,0,0,1,0.0,0.0,0.0
103209,A,Mobile,Organic,New,0,1,1,1,1,0,0,922.4664215328621,0.0,922.4664215328621
103210,B,Mobile,Social,New,1,1,0,0,0,0,1,0.0,0.0,0.0
103211,A,Mobile,Organic,New,0,0,0,0,0,0,0,0.0,0.0,0.0
103212,A,Tablet,Paid Search,New,0,1,1,0,0,0,0,0.0,0.0,0.0
103213,B,Mobile,Social,Returning,0,1,0,0,0,0,0,0.0,0.0,0.0
103214,A,Desktop,Paid Search,New,0,0,0,0,0,0,0,0.0,0.0,0.0
103215,A,Desktop,Social,New,0,0,0,0,0,0,0,0.0,0.0,0.0
103216,B,Desktop,Direct,Returning,0,1,0,0,0,0,1,0.0,0.0,0.0
103217,A,Desktop,Direct,New,1,1,0,0,0,0,0,0.0,0.0,0.0
103218,B,Mobile,Email,New,0,1,0,0,0,0,1,0.0,0.0,0.0
103219,A,Mobile,Social,New,0,1,0,0,0,0,1,0.0,0.0,0.0
103220,A,Mobile,Paid Search,New,0,1,0,0,0,0,1,0.0,0.0,0.0
103221,A,Mobile,Social,Returning,0,1,0,0,0,0,1,0.0,0.0,0.0
103222,B,Mobile,Social,Returning,0,1,0,0,0,0,1,0.0,0.0,0.0
103223,A,Mobile,Paid Search,New,0,1,0,0,0,0,0,0.0,0.0,0.0
103224,A,Mobile,Paid Search,Returning,0,1,0,0,0,0,0,0.0,0.0,0.0
103225,B,Mobile,Paid Search,New,0,1,0,0,0,0,0,0.0,0.0,0.0
103226,A,Mobile,Email,New,0,1,0,0,0,0,0,0.0,0.0,0.0
103227,B,Desktop,Organic,New,0,1,0,0,0,0,0,0.0,0.0,0.0
103228,B,Desktop,Email,New,0,1,0,0,0,0,0,0.0,0.0,0.0
103229,A,Desktop,Paid Search,New,0,1,0,0,0,0,0,0.0,0.0,0.0
103230,A,Tablet,Social,New,0,1,0,0,0,0,0,0.0,0.0,0.0
103231,B,Mobile,Organic,New,0,1,0,0,0,0,0,0.0,0.0,0.0
103232,B,Mobile,Paid Search,New,0,1,0,0,0,0,0,0.0,0.0,0.0
103233,A,Mobile,Social,New,0,0,0,0,0,0,1,0.0,0.0,0.0
103234,A,Mobile,Social,New,0,1,0,0,0,0,0,0.0,0.0,0.0
103235,A,Mobile,Paid Search,New,0,1,0,0,0,0,0,0.0,0.0,0.0
103236,A,Mobile,Social,New,0,1,1,1,1,0,0,3704.837178112895,0.0,3704.837178112895
103237,A,Mobile,Social,Returning,0,1,0,0,0,0,1,0.0,0.0,0.0
103238,A,Mobile,Social,New,0,1,1,1,1,0,0,2065.066799522003,0.0,2065.066799522003
103239,B,Desktop,Email,New,0,1,1,1,1,0,1,3286.210367131233,0.0,3286.210367131233
103240,B,Mobile,Email,New,0,0,0,0,0,0,1,0.0,0.0,0.0
103241,A,Mobile,Paid Search,Returning,0,1,0,0,0,0,0,0.0,0.0,0.0
103242,A,Mobile,Email,Returning,0,1,0,0,0,0,1,0.0,0.0,0.0
103243,A,Mobile,Paid Search,New,0,1,0,0,0,0,0,0.0,0.0,0.0
103244,B,Desktop,Direct,New,0,1,0,0,0,0,0,0.0,0.0,0.0
103245,A,Tablet,Organic,New,0,1,0,0,0,0,0,0.0,0.0,0.0
103246,B,Mobile,Organic,New,0,1,0,0,0,0,0,0.0,0.0,0.0
103247,B,Mobile,Paid Search,Returning,1,1,0,0,0,0,1,0.0,0.0,0.0
103248,B,Mobile,Organic,New,0,1,0,0,0,0,0,0.0,0.0,0.0
103249,B,Desktop,Email,Returning,0,0,0,0,0,0,1,0.0,0.0,0.0
103250,B,Mobile,Social,New,0,1,0,0,0,0,0,0.0,0.0,0.0
103251,A,Desktop,Direct,New,0,0,0,0,0,0,0,0.0,0.0,0.0
103252,B,Desktop,Paid Search,Returning,0,1,0,0,0,0,1,0.0,0.0,0.0
103253,A,Desktop,Organic,New,0,0,0,0,0,0,0,0.0,0.0,0.0
103254,A,Mobile,Organic,Returning,0,1,0,0,0,0,0,0.0,0.0,0.0
103255,B,Mobile,Paid Search,New,1,1,0,0,0,0,0,0.0,0.0,0.0
103256,B,Desktop,Organic,New,0,0,0,0,0,0,0,0.0,0.0,0.0
103257,A,Mobile,Direct,Returning,1,1,0,0,0,0,1,0.0,0.0,0.0
103258,B,Mobile,Social,Returning,0,1,0,0,0,0,1,0.0,0.0,0.0
103259,B,Mobile,Organic,New,0,0,0,0,0,0,0,0.0,0.0,0.0
103260,A,Mobile,Paid Search,New,0,1,0,0,0,0,1,0.0,0.0,0.0
103261,B,Mobile,Social,New,0,1,0,0,0,0,1,0.0,0.0,0.0
103262,B,Mobile,Social,Returning,0,1,0,0,0,0,1,0.0,0.0,0.0
103263,B,Desktop,Paid Search,Returning,0,1,1,1,1,0,0,1442.1085240496857,0.0,1442.1085240496857
103264,A,Mobile,Email,New,0,0,0,0,0,0,1,0.0,0.0,0.0
103265,B,Mobile,Direct,New,0,1,0,0,0,0,0,0.0,0.0,0.0
103266,B,Mobile,Direct,Returning,0,1,0,0,0,0,0,0.0,0.0,0.0
103267,A,Mobile,Social,Returning,0,1,1,0,0,0,0,0.0,0.0,0.0
103268,B,Mobile,Organic,New,0,0,0,0,0,0,0,0.0,0.0,0.0
103269,A,Mobile,Organic,New,0,1,0,0,0,0,0,0.0,0.0,0.0
103270,A,Mobile,Social,New,1,1,0,0,0,0,1,0.0,0.0,0.0
103271,A,Mobile,Organic,Returning,1,0,0,0,0,0,0,0.0,0.0,0.0
103272,A,Mobile,Email,New,0,1,0,0,0,0,1,0.0,0.0,0.0
103273,B,Mobile,Social,New,0,0,0,0,0,0,0,0.0,0.0,0.0
103274,A,Desktop,Email,Returning,0,1,0,0,0,0,0,0.0,0.0,0.0
103275,A,Desktop,Social,New,0,1,0,0,0,0,0,0.0,0.0,0.0
103276,B,Mobile,Organic,New,0,1,0,0,0,0,0,0.0,0.0,0.0
103277,B,Desktop,Paid Search,New,0,0,0,0,0,0,1,0.0,0.0,0.0
103278,B,Tablet,Organic,Returning,1,0,0,0,0,0,0,0.0,0.0,0.0
103279,B,Mobile,Organic,New,0,1,0,0,0,0,0,0.0,0.0,0.0
103280,B,Mobile,Social,Returning,0,1,0,0,0,0,1,0.0,0.0,0.0
103281,B,Desktop,Social,New,0,1,0,0,0,0,0,0.0,0.0,0.0
103282,A,Desktop,Paid Search,New,0,1,0,0,0,0,1,0.0,0.0,0.0
103283,B,Mobile,Paid Search,New,0,1,0,0,0,0,0,0.0,0.0,0.0
103284,A,Mobile,Organic,New,0,1,0,0,0,0,0,0.0,0.0,0.0
103285,A,Mobile,Direct,Returning,0,1,0,0,0,0,0,0.0,0.0,0.0
103286,A,Mobile,Email,New,0,1,0,0,0,0,1,0.0,0.0,0.0
103287,B,Mobile,Paid Search,New,0,0,0,0,0,0,1,0.0,0.0,0.0
103288,B,Mobile,Email,Returning,0,1,0,0,0,0,0,0.0,0.0,0.0
103289,A,Mobile,Social,Returning,0,1,0,0,0,0,0,0.0,0.0,0.0
103290,B,Mobile,Organic,New,0,1,0,0,0,0,0,0.0,0.0,0.0
103291,B,Tablet,Organic,Returning,0,1,0,0,0,0,0,0.0,0.0,0.0
103292,A,Mobile,Paid Search,Returning,0,1,0,0,0,0,1,0.0,0.0,0.0
103293,B,Desktop,Social,Returning,0,1,0,0,0,0,1,0.0,0.0,0.0
103294,A,Desktop,Paid Search,New,0,1,0,0,0,0,0,0.0,0.0,0.0
103295,B,Mobile,Email,Returning,1,1,0,0,0,0,0,0.0,0.0,0.0
103296,A,Mobile,Organic,New,0,0,0,0,0,0,0,0.0,0.0,0.0
103297,B,Desktop,Organic,New,0,1,1,1,0,0,1,0.0,0.0,0.0
103298,B,Mobile,Social,Returning,0,1,0,0,0,0,0,0.0,0.0,0.0
103299,B,Mobile,Social,Returning,0,1,0,0,0,0,0,0.0,0.0,0.0
103300,A,Mobile,Organic,New,0,1,0,0,0,0,0,0.0,0.0,0.0
103301,B,Mobile,Direct,Returning,0,1,0,0,0,0,1,0.0,0.0,0.0
103302,B,Tablet,Social,Returning,0,0,0,0,0,0,1,0.0,0.0,0.0
103303,B,Desktop,Organic,New,0,0,0,0,0,0,0,0.0,0.0,0.0
103304,B,Desktop,Social,New,0,1,1,1,1,0,0,3095.30135006104,0.0,3095.30135006104
103305,B,Mobile,Organic,New,0,1,0,0,0,0,1,0.0,0.0,0.0
103306,B,Mobile,Organic,New,0,1,1,0,0,0,0,0.0,0.0,0.0
103307,A,Mobile,Direct,New,0,1,0,0,0,0,0,0.0,0.0,0.0
103308,A,Mobile,Organic,New,0,1,1,0,0,0,1,0.0,0.0,0.0
103309,A,Mobile,Organic,New,0,1,0,0,0,0,0,0.0,0.0,0.0
103310,B,Mobile,Paid Search,Returning,0,1,0,0,0,0,0,0.0,0.0,0.0
103311,A,Desktop,Social,Returning,0,1,0,0,0,0,1,0.0,0.0,0.0
103312,B,Desktop,Direct,New,0,1,0,0,0,0,0,0.0,0.0,0.0
103313,B,Desktop,Paid Search,Returning,0,1,0,0,0,0,0,0.0,0.0,0.0
103314,A,Mobile,Social,New,0,1,1,1,0,0,0,0.0,0.0,0.0
103315,A,Desktop,Paid Search,New,0,0,0,0,0,0,0,0.0,0.0,0.0
103316,B,Mobile,Email,Returning,1,1,0,0,0,0,1,0.0,0.0,0.0
103317,A,Mobile,Email,New,0,1,1,1,1,0,0,2176.381318377532,0.0,2176.381318377532
103318,A,Mobile,Social,New,0,0,0,0,0,0,0,0.0,0.0,0.0
103319,A,Desktop,Paid Search,Returning,0,1,0,0,0,0,0,0.0,0.0,0.0
103320,B,Mobile,Organic,Returning,0,1,0,0,0,0,0,0.0,0.0,0.0
103321,A,Desktop,Paid Search,New,0,1,1,1,0,0,0,0.0,0.0,0.0
103322,A,Mobile,Paid Search,Returning,0,1,0,0,0,0,0,0.0,0.0,0.0
103323,A,Mobile,Paid Search,New,0,1,0,0,0,0,1,0.0,0.0,0.0
103324,B,Desktop,Organic,Returning,0,1,0,0,0,0,0,0.0,0.0,0.0
103325,B,Mobile,Organic,New,0,1,0,0,0,0,0,0.0,0.0,0.0
103326,A,Mobile,Social,New,0,1,0,0,0,0,0,0.0,0.0,0.0
103327,A,Mobile,Email,New,0,1,0,0,0,0,1,0.0,0.0,0.0
103328,B,Mobile,Paid Search,New,0,0,0,0,0,0,0,0.0,0.0,0.0
103329,B,Mobile,Social,Returning,0,1,1,0,0,0,1,0.0,0.0,0.0
103330,A,Tablet,Organic,Returning,0,1,0,0,0,0,0,0.0,0.0,0.0
103331,B,Mobile,Organic,New,0,1,0,0,0,0,1,0.0,0.0,0.0
103332,B,Mobile,Organic,New,0,1,0,0,0,0,0,0.0,0.0,0.0
103333,B,Desktop,Organic,Returning,0,1,0,0,0,0,0,0.0,0.0,0.0
103334,A,Desktop,Organic,Returning,0,1,0,0,0,0,0,0.0,0.0,0.0
103335,A,Mobile,Social,New,0,1,1,1,1,0,1,2092.203336703092,0.0,2092.203336703092
103336,B,Mobile,Organic,New,0,0,0,0,0,0,0,0.0,0.0,0.0
103337,B,Mobile,Social,New,0,1,0,0,0,0,1,0.0,0.0,0.0
103338,B,Mobile,Social,New,0,0,0,0,0,0,1,0.0,0.0,0.0
103339,A,Mobile,Organic,Returning,1,1,0,0,0,0,0,0.0,0.0,0.0
103340,A,Mobile,Direct,New,0,1,0,0,0,0,0,0.0,0.0,0.0
103341,B,Mobile,Organic,New,1,0,0,0,0,0,0,0.0,0.0,0.0
103342,B,Tablet,Organic,Returning,0,0,0,0,0,0,0,0.0,0.0,0.0
103343,B,Mobile,Direct,New,0,1,0,0,0,0,0,0.0,0.0,0.0
103344,B,Desktop,Organic,New,0,1,1,1,1,0,0,3978.310510859272,0.0,3978.310510859272
103345,A,Desktop,Paid Search,New,0,0,0,0,0,0,0,0.0,0.0,0.0
103346,B,Desktop,Social,New,0,1,0,0,0,0,0,0.0,0.0,0.0
103347,A,Mobile,Organic,New,0,1,0,0,0,0,0,0.0,0.0,0.0
103348,A,Desktop,Organic,New,0,1,0,0,0,0,0,0.0,0.0,0.0
103349,A,Tablet,Paid Search,New,0,1,1,1,0,0,0,0.0,0.0,0.0
103350,A,Mobile,Paid Search,New,0,1,1,1,1,0,0,3140.3840492848635,0.0,3140.3840492848635
103351,A,Desktop,Social,New,0,1,0,0,0,0,0,0.0,0.0,0.0
103352,A,Tablet,Email,New,1,1,0,0,0,0,0,0.0,0.0,0.0
103353,A,Desktop,Paid Search,Returning,0,1,0,0,0,0,1,0.0,0.0,0.0
103354,B,Mobile,Organic,New,1,1,0,0,0,0,0,0.0,0.0,0.0
103355,A,Desktop,Social,Returning,0,1,0,0,0,0,0,0.0,0.0,0.0
103356,B,Mobile,Paid Search,New,0,1,0,0,0,0,0,0.0,0.0,0.0
103357,B,Desktop,Paid Search,New,0,1,0,0,0,0,0,0.0,0.0,0.0
103358,B,Desktop,Email,New,1,1,0,0,0,0,0,0.0,0.0,0.0
103359,B,Mobile,Direct,New,0,0,0,0,0,0,0,0.0,0.0,0.0
103360,B,Mobile,Paid Search,Returning,0,1,0,0,0,0,0,0.0,0.0,0.0
103361,B,Tablet,Social,New,0,1,0,0,0,0,0,0.0,0.0,0.0
103362,B,Mobile,Email,New,0,1,0,0,0,0,1,0.0,0.0,0.0
103363,A,Desktop,Organic,New,0,1,0,0,0,0,1,0.0,0.0,0.0
103364,B,Mobile,Social,New,0,1,0,0,0,0,0,0.0,0.0,0.0
103365,B,Mobile,Direct,New,0,1,0,0,0,0,0,0.0,0.0,0.0
103366,B,Desktop,Email,New,0,1,0,0,0,0,0,0.0,0.0,0.0
103367,B,Mobile,Organic,New,0,1,0,0,0,0,0,0.0,0.0,0.0
103368,B,Mobile,Paid Search,Returning,0,1,0,0,0,0,0,0.0,0.0,0.0
103369,A,Mobile,Paid Search,New,1,1,0,0,0,0,1,0.0,0.0,0.0
103370,A,Mobile,Direct,Returning,0,1,1,0,0,0,0,0.0,0.0,0.0
103371,A,Desktop,Paid Search,Returning,0,1,0,0,0,0,0,0.0,0.0,0.0
103372,A,Desktop,Organic,Returning,0,1,1,0,0,0,0,0.0,0.0,0.0
103373,B,Desktop,Social,Returning,0,1,0,0,0,0,1,0.0,0.0,0.0
103374,B,Desktop,Direct,New,0,1,1,0,0,0,0,0.0,0.0,0.0
103375,B,Tablet,Social,New,0,1,1,1,1,1,0,2220.208227456123,2288.146595884045,4508.354823340168
103376,B,Mobile,Organic,New,0,1,0,0,0,0,0,0.0,0.0,0.0
103377,B,Mobile,Direct,Returning,0,1,1,1,1,1,0,3014.514139004082,2692.2768669697557,5706.791005973838
103378,B,Desktop,Organic,New,0,1,0,0,0,0,1,0.0,0.0,0.0
103379,B,Mobile,Organic,New,0,1,0,0,0,0,0,0.0,0.0,0.0
103380,B,Mobile,Email,New,1,1,0,0,0,0,1,0.0,0.0,0.0
103381,B,Mobile,Email,Returning,0,1,1,1,1,0,1,3204.9359774009527,0.0,3204.9359774009527
103382,A,Mobile,Direct,New,0,1,1,0,0,0,0,0.0,0.0,0.0
103383,B,Mobile,Social,Returning,0,1,0,0,0,0,0,0.0,0.0,0.0
103384,B,Mobile,Social,New,0,0,0,0,0,0,0,0.0,0.0,0.0
103385,A,Desktop,Paid Search,New,0,0,0,0,0,0,0,0.0,0.0,0.0
103386,A,Mobile,Organic,New,0,0,0,0,0,0,0,0.0,0.0,0.0
103387,B,Mobile,Organic,New,0,1,0,0,0,0,0,0.0,0.0,0.0
103388,B,Mobile,Organic,New,0,1,1,0,0,0,1,0.0,0.0,0.0
103389,B,Desktop,Organic,New,0,1,0,0,0,0,1,0.0,0.0,0.0
103390,B,Mobile,Email,New,0,0,0,0,0,0,0,0.0,0.0,0.0
103391,B,Mobile,Paid Search,New,1,1,0,0,0,0,0,0.0,0.0,0.0
103392,B,Mobile,Paid Search,New,0,1,1,1,0,0,0,0.0,0.0,0.0
103393,B,Mobile,Paid Search,New,0,1,0,0,0,0,0,0.0,0.0,0.0
103394,A,Mobile,Email,New,0,0,0,0,0,0,0,0.0,0.0,0.0
103395,A,Mobile,Organic,New,0,0,0,0,0,0,1,0.0,0.0,0.0
103396,B,Desktop,Organic,New,0,1,0,0,0,0,1,0.0,0.0,0.0
103397,B,Mobile,Direct,New,0,1,1,1,0,0,0,0.0,0.0,0.0
103398,A,Mobile,Organic,New,0,1,0,0,0,0,0,0.0,0.0,0.0
103399,A,Mobile,Organic,Returning,0,0,0,0,0,0,1,0.0,0.0,0.0
103400,B,Mobile,Organic,New,0,1,0,0,0,0,0,0.0,0.0,0.0
103401,A,Mobile,Organic,New,0,1,0,0,0,0,0,0.0,0.0,0.0
103402,B,Desktop,Social,Returning,0,1,0,0,0,0,1,0.0,0.0,0.0
103403,B,Mobile,Email,New,0,0,0,0,0,0,1,0.0,0.0,0.0
103404,A,Mobile,Social,New,0,1,0,0,0,0,0,0.0,0.0,0.0
103405,B,Desktop,Paid Search,New,0,1,0,0,0,0,0,0.0,0.0,0.0
103406,B,Mobile,Organic,New,0,1,0,0,0,0,1,0.0,0.0,0.0
103407,A,Mobile,Organic,New,0,1,0,0,0,0,0,0.0,0.0,0.0
103408,A,Mobile,Social,New,0,1,0,0,0,0,1,0.0,0.0,0.0
103409,B,Mobile,Social,Returning,0,1,0,0,0,0,1,0.0,0.0,0.0
103410,A,Mobile,Direct,New,0,1,0,0,0,0,1,0.0,0.0,0.0
103411,A,Mobile,Social,New,0,1,0,0,0,0,0,0.0,0.0,0.0
103412,A,Mobile,Organic,New,0,0,0,0,0,0,1,0.0,0.0,0.0
103413,B,Mobile,Organic,New,0,0,0,0,0,0,1,0.0,0.0,0.0
103414,A,Mobile,Social,New,0,1,0,0,0,0,0,0.0,0.0,0.0
103415,B,Mobile,Organic,New,0,1,0,0,0,0,0,0.0,0.0,0.0
103416,A,Mobile,Social,New,0,1,1,1,1,1,1,2602.4451748975575,2531.8360803064975,5134.281255204055
103417,B,Mobile,Direct,New,0,0,0,0,0,0,0,0.0,0.0,0.0
103418,B,Mobile,Direct,Returning,0,1,0,0,0,0,0,0.0,0.0,0.0
103419,B,Mobile,Social,New,0,1,0,0,0,0,1,0.0,0.0,0.0
103420,A,Mobile,Paid Search,Returning,0,0,0,0,0,0,1,0.0,0.0,0.0
103421,A,Mobile,Organic,New,0,1,0,0,0,0,0,0.0,0.0,0.0
103422,B,Mobile,Paid Search,New,0,1,0,0,0,0,0,0.0,0.0,0.0
103423,B,Desktop,Paid Search,New,0,1,1,0,0,0,1,0.0,0.0,0.0
103424,B,Mobile,Social,New,0,1,0,0,0,0,0,0.0,0.0,0.0
103425,A,Mobile,Organic,New,0,1,0,0,0,0,0,0.0,0.0,0.0
103426,A,Desktop,Organic,New,0,1,1,1,1,0,0,3161.6517569774596,0.0,3161.6517569774596
103427,B,Desktop,Direct,Returning,0,1,0,0,0,0,1,0.0,0.0,0.0
103428,A,Desktop,Organic,Returning,0,0,0,0,0,0,1,0.0,0.0,0.0
103429,B,Mobile,Social,New,0,1,1,1,1,0,0,2806.3777783606834,0.0,2806.3777783606834
103430,A,Mobile,Organic,New,0,1,0,0,0,0,0,0.0,0.0,0.0
103431,A,Desktop,Organic,New,0,1,0,0,0,0,1,0.0,0.0,0.0
103432,B,Mobile,Paid Search,New,0,0,0,0,0,0,0,0.0,0.0,0.0
103433,A,Mobile,Paid Search,New,0,1,0,0,0,0,1,0.0,0.0,0.0
103434,A,Desktop,Organic,New,0,1,1,1,1,0,1,2473.326023251004,0.0,2473.326023251004
103435,B,Desktop,Paid Search,Returning,0,0,0,0,0,0,0,0.0,0.0,0.0
103436,A,Mobile,Organic,Returning,0,1,1,0,0,0,0,0.0,0.0,0.0
103437,A,Desktop,Organic,New,0,1,1,1,1,0,1,3119.092866794751,0.0,3119.092866794751
103438,B,Mobile,Paid Search,New,0,0,0,0,0,0,0,0.0,0.0,0.0
103439,A,Desktop,Paid Search,New,0,1,0,0,0,0,1,0.0,0.0,0.0
103440,A,Mobile,Social,New,0,1,0,0,0,0,1,0.0,0.0,0.0
103441,B,Desktop,Paid Search,New,0,1,0,0,0,0,0,0.0,0.0,0.0
103442,B,Mobile,Paid Search,Returning,0,0,0,0,0,0,0,0.0,0.0,0.0
103443,A,Mobile,Paid Search,New,0,0,0,0,0,0,0,0.0,0.0,0.0
103444,B,Mobile,Social,Returning,0,1,0,0,0,0,1,0.0,0.0,0.0
103445,B,Mobile,Paid Search,Returning,0,1,1,1,0,0,1,0.0,0.0,0.0
103446,A,Mobile,Email,New,0,1,1,0,0,0,0,0.0,0.0,0.0
103447,B,Tablet,Paid Search,Returning,0,1,0,0,0,0,1,0.0,0.0,0.0
103448,B,Mobile,Paid Search,New,1,1,0,0,0,0,1,0.0,0.0,0.0
103449,A,Mobile,Organic,Returning,0,1,0,0,0,0,0,0.0,0.0,0.0
103450,B,Mobile,Social,New,0,1,1,1,1,0,1,3425.1684681608535,0.0,3425.1684681608535
103451,A,Desktop,Email,Returning,1,1,0,0,0,0,0,0.0,0.0,0.0
103452,B,Mobile,Direct,New,0,1,0,0,0,0,0,0.0,0.0,0.0
103453,B,Tablet,Paid Search,New,0,1,0,0,0,0,0,0.0,0.0,0.0
103454,A,Mobile,Paid Search,New,0,1,0,0,0,0,1,0.0,0.0,0.0
103455,A,Mobile,Paid Search,Returning,0,1,0,0,0,0,0,0.0,0.0,0.0
103456,A,Tablet,Paid Search,Returning,1,1,0,0,0,0,0,0.0,0.0,0.0
103457,A,Mobile,Organic,New,1,1,0,0,0,0,1,0.0,0.0,0.0
103458,A,Mobile,Email,Returning,0,1,0,0,0,0,1,0.0,0.0,0.0
103459,A,Mobile,Paid Search,New,0,1,1,1,1,0,1,2580.035009953934,0.0,2580.035009953934
103460,A,Mobile,Direct,Returning,0,1,1,0,0,0,0,0.0,0.0,0.0
103461,A,Mobile,Email,Returning,0,0,0,0,0,0,0,0.0,0.0,0.0
103462,B,Mobile,Organic,Returning,1,1,0,0,0,0,0,0.0,0.0,0.0
103463,B,Mobile,Email,New,0,1,0,0,0,0,1,0.0,0.0,0.0
103464,A,Mobile,Organic,New,0,0,0,0,0,0,0,0.0,0.0,0.0
103465,A,Desktop,Paid Search,Returning,0,1,1,0,0,0,0,0.0,0.0,0.0
103466,A,Mobile,Paid Search,New,0,1,0,0,0,0,1,0.0,0.0,0.0
103467,A,Desktop,Organic,New,0,1,0,0,0,0,1,0.0,0.0,0.0
103468,A,Desktop,Direct,New,0,1,0,0,0,0,0,0.0,0.0,0.0
103469,B,Desktop,Organic,Returning,0,1,0,0,0,0,1,0.0,0.0,0.0
103470,A,Desktop,Direct,New,0,1,0,0,0,0,1,0.0,0.0,0.0
103471,B,Tablet,Organic,Returning,0,1,0,0,0,0,0,0.0,0.0,0.0
103472,B,Desktop,Paid Search,New,0,1,0,0,0,0,0,0.0,0.0,0.0
103473,B,Mobile,Organic,New,0,1,0,0,0,0,0,0.0,0.0,0.0
103474,B,Desktop,Email,Returning,0,0,0,0,0,0,1,0.0,0.0,0.0
103475,A,Desktop,Direct,New,0,1,0,0,0,0,0,0.0,0.0,0.0
103476,B,Desktop,Paid Search,New,0,1,1,1,1,0,1,3269.1853130947834,0.0,3269.1853130947834
103477,A,Mobile,Social,New,0,1,0,0,0,0,0,0.0,0.0,0.0
103478,B,Desktop,Direct,New,0,1,0,0,0,0,0,0.0,0.0,0.0
103479,A,Mobile,Organic,Returning,0,0,0,0,0,0,0,0.0,0.0,0.0
103480,B,Mobile,Email,Returning,0,1,0,0,0,0,1,0.0,0.0,0.0
103481,A,Mobile,Organic,Returning,0,1,1,1,0,0,0,0.0,0.0,0.0
103482,A,Desktop,Organic,Returning,0,1,0,0,0,0,0,0.0,0.0,0.0
103483,B,Mobile,Social,Returning,0,1,0,0,0,0,1,0.0,0.0,0.0
103484,A,Mobile,Paid Search,New,0,1,0,0,0,0,0,0.0,0.0,0.0
103485,B,Mobile,Organic,Returning,0,1,0,0,0,0,0,0.0,0.0,0.0
103486,A,Mobile,Organic,Returning,0,1,0,0,0,0,0,0.0,0.0,0.0
103487,A,Desktop,Organic,New,0,1,0,0,0,0,0,0.0,0.0,0.0
103488,B,Mobile,Organic,New,0,1,0,0,0,0,1,0.0,0.0,0.0
103489,B,Desktop,Email,New,0,0,0,0,0,0,0,0.0,0.0,0.0
103490,B,Mobile,Direct,New,0,1,0,0,0,0,0,0.0,0.0,0.0
103491,A,Mobile,Organic,New,0,1,1,0,0,0,1,0.0,0.0,0.0
103492,B,Desktop,Paid Search,New,0,0,0,0,0,0,1,0.0,0.0,0.0
103493,B,Desktop,Organic,New,0,1,0,0,0,0,0,0.0,0.0,0.0
103494,B,Mobile,Email,New,0,1,0,0,0,0,1,0.0,0.0,0.0
103495,A,Mobile,Direct,New,0,0,0,0,0,0,0,0.0,0.0,0.0
103496,B,Mobile,Organic,New,0,0,0,0,0,0,0,0.0,0.0,0.0
103497,A,Mobile,Organic,Returning,0,1,0,0,0,0,0,0.0,0.0,0.0
103498,B,Desktop,Email,Returning,0,1,0,0,0,0,0,0.0,0.0,0.0
103499,B,Mobile,Email,Returning,0,0,0,0,0,0,1,0.0,0.0,0.0
103500,A,Desktop,Social,Returning,0,1,0,0,0,0,1,0.0,0.0,0.0
103501,B,Mobile,Paid Search,New,0,1,0,0,0,0,1,0.0,0.0,0.0
103502,B,Desktop,Organic,Returning,0,1,1,0,0,0,0,0.0,0.0,0.0
103503,A,Desktop,Email,New,0,1,0,0,0,0,0,0.0,0.0,0.0
103504,A,Mobile,Paid Search,New,0,0,0,0,0,0,0,0.0,0.0,0.0
103505,B,Mobile,Email,New,0,0,0,0,0,0,0,0.0,0.0,0.0
103506,B,Mobile,Social,Returning,0,1,0,0,0,0,0,0.0,0.0,0.0
103507,B,Mobile,Direct,New,0,1,0,0,0,0,0,0.0,0.0,0.0
103508,B,Mobile,Organic,Returning,0,1,0,0,0,0,1,0.0,0.0,0.0
103509,A,Desktop,Paid Search,New,1,1,0,0,0,0,1,0.0,0.0,0.0
103510,B,Mobile,Social,New,0,1,0,0,0,0,0,0.0,0.0,0.0
103511,B,Mobile,Organic,New,1,1,0,0,0,0,1,0.0,0.0,0.0
103512,A,Desktop,Direct,New,0,1,0,0,0,0,1,0.0,0.0,0.0
103513,B,Mobile,Paid Search,New,0,1,0,0,0,0,0,0.0,0.0,0.0
103514,B,Mobile,Social,New,0,1,0,0,0,0,0,0.0,0.0,0.0
103515,A,Mobile,Organic,Returning,0,1,0,0,0,0,0,0.0,0.0,0.0
103516,A,Desktop,Paid Search,Returning,0,0,0,0,0,0,1,0.0,0.0,0.0
103517,B,Desktop,Organic,New,0,1,0,0,0,0,0,0.0,0.0,0.0
103518,A,Tablet,Email,New,0,1,0,0,0,0,0,0.0,0.0,0.0
103519,A,Mobile,Paid Search,New,0,1,0,0,0,0,1,0.0,0.0,0.0
103520,B,Desktop,Paid Search,New,0,1,1,1,1,0,0,1832.2433102226619,0.0,1832.2433102226619
103521,B,Desktop,Paid Search,New,0,1,0,0,0,0,1,0.0,0.0,0.0
103522,B,Mobile,Organic,New,0,1,0,0,0,0,0,0.0,0.0,0.0
103523,A,Mobile,Organic,New,0,1,0,0,0,0,0,0.0,0.0,0.0
103524,B,Mobile,Social,Returning,0,1,0,0,0,0,0,0.0,0.0,0.0
103525,A,Desktop,Paid Search,New,0,1,0,0,0,0,0,0.0,0.0,0.0
103526,B,Mobile,Paid Search,Returning,0,1,0,0,0,0,1,0.0,0.0,0.0
103527,B,Mobile,Direct,New,0,1,0,0,0,0,0,0.0,0.0,0.0
103528,B,Mobile,Organic,New,0,1,0,0,0,0,0,0.0,0.0,0.0
103529,B,Desktop,Organic,New,0,1,0,0,0,0,1,0.0,0.0,0.0
103530,A,Desktop,Paid Search,New,0,1,0,0,0,0,1,0.0,0.0,0.0
103531,A,Mobile,Organic,New,0,0,0,0,0,0,1,0.0,0.0,0.0
103532,A,Mobile,Paid Search,New,0,1,0,0,0,0,1,0.0,0.0,0.0
103533,B,Desktop,Email,Returning,0,1,1,0,0,0,0,0.0,0.0,0.0
103534,A,Mobile,Social,New,0,1,0,0,0,0,0,0.0,0.0,0.0
103535,A,Desktop,Paid Search,New,0,1,0,0,0,0,0,0.0,0.0,0.0
103536,A,Mobile,Direct,New,0,1,0,0,0,0,0,0.0,0.0,0.0
103537,B,Mobile,Organic,Returning,0,0,0,0,0,0,0,0.0,0.0,0.0
103538,B,Mobile,Direct,Returning,0,1,0,0,0,0,1,0.0,0.0,0.0
103539,A,Desktop,Paid Search,New,0,1,0,0,0,0,0,0.0,0.0,0.0
103540,B,Mobile,Social,Returning,1,1,0,0,0,0,0,0.0,0.0,0.0
103541,A,Mobile,Organic,New,0,1,0,0,0,0,0,0.0,0.0,0.0
103542,B,Mobile,Paid Search,New,0,0,0,0,0,0,1,0.0,0.0,0.0
103543,A,Desktop,Paid Search,Returning,0,0,0,0,0,0,0,0.0,0.0,0.0
103544,B,Mobile,Organic,Returning,1,1,1,1,1,0,0,2665.3119834406307,0.0,2665.3119834406307
103545,A,Desktop,Paid Search,New,0,1,0,0,0,0,1,0.0,0.0,0.0
103546,B,Desktop,Organic,Returning,0,1,0,0,0,0,1,0.0,0.0,0.0
103547,B,Mobile,Organic,New,0,1,0,0,0,0,1,0.0,0.0,0.0
103548,A,Desktop,Paid Search,Returning,0,1,0,0,0,0,1,0.0,0.0,0.0
103549,B,Mobile,Direct,Returning,0,0,0,0,0,0,1,0.0,0.0,0.0
103550,A,Mobile,Social,New,0,1,1,0,0,0,0,0.0,0.0,0.0
103551,A,Mobile,Organic,Returning,0,1,0,0,0,0,0,0.0,0.0,0.0
103552,B,Desktop,Social,New,0,1,1,1,1,0,0,1468.6381574297716,0.0,1468.6381574297716
103553,B,Mobile,Organic,New,1,1,0,0,0,0,1,0.0,0.0,0.0
103554,A,Mobile,Social,New,0,1,0,0,0,0,1,0.0,0.0,0.0
103555,B,Desktop,Organic,New,0,1,0,0,0,0,0,0.0,0.0,0.0
103556,A,Mobile,Paid Search,New,0,1,0,0,0,0,1,0.0,0.0,0.0
103557,B,Mobile,Social,New,0,0,0,0,0,0,0,0.0,0.0,0.0
103558,A,Tablet,Organic,New,0,1,0,0,0,0,0,0.0,0.0,0.0
103559,A,Desktop,Social,Returning,0,1,1,1,1,0,1,3865.3284065768926,0.0,3865.3284065768926
103560,A,Mobile,Organic,New,0,1,0,0,0,0,1,0.0,0.0,0.0
103561,B,Mobile,Paid Search,New,0,1,0,0,0,0,0,0.0,0.0,0.0
103562,A,Desktop,Social,New,0,1,1,1,0,0,1,0.0,0.0,0.0
103563,A,Mobile,Paid Search,New,1,0,0,0,0,0,0,0.0,0.0,0.0
103564,B,Mobile,Organic,New,0,1,1,1,1,0,1,3235.5575107040895,0.0,3235.5575107040895
103565,A,Mobile,Organic,New,0,1,1,1,0,0,1,0.0,0.0,0.0
103566,B,Mobile,Direct,New,0,1,0,0,0,0,1,0.0,0.0,0.0
103567,B,Mobile,Social,New,0,1,0,0,0,0,0,0.0,0.0,0.0
103568,B,Mobile,Social,Returning,0,0,0,0,0,0,0,0.0,0.0,0.0
103569,A,Tablet,Email,New,0,1,0,0,0,0,0,0.0,0.0,0.0
103570,A,Mobile,Direct,New,0,1,0,0,0,0,0,0.0,0.0,0.0
103571,A,Mobile,Paid Search,New,0,0,0,0,0,0,0,0.0,0.0,0.0
103572,B,Mobile,Email,New,0,1,0,0,0,0,0,0.0,0.0,0.0
103573,B,Mobile,Organic,Returning,0,1,0,0,0,0,0,0.0,0.0,0.0
103574,B,Mobile,Paid Search,New,0,1,0,0,0,0,1,0.0,0.0,0.0
103575,A,Mobile,Paid Search,New,0,1,0,0,0,0,0,0.0,0.0,0.0
103576,B,Mobile,Paid Search,New,1,1,0,0,0,0,0,0.0,0.0,0.0
103577,A,Desktop,Paid Search,Returning,0,0,0,0,0,0,0,0.0,0.0,0.0
103578,A,Mobile,Paid Search,New,0,1,1,1,0,0,1,0.0,0.0,0.0
103579,A,Desktop,Social,New,0,1,0,0,0,0,0,0.0,0.0,0.0
103580,A,Tablet,Organic,New,0,0,0,0,0,0,0,0.0,0.0,0.0
103581,A,Desktop,Paid Search,New,1,1,0,0,0,0,0,0.0,0.0,0.0
103582,B,Mobile,Social,New,0,1,0,0,0,0,1,0.0,0.0,0.0
103583,B,Mobile,Social,New,0,1,0,0,0,0,1,0.0,0.0,0.0
103584,B,Desktop,Paid Search,Returning,0,1,1,0,0,0,1,0.0,0.0,0.0
103585,A,Mobile,Organic,New,0,1,0,0,0,0,1,0.0,0.0,0.0
103586,B,Mobile,Paid Search,Returning,0,1,0,0,0,0,1,0.0,0.0,0.0
103587,A,Mobile,Social,Returning,0,1,1,1,0,0,0,0.0,0.0,0.0
103588,B,Desktop,Social,New,0,1,0,0,0,0,0,0.0,0.0,0.0
103589,B,Mobile,Organic,New,0,1,0,0,0,0,1,0.0,0.0,0.0
103590,B,Desktop,Paid Search,Returning,0,1,0,0,0,0,1,0.0,0.0,0.0
103591,A,Mobile,Paid Search,New,0,1,1,0,0,0,1,0.0,0.0,0.0
103592,B,Tablet,Organic,New,0,1,0,0,0,0,0,0.0,0.0,0.0
103593,B,Desktop,Organic,New,0,1,0,0,0,0,0,0.0,0.0,0.0
103594,A,Mobile,Organic,Returning,0,1,0,0,0,0,0,0.0,0.0,0.0
103595,B,Mobile,Direct,New,0,1,0,0,0,0,0,0.0,0.0,0.0
103596,B,Mobile,Social,New,0,1,0,0,0,0,1,0.0,0.0,0.0
103597,B,Mobile,Organic,New,0,1,1,1,1,0,0,2621.3164217231083,0.0,2621.3164217231083
103598,B,Mobile,Direct,Returning,0,1,0,0,0,0,0,0.0,0.0,0.0
103599,B,Mobile,Social,New,0,1,0,0,0,0,0,0.0,0.0,0.0
103600,A,Mobile,Social,New,0,1,0,0,0,0,1,0.0,0.0,0.0
103601,B,Mobile,Direct,New,0,1,0,0,0,0,0,0.0,0.0,0.0
103602,B,Mobile,Paid Search,New,0,0,0,0,0,0,0,0.0,0.0,0.0
103603,A,Mobile,Paid Search,New,1,1,0,0,0,0,0,0.0,0.0,0.0
103604,A,Desktop,Social,New,1,0,0,0,0,0,1,0.0,0.0,0.0
103605,A,Mobile,Direct,New,0,0,0,0,0,0,0,0.0,0.0,0.0
103606,B,Mobile,Direct,New,0,1,0,0,0,0,1,0.0,0.0,0.0
103607,B,Mobile,Social,New,0,1,0,0,0,0,0,0.0,0.0,0.0
103608,B,Mobile,Direct,Returning,0,1,0,0,0,0,0,0.0,0.0,0.0
103609,A,Mobile,Paid Search,New,0,0,0,0,0,0,1,0.0,0.0,0.0
103610,B,Mobile,Paid Search,Returning,0,1,0,0,0,0,1,0.0,0.0,0.0
103611,B,Mobile,Email,New,0,0,0,0,0,0,1,0.0,0.0,0.0
103612,A,Mobile,Organic,New,0,1,0,0,0,0,0,0.0,0.0,0.0
103613,B,Mobile,Email,New,0,1,0,0,0,0,0,0.0,0.0,0.0
103614,B,Mobile,Social,Returning,1,1,0,0,0,0,1,0.0,0.0,0.0
103615,B,Mobile,Social,Returning,0,1,0,0,0,0,0,0.0,0.0,0.0
103616,A,Mobile,Direct,New,1,1,1,1,1,0,1,3135.0304331309308,0.0,3135.0304331309308
103617,B,Desktop,Paid Search,New,1,0,0,0,0,0,0,0.0,0.0,0.0
103618,B,Mobile,Organic,Returning,0,1,0,0,0,0,1,0.0,0.0,0.0
103619,A,Mobile,Direct,Returning,0,0,0,0,0,0,0,0.0,0.0,0.0
103620,B,Mobile,Direct,New,0,0,0,0,0,0,1,0.0,0.0,0.0
103621,B,Mobile,Paid Search,New,0,1,0,0,0,0,0,0.0,0.0,0.0
103622,B,Mobile,Organic,New,0,1,0,0,0,0,0,0.0,0.0,0.0
103623,B,Mobile,Paid Search,Returning,0,1,0,0,0,0,0,0.0,0.0,0.0
103624,A,Mobile,Organic,New,0,1,1,0,0,0,0,0.0,0.0,0.0
103625,A,Mobile,Organic,Returning,0,0,0,0,0,0,0,0.0,0.0,0.0
103626,A,Mobile,Paid Search,Returning,0,0,0,0,0,0,0,0.0,0.0,0.0
103627,B,Desktop,Organic,New,0,0,0,0,0,0,1,0.0,0.0,0.0
103628,A,Desktop,Paid Search,New,0,1,0,0,0,0,1,0.0,0.0,0.0
103629,A,Mobile,Paid Search,New,0,1,0,0,0,0,0,0.0,0.0,0.0
103630,A,Mobile,Social,Returning,1,1,0,0,0,0,1,0.0,0.0,0.0
103631,A,Mobile,Organic,Returning,0,0,0,0,0,0,0,0.0,0.0,0.0
103632,B,Mobile,Social,New,0,1,0,0,0,0,1,0.0,0.0,0.0
103633,A,Desktop,Email,New,0,1,0,0,0,0,0,0.0,0.0,0.0
103634,B,Desktop,Social,New,0,1,1,1,1,0,1,2953.1550666243884,0.0,2953.1550666243884
103635,A,Desktop,Direct,New,0,1,0,0,0,0,0,0.0,0.0,0.0
103636,B,Desktop,Paid Search,New,0,1,1,1,1,1,0,3954.5250871868107,4633.348917536167,8587.874004722978
103637,A,Desktop,Direct,New,0,1,1,0,0,0,1,0.0,0.0,0.0
103638,B,Mobile,Paid Search,Returning,0,0,0,0,0,0,0,0.0,0.0,0.0
103639,B,Mobile,Email,New,0,1,1,1,1,0,1,2811.407304263934,0.0,2811.407304263934
103640,B,Tablet,Direct,New,0,1,0,0,0,0,0,0.0,0.0,0.0
103641,B,Desktop,Organic,New,0,1,0,0,0,0,0,0.0,0.0,0.0
103642,B,Mobile,Email,New,0,1,1,1,0,0,1,0.0,0.0,0.0
103643,B,Mobile,Email,New,0,1,0,0,0,0,1,0.0,0.0,0.0
103644,B,Desktop,Organic,Returning,0,1,0,0,0,0,0,0.0,0.0,0.0
103645,A,Desktop,Paid Search,New,0,1,0,0,0,0,1,0.0,0.0,0.0
103646,A,Mobile,Email,New,0,1,0,0,0,0,1,0.0,0.0,0.0
103647,B,Mobile,Organic,New,0,1,0,0,0,0,1,0.0,0.0,0.0
103648,B,Mobile,Organic,Returning,0,1,0,0,0,0,1,0.0,0.0,0.0
103649,A,Mobile,Organic,New,0,1,1,0,0,0,0,0.0,0.0,0.0
103650,A,Mobile,Organic,New,0,1,1,1,1,0,1,3886.734805716984,0.0,3886.734805716984
103651,A,Mobile,Paid Search,New,0,1,0,0,0,0,0,0.0,0.0,0.0
103652,B,Mobile,Organic,New,0,1,1,1,0,0,0,0.0,0.0,0.0
103653,B,Mobile,Organic,New,0,1,1,0,0,0,0,0.0,0.0,0.0
103654,B,Mobile,Organic,New,0,1,0,0,0,0,1,0.0,0.0,0.0
103655,A,Mobile,Direct,New,0,1,0,0,0,0,0,0.0,0.0,0.0
103656,A,Mobile,Paid Search,New,0,1,0,0,0,0,1,0.0,0.0,0.0
103657,A,Tablet,Paid Search,New,1,1,0,0,0,0,0,0.0,0.0,0.0
103658,B,Mobile,Organic,Returning,0,1,1,1,1,0,0,2021.1364321262922,0.0,2021.1364321262922
103659,A,Mobile,Social,New,0,1,0,0,0,0,1,0.0,0.0,0.0
103660,A,Mobile,Organic,New,0,1,0,0,0,0,0,0.0,0.0,0.0
103661,B,Mobile,Social,New,0,1,0,0,0,0,0,0.0,0.0,0.0
103662,A,Desktop,Social,New,0,0,0,0,0,0,0,0.0,0.0,0.0
103663,B,Desktop,Paid Search,Returning,1,1,1,1,1,1,0,3477.6458455086135,4345.573638413413,7823.2194839220265
103664,B,Desktop,Paid Search,Returning,0,1,0,0,0,0,0,0.0,0.0,0.0
103665,A,Desktop,Organic,New,0,0,0,0,0,0,0,0.0,0.0,0.0
103666,A,Mobile,Paid Search,New,0,1,1,1,1,1,0,2374.457117677308,2829.721091316463,5204.1782089937715
103667,A,Mobile,Paid Search,Returning,0,1,0,0,0,0,1,0.0,0.0,0.0
103668,B,Mobile,Social,New,0,1,1,1,1,0,1,2680.2760043846893,0.0,2680.2760043846893
103669,A,Mobile,Direct,New,0,1,0,0,0,0,1,0.0,0.0,0.0
103670,A,Mobile,Social,New,0,1,0,0,0,0,1,0.0,0.0,0.0
103671,B,Mobile,Paid Search,New,1,1,0,0,0,0,0,0.0,0.0,0.0
103672,A,Mobile,Organic,New,0,0,0,0,0,0,1,0.0,0.0,0.0
103673,A,Desktop,Organic,New,0,0,0,0,0,0,0,0.0,0.0,0.0
103674,B,Tablet,Organic,New,0,0,0,0,0,0,1,0.0,0.0,0.0
103675,B,Mobile,Organic,New,0,1,0,0,0,0,0,0.0,0.0,0.0
103676,B,Mobile,Social,New,0,0,0,0,0,0,0,0.0,0.0,0.0
103677,A,Desktop,Paid Search,Returning,0,0,0,0,0,0,0,0.0,0.0,0.0
103678,B,Mobile,Email,New,0,1,0,0,0,0,0,0.0,0.0,0.0
103679,A,Mobile,Paid Search,Returning,0,1,0,0,0,0,0,0.0,0.0,0.0
103680,A,Mobile,Paid Search,New,0,1,0,0,0,0,0,0.0,0.0,0.0
103681,A,Mobile,Organic,New,0,1,0,0,0,0,0,0.0,0.0,0.0
103682,B,Mobile,Organic,New,0,1,0,0,0,0,1,0.0,0.0,0.0
103683,B,Mobile,Direct,Returning,0,1,0,0,0,0,0,0.0,0.0,0.0
103684,B,Mobile,Organic,New,0,1,0,0,0,0,0,0.0,0.0,0.0
103685,B,Desktop,Organic,New,0,1,0,0,0,0,0,0.0,0.0,0.0
103686,B,Desktop,Paid Search,New,0,1,0,0,0,0,1,0.0,0.0,0.0
103687,A,Mobile,Paid Search,New,0,1,1,1,1,0,1,1674.4688613766446,0.0,1674.4688613766446
103688,B,Mobile,Organic,Returning,0,0,0,0,0,0,1,0.0,0.0,0.0
103689,B,Mobile,Organic,New,0,0,0,0,0,0,0,0.0,0.0,0.0
103690,B,Desktop,Direct,New,0,1,0,0,0,0,1,0.0,0.0,0.0
103691,B,Desktop,Direct,Returning,0,1,0,0,0,0,0,0.0,0.0,0.0
103692,A,Mobile,Organic,New,0,0,0,0,0,0,1,0.0,0.0,0.0
103693,A,Mobile,Organic,New,1,1,0,0,0,0,1,0.0,0.0,0.0
103694,A,Tablet,Organic,New,1,0,0,0,0,0,1,0.0,0.0,0.0
103695,A,Desktop,Direct,New,0,1,1,0,0,0,0,0.0,0.0,0.0
103696,A,Mobile,Paid Search,New,0,1,0,0,0,0,1,0.0,0.0,0.0
103697,A,Mobile,Email,New,0,1,0,0,0,0,1,0.0,0.0,0.0
103698,B,Mobile,Paid Search,New,1,1,1,1,1,0,1,3067.7594624834846,0.0,3067.7594624834846
103699,B,Mobile,Paid Search,New,0,1,0,0,0,0,0,0.0,0.0,0.0
103700,A,Mobile,Direct,New,0,1,1,1,1,0,1,3338.427373775772,0.0,3338.427373775772
103701,A,Mobile,Organic,Returning,1,0,0,0,0,0,1,0.0,0.0,0.0
103702,B,Mobile,Email,New,0,1,0,0,0,0,1,0.0,0.0,0.0
103703,B,Mobile,Email,New,0,1,1,1,1,0,1,2688.290447968899,0.0,2688.290447968899
103704,B,Mobile,Paid Search,New,0,1,0,0,0,0,1,0.0,0.0,0.0
103705,B,Mobile,Email,New,0,1,0,0,0,0,1,0.0,0.0,0.0
103706,A,Desktop,Email,Returning,1,1,0,0,0,0,0,0.0,0.0,0.0
103707,B,Mobile,Organic,New,0,1,0,0,0,0,0,0.0,0.0,0.0
103708,B,Mobile,Organic,New,0,1,0,0,0,0,1,0.0,0.0,0.0
103709,A,Desktop,Paid Search,New,0,0,0,0,0,0,0,0.0,0.0,0.0
103710,B,Mobile,Paid Search,New,0,1,0,0,0,0,1,0.0,0.0,0.0
103711,B,Mobile,Paid Search,Returning,0,1,0,0,0,0,0,0.0,0.0,0.0
103712,B,Desktop,Organic,New,0,0,0,0,0,0,0,0.0,0.0,0.0
103713,A,Mobile,Organic,Returning,0,1,0,0,0,0,0,0.0,0.0,0.0
103714,A,Mobile,Social,Returning,0,1,1,1,1,0,0,3352.407179524428,0.0,3352.407179524428
103715,B,Desktop,Paid Search,New,0,1,0,0,0,0,1,0.0,0.0,0.0
103716,B,Mobile,Email,New,0,0,0,0,0,0,0,0.0,0.0,0.0
103717,B,Mobile,Email,New,0,1,0,0,0,0,0,0.0,0.0,0.0
103718,B,Tablet,Organic,Returning,0,1,0,0,0,0,0,0.0,0.0,0.0
103719,A,Mobile,Paid Search,Returning,0,0,0,0,0,0,0,0.0,0.0,0.0
103720,B,Desktop,Organic,Returning,0,1,0,0,0,0,0,0.0,0.0,0.0
103721,A,Mobile,Direct,Returning,0,0,0,0,0,0,0,0.0,0.0,0.0
103722,A,Desktop,Organic,Returning,0,1,1,1,1,0,0,3020.999837477293,0.0,3020.999837477293
103723,B,Mobile,Organic,New,0,1,0,0,0,0,1,0.0,0.0,0.0
103724,B,Desktop,Organic,New,0,1,1,1,1,1,0,2185.886020785867,1866.530906786844,4052.416927572711
103725,B,Mobile,Paid Search,New,0,0,0,0,0,0,1,0.0,0.0,0.0
103726,B,Desktop,Paid Search,New,0,1,0,0,0,0,1,0.0,0.0,0.0
103727,B,Mobile,Paid Search,Returning,1,1,1,1,0,0,0,0.0,0.0,0.0
103728,A,Mobile,Social,New,0,1,0,0,0,0,0,0.0,0.0,0.0
103729,B,Mobile,Paid Search,New,0,1,0,0,0,0,0,0.0,0.0,0.0
103730,B,Desktop,Organic,Returning,1,1,0,0,0,0,0,0.0,0.0,0.0
103731,A,Mobile,Social,New,0,1,1,1,1,0,0,2663.453543749736,0.0,2663.453543749736
103732,A,Mobile,Paid Search,New,0,1,0,0,0,0,0,0.0,0.0,0.0
103733,A,Mobile,Email,New,0,1,0,0,0,0,0,0.0,0.0,0.0
103734,B,Mobile,Direct,New,0,1,0,0,0,0,1,0.0,0.0,0.0
103735,A,Mobile,Paid Search,New,0,1,0,0,0,0,1,0.0,0.0,0.0
103736,B,Mobile,Social,New,0,1,0,0,0,0,0,0.0,0.0,0.0
103737,A,Mobile,Paid Search,New,0,1,0,0,0,0,0,0.0,0.0,0.0
103738,A,Desktop,Organic,New,0,1,0,0,0,0,1,0.0,0.0,0.0
103739,B,Mobile,Social,New,0,0,0,0,0,0,0,0.0,0.0,0.0
103740,A,Mobile,Paid Search,Returning,0,1,0,0,0,0,0,0.0,0.0,0.0
103741,B,Mobile,Organic,Returning,0,0,0,0,0,0,1,0.0,0.0,0.0
103742,B,Mobile,Social,New,0,1,0,0,0,0,1,0.0,0.0,0.0
103743,A,Mobile,Organic,New,0,1,0,0,0,0,0,0.0,0.0,0.0
103744,B,Desktop,Organic,New,0,0,0,0,0,0,0,0.0,0.0,0.0
103745,A,Mobile,Organic,New,0,1,0,0,0,0,0,0.0,0.0,0.0
103746,A,Mobile,Paid Search,New,0,1,0,0,0,0,0,0.0,0.0,0.0
103747,A,Desktop,Paid Search,Returning,0,1,0,0,0,0,0,0.0,0.0,0.0
103748,A,Mobile,Social,New,0,1,0,0,0,0,0,0.0,0.0,0.0
103749,A,Mobile,Direct,New,0,0,0,0,0,0,1,0.0,0.0,0.0
103750,B,Mobile,Organic,New,0,1,1,0,0,0,0,0.0,0.0,0.0
103751,B,Mobile,Organic,New,0,1,0,0,0,0,0,0.0,0.0,0.0
103752,A,Desktop,Organic,New,0,1,1,1,1,0,1,3105.95778248007,0.0,3105.95778248007
103753,B,Mobile,Paid Search,New,0,1,0,0,0,0,0,0.0,0.0,0.0
103754,B,Desktop,Social,New,1,0,0,0,0,0,0,0.0,0.0,0.0
103755,A,Mobile,Email,Returning,0,1,0,0,0,0,0,0.0,0.0,0.0
103756,A,Mobile,Paid Search,New,0,0,0,0,0,0,1,0.0,0.0,0.0
103757,A,Mobile,Paid Search,New,0,1,0,0,0,0,0,0.0,0.0,0.0
103758,B,Mobile,Organic,New,0,1,1,0,0,0,0,0.0,0.0,0.0
103759,A,Desktop,Email,New,1,1,0,0,0,0,0,0.0,0.0,0.0
103760,A,Mobile,Direct,New,0,1,0,0,0,0,1,0.0,0.0,0.0
103761,A,Desktop,Paid Search,New,0,1,0,0,0,0,1,0.0,0.0,0.0
103762,A,Mobile,Paid Search,Returning,0,1,0,0,0,0,0,0.0,0.0,0.0
103763,A,Mobile,Organic,Returning,0,1,0,0,0,0,0,0.0,0.0,0.0
103764,A,Mobile,Paid Search,New,0,0,0,0,0,0,1,0.0,0.0,0.0
103765,A,Desktop,Paid Search,New,0,1,0,0,0,0,1,0.0,0.0,0.0
103766,A,Mobile,Email,New,1,1,0,0,0,0,0,0.0,0.0,0.0
103767,A,Mobile,Organic,New,0,1,0,0,0,0,0,0.0,0.0,0.0
103768,A,Mobile,Direct,New,0,1,1,1,0,0,0,0.0,0.0,0.0
103769,A,Mobile,Direct,New,0,0,0,0,0,0,0,0.0,0.0,0.0
103770,B,Mobile,Organic,New,0,1,0,0,0,0,0,0.0,0.0,0.0
103771,B,Mobile,Email,New,1,1,0,0,0,0,0,0.0,0.0,0.0
103772,A,Mobile,Organic,Returning,0,1,0,0,0,0,0,0.0,0.0,0.0
103773,B,Desktop,Paid Search,New,0,1,0,0,0,0,0,0.0,0.0,0.0
103774,A,Desktop,Direct,New,0,1,0,0,0,0,0,0.0,0.0,0.0
103775,A,Mobile,Social,New,0,1,0,0,0,0,1,0.0,0.0,0.0
103776,A,Desktop,Paid Search,Returning,0,1,0,0,0,0,0,0.0,0.0,0.0
103777,A,Desktop,Organic,New,0,1,0,0,0,0,1,0.0,0.0,0.0
103778,B,Desktop,Organic,Returning,0,1,0,0,0,0,1,0.0,0.0,0.0
103779,B,Mobile,Direct,New,0,1,0,0,0,0,0,0.0,0.0,0.0
103780,B,Desktop,Paid Search,New,0,1,0,0,0,0,0,0.0,0.0,0.0
103781,B,Desktop,Social,New,0,1,1,0,0,0,0,0.0,0.0,0.0
103782,B,Mobile,Paid Search,New,0,1,0,0,0,0,1,0.0,0.0,0.0
103783,B,Mobile,Direct,New,0,0,0,0,0,0,0,0.0,0.0,0.0
103784,A,Mobile,Paid Search,New,0,1,0,0,0,0,1,0.0,0.0,0.0
103785,A,Mobile,Social,Returning,0,1,0,0,0,0,1,0.0,0.0,0.0
103786,B,Tablet,Organic,Returning,1,1,0,0,0,0,1,0.0,0.0,0.0
103787,A,Mobile,Direct,New,0,1,0,0,0,0,0,0.0,0.0,0.0
103788,B,Tablet,Paid Search,New,0,1,0,0,0,0,1,0.0,0.0,0.0
103789,B,Desktop,Organic,Returning,0,1,0,0,0,0,0,0.0,0.0,0.0
103790,A,Mobile,Organic,Returning,0,1,0,0,0,0,0,0.0,0.0,0.0
103791,A,Mobile,Social,Returning,0,1,0,0,0,0,0,0.0,0.0,0.0
103792,A,Mobile,Email,New,0,1,0,0,0,0,1,0.0,0.0,0.0
103793,B,Mobile,Organic,New,1,1,0,0,0,0,1,0.0,0.0,0.0
103794,B,Mobile,Direct,New,0,1,0,0,0,0,0,0.0,0.0,0.0
103795,A,Mobile,Direct,New,0,1,0,0,0,0,1,0.0,0.0,0.0
103796,A,Mobile,Paid Search,New,0,0,0,0,0,0,0,0.0,0.0,0.0
103797,A,Desktop,Organic,Returning,0,1,0,0,0,0,0,0.0,0.0,0.0
103798,A,Mobile,Organic,New,0,1,0,0,0,0,0,0.0,0.0,0.0
103799,B,Desktop,Email,New,0,0,0,0,0,0,0,0.0,0.0,0.0
103800,A,Desktop,Organic,New,0,1,0,0,0,0,0,0.0,0.0,0.0
103801,B,Mobile,Paid Search,New,0,1,0,0,0,0,0,0.0,0.0,0.0
103802,A,Mobile,Paid Search,Returning,0,1,0,0,0,0,1,0.0,0.0,0.0
103803,B,Mobile,Social,Returning,0,1,0,0,0,0,1,0.0,0.0,0.0
103804,A,Mobile,Email,New,0,1,0,0,0,0,0,0.0,0.0,0.0
103805,A,Mobile,Organic,New,0,1,0,0,0,0,0,0.0,0.0,0.0
103806,A,Mobile,Paid Search,New,0,1,0,0,0,0,0,0.0,0.0,0.0
103807,A,Desktop,Paid Search,Returning,0,0,0,0,0,0,0,0.0,0.0,0.0
103808,B,Mobile,Organic,New,0,1,0,0,0,0,0,0.0,0.0,0.0
103809,B,Mobile,Social,New,0,1,0,0,0,0,1,0.0,0.0,0.0
103810,A,Desktop,Organic,New,0,1,0,0,0,0,0,0.0,0.0,0.0
103811,B,Mobile,Organic,New,1,1,1,1,1,0,1,3634.3833060726756,0.0,3634.3833060726756
103812,A,Mobile,Direct,Returning,1,1,1,0,0,0,0,0.0,0.0,0.0
103813,A,Mobile,Paid Search,New,0,1,0,0,0,0,0,0.0,0.0,0.0
103814,B,Mobile,Direct,Returning,0,1,1,0,0,0,0,0.0,0.0,0.0
103815,A,Mobile,Social,New,1,0,0,0,0,0,0,0.0,0.0,0.0
103816,A,Mobile,Email,New,1,1,0,0,0,0,0,0.0,0.0,0.0
103817,A,Mobile,Direct,Returning,0,1,1,1,1,0,0,3158.592088564224,0.0,3158.592088564224
103818,A,Mobile,Email,New,0,1,1,0,0,0,0,0.0,0.0,0.0
103819,A,Mobile,Paid Search,New,0,1,0,0,0,0,1,0.0,0.0,0.0
103820,A,Mobile,Email,New,0,1,0,0,0,0,0,0.0,0.0,0.0
103821,B,Mobile,Email,New,0,1,0,0,0,0,0,0.0,0.0,0.0
103822,A,Desktop,Paid Search,New,0,1,0,0,0,0,0,0.0,0.0,0.0
103823,A,Desktop,Paid Search,New,1,1,0,0,0,0,0,0.0,0.0,0.0
103824,A,Tablet,Organic,Returning,0,0,0,0,0,0,0,0.0,0.0,0.0
103825,B,Mobile,Email,New,0,1,0,0,0,0,1,0.0,0.0,0.0
103826,B,Mobile,Direct,New,0,1,1,1,1,1,1,3000.6666941763665,2635.4772947442507,5636.143988920618
103827,A,Mobile,Organic,New,0,1,0,0,0,0,0,0.0,0.0,0.0
103828,B,Mobile,Direct,New,1,1,0,0,0,0,0,0.0,0.0,0.0
103829,A,Mobile,Social,Returning,0,0,0,0,0,0,0,0.0,0.0,0.0
103830,B,Mobile,Paid Search,New,0,1,0,0,0,0,0,0.0,0.0,0.0
103831,A,Mobile,Organic,Returning,0,1,0,0,0,0,0,0.0,0.0,0.0
103832,A,Mobile,Organic,New,0,0,0,0,0,0,0,0.0,0.0,0.0
103833,B,Mobile,Social,New,1,1,0,0,0,0,0,0.0,0.0,0.0
103834,B,Desktop,Organic,Returning,0,1,0,0,0,0,0,0.0,0.0,0.0
103835,B,Mobile,Email,Returning,1,1,0,0,0,0,0,0.0,0.0,0.0
103836,A,Mobile,Paid Search,New,0,1,1,1,0,0,0,0.0,0.0,0.0
103837,A,Desktop,Paid Search,New,0,1,0,0,0,0,0,0.0,0.0,0.0
103838,A,Mobile,Paid Search,New,0,0,0,0,0,0,0,0.0,0.0,0.0
103839,B,Mobile,Paid Search,Returning,0,1,0,0,0,0,0,0.0,0.0,0.0
103840,A,Mobile,Direct,New,1,1,0,0,0,0,1,0.0,0.0,0.0
103841,A,Mobile,Organic,New,0,1,0,0,0,0,1,0.0,0.0,0.0
103842,A,Mobile,Email,Returning,0,1,1,1,0,0,1,0.0,0.0,0.0
103843,B,Desktop,Email,New,0,1,0,0,0,0,1,0.0,0.0,0.0
103844,B,Mobile,Paid Search,New,0,1,0,0,0,0,0,0.0,0.0,0.0
103845,A,Mobile,Email,New,0,1,0,0,0,0,0,0.0,0.0,0.0
103846,B,Desktop,Paid Search,Returning,0,1,0,0,0,0,0,0.0,0.0,0.0
103847,A,Mobile,Organic,New,0,1,0,0,0,0,1,0.0,0.0,0.0
103848,A,Mobile,Organic,New,0,1,1,1,0,0,0,0.0,0.0,0.0
103849,A,Mobile,Social,New,0,1,1,1,1,0,1,2228.553582180697,0.0,2228.553582180697
103850,B,Desktop,Social,New,0,1,0,0,0,0,0,0.0,0.0,0.0
103851,B,Mobile,Organic,New,0,1,0,0,0,0,0,0.0,0.0,0.0
103852,B,Mobile,Organic,New,0,0,0,0,0,0,0,0.0,0.0,0.0
103853,A,Desktop,Direct,New,0,0,0,0,0,0,1,0.0,0.0,0.0
103854,A,Mobile,Organic,New,0,1,0,0,0,0,0,0.0,0.0,0.0
103855,B,Desktop,Organic,New,0,1,0,0,0,0,1,0.0,0.0,0.0
103856,B,Mobile,Organic,New,0,1,0,0,0,0,0,0.0,0.0,0.0
103857,B,Mobile,Paid Search,New,0,0,0,0,0,0,0,0.0,0.0,0.0
103858,A,Mobile,Organic,New,0,1,0,0,0,0,1,0.0,0.0,0.0
103859,A,Mobile,Organic,New,0,1,0,0,0,0,0,0.0,0.0,0.0
103860,B,Mobile,Email,Returning,0,1,0,0,0,0,0,0.0,0.0,0.0
103861,A,Mobile,Direct,New,0,1,0,0,0,0,0,0.0,0.0,0.0
103862,B,Mobile,Direct,New,0,0,0,0,0,0,1,0.0,0.0,0.0
103863,B,Mobile,Paid Search,New,0,0,0,0,0,0,1,0.0,0.0,0.0
103864,B,Mobile,Social,New,0,1,0,0,0,0,0,0.0,0.0,0.0
103865,B,Mobile,Organic,Returning,0,1,1,0,0,0,0,0.0,0.0,0.0
103866,A,Mobile,Social,New,0,1,0,0,0,0,0,0.0,0.0,0.0
103867,B,Desktop,Social,New,0,1,0,0,0,0,0,0.0,0.0,0.0
103868,B,Mobile,Social,Returning,0,0,0,0,0,0,0,0.0,0.0,0.0
103869,B,Desktop,Organic,Returning,0,1,0,0,0,0,1,0.0,0.0,0.0
103870,A,Mobile,Email,New,0,0,0,0,0,0,0,0.0,0.0,0.0
103871,A,Mobile,Direct,New,0,1,1,1,0,0,0,0.0,0.0,0.0
103872,A,Tablet,Organic,New,0,1,0,0,0,0,0,0.0,0.0,0.0
103873,B,Mobile,Social,Returning,1,1,1,1,1,0,0,2760.0684732060076,0.0,2760.0684732060076
103874,B,Desktop,Organic,New,0,1,0,0,0,0,0,0.0,0.0,0.0
103875,A,Mobile,Paid Search,Returning,0,1,0,0,0,0,1,0.0,0.0,0.0
103876,B,Mobile,Organic,Returning,0,1,0,0,0,0,1,0.0,0.0,0.0
103877,B,Desktop,Paid Search,New,0,1,0,0,0,0,1,0.0,0.0,0.0
103878,A,Tablet,Paid Search,New,0,1,0,0,0,0,1,0.0,0.0,0.0
103879,A,Desktop,Organic,New,0,1,0,0,0,0,1,0.0,0.0,0.0
103880,A,Mobile,Social,New,0,0,0,0,0,0,0,0.0,0.0,0.0
103881,B,Mobile,Direct,New,1,1,0,0,0,0,0,0.0,0.0,0.0
103882,A,Desktop,Organic,Returning,0,1,0,0,0,0,0,0.0,0.0,0.0
103883,A,Desktop,Organic,Returning,0,1,0,0,0,0,1,0.0,0.0,0.0
103884,B,Mobile,Paid Search,New,0,1,0,0,0,0,0,0.0,0.0,0.0
103885,A,Mobile,Social,New,0,0,0,0,0,0,0,0.0,0.0,0.0
103886,A,Mobile,Organic,New,0,1,1,1,1,0,0,1313.586869043131,0.0,1313.586869043131
103887,B,Mobile,Organic,New,0,1,0,0,0,0,0,0.0,0.0,0.0
103888,B,Desktop,Organic,Returning,0,1,0,0,0,0,0,0.0,0.0,0.0
103889,A,Desktop,Organic,New,0,1,0,0,0,0,0,0.0,0.0,0.0
103890,B,Mobile,Organic,New,0,1,1,0,0,0,0,0.0,0.0,0.0
103891,A,Mobile,Paid Search,New,0,1,0,0,0,0,1,0.0,0.0,0.0
103892,B,Mobile,Direct,New,0,1,0,0,0,0,0,0.0,0.0,0.0
103893,A,Desktop,Organic,New,0,0,0,0,0,0,1,0.0,0.0,0.0
103894,A,Mobile,Paid Search,Returning,0,1,0,0,0,0,0,0.0,0.0,0.0
103895,B,Mobile,Social,New,0,1,0,0,0,0,1,0.0,0.0,0.0
103896,B,Mobile,Paid Search,New,0,1,1,1,1,0,0,3130.488335523837,0.0,3130.488335523837
103897,A,Mobile,Paid Search,New,0,1,0,0,0,0,1,0.0,0.0,0.0
103898,B,Mobile,Paid Search,New,1,1,0,0,0,0,0,0.0,0.0,0.0
103899,A,Mobile,Direct,Returning,0,1,0,0,0,0,0,0.0,0.0,0.0
103900,A,Mobile,Organic,New,0,1,0,0,0,0,1,0.0,0.0,0.0
103901,B,Mobile,Paid Search,Returning,1,1,0,0,0,0,0,0.0,0.0,0.0
103902,B,Desktop,Email,New,0,1,0,0,0,0,0,0.0,0.0,0.0
103903,B,Mobile,Direct,Returning,0,1,0,0,0,0,0,0.0,0.0,0.0
103904,A,Desktop,Organic,Returning,0,1,0,0,0,0,1,0.0,0.0,0.0
103905,A,Desktop,Social,New,0,1,0,0,0,0,0,0.0,0.0,0.0
103906,A,Desktop,Organic,New,0,0,0,0,0,0,0,0.0,0.0,0.0
103907,B,Desktop,Direct,Returning,0,1,1,1,1,0,1,2753.3312626831835,0.0,2753.3312626831835
103908,B,Mobile,Paid Search,New,0,1,0,0,0,0,0,0.0,0.0,0.0
103909,A,Mobile,Paid Search,New,0,1,0,0,0,0,0,0.0,0.0,0.0
103910,A,Mobile,Organic,New,0,1,0,0,0,0,0,0.0,0.0,0.0
103911,A,Desktop,Social,Returning,0,1,0,0,0,0,1,0.0,0.0,0.0
103912,A,Mobile,Organic,New,0,1,0,0,0,0,0,0.0,0.0,0.0
103913,A,Desktop,Paid Search,New,0,1,1,1,0,0,1,0.0,0.0,0.0
103914,B,Desktop,Social,New,0,1,0,0,0,0,0,0.0,0.0,0.0
103915,A,Mobile,Email,New,0,1,0,0,0,0,0,0.0,0.0,0.0
103916,A,Desktop,Social,Returning,0,1,0,0,0,0,0,0.0,0.0,0.0
103917,A,Mobile,Organic,Returning,0,1,0,0,0,0,1,0.0,0.0,0.0
103918,A,Tablet,Paid Search,New,0,1,0,0,0,0,0,0.0,0.0,0.0
103919,B,Mobile,Organic,New,0,0,0,0,0,0,1,0.0,0.0,0.0
103920,B,Mobile,Paid Search,New,0,1,1,1,1,0,1,2481.331944231534,0.0,2481.331944231534
103921,A,Mobile,Organic,Returning,0,0,0,0,0,0,0,0.0,0.0,0.0
103922,A,Desktop,Direct,New,0,1,0,0,0,0,0,0.0,0.0,0.0
103923,B,Mobile,Email,Returning,0,1,0,0,0,0,0,0.0,0.0,0.0
103924,A,Mobile,Paid Search,New,0,1,1,0,0,0,0,0.0,0.0,0.0
103925,A,Mobile,Social,New,0,1,0,0,0,0,1,0.0,0.0,0.0
103926,A,Desktop,Paid Search,Returning,0,1,1,1,1,0,1,2813.225541987162,0.0,2813.225541987162
103927,A,Mobile,Social,New,0,1,0,0,0,0,0,0.0,0.0,0.0
103928,B,Desktop,Email,New,0,1,0,0,0,0,0,0.0,0.0,0.0
103929,B,Desktop,Email,New,0,1,0,0,0,0,0,0.0,0.0,0.0
103930,A,Mobile,Organic,Returning,1,0,0,0,0,0,1,0.0,0.0,0.0
103931,A,Mobile,Paid Search,New,0,1,0,0,0,0,1,0.0,0.0,0.0
103932,A,Desktop,Email,New,0,0,0,0,0,0,1,0.0,0.0,0.0
103933,A,Mobile,Organic,New,0,1,0,0,0,0,0,0.0,0.0,0.0
103934,B,Desktop,Paid Search,Returning,0,1,0,0,0,0,1,0.0,0.0,0.0
103935,A,Mobile,Organic,New,0,1,0,0,0,0,1,0.0,0.0,0.0
103936,B,Mobile,Paid Search,New,0,1,1,1,1,0,0,3099.132849430557,0.0,3099.132849430557
103937,A,Mobile,Paid Search,New,0,1,1,1,0,0,0,0.0,0.0,0.0
103938,B,Mobile,Social,New,0,1,0,0,0,0,1,0.0,0.0,0.0
103939,B,Mobile,Organic,New,1,1,1,0,0,0,1,0.0,0.0,0.0
103940,B,Desktop,Paid Search,New,0,1,0,0,0,0,0,0.0,0.0,0.0
103941,B,Mobile,Social,New,0,0,0,0,0,0,0,0.0,0.0,0.0
103942,B,Mobile,Email,New,1,1,0,0,0,0,1,0.0,0.0,0.0
103943,A,Mobile,Social,New,0,1,0,0,0,0,1,0.0,0.0,0.0
103944,B,Desktop,Social,Returning,0,1,0,0,0,0,0,0.0,0.0,0.0
103945,A,Desktop,Organic,New,0,1,0,0,0,0,0,0.0,0.0,0.0
103946,A,Mobile,Direct,Returning,1,1,0,0,0,0,0,0.0,0.0,0.0
103947,B,Mobile,Social,New,0,1,0,0,0,0,0,0.0,0.0,0.0
103948,B,Mobile,Organic,New,0,1,0,0,0,0,0,0.0,0.0,0.0
103949,B,Mobile,Organic,New,0,1,0,0,0,0,0,0.0,0.0,0.0
103950,A,Mobile,Social,New,0,1,0,0,0,0,0,0.0,0.0,0.0
103951,A,Mobile,Social,New,0,1,0,0,0,0,1,0.0,0.0,0.0
103952,A,Mobile,Social,New,0,1,0,0,0,0,1,0.0,0.0,0.0
103953,B,Mobile,Paid Search,Returning,0,0,0,0,0,0,1,0.0,0.0,0.0
103954,A,Mobile,Direct,Returning,0,1,1,0,0,0,1,0.0,0.0,0.0
103955,B,Mobile,Organic,Returning,0,1,0,0,0,0,1,0.0,0.0,0.0
103956,A,Desktop,Organic,Returning,0,0,0,0,0,0,0,0.0,0.0,0.0
103957,A,Mobile,Paid Search,New,0,1,0,0,0,0,0,0.0,0.0,0.0
103958,B,Mobile,Email,New,0,1,0,0,0,0,0,0.0,0.0,0.0
103959,B,Mobile,Direct,New,0,1,1,0,0,0,0,0.0,0.0,0.0
103960,A,Mobile,Paid Search,New,1,1,0,0,0,0,0,0.0,0.0,0.0
103961,A,Desktop,Organic,Returning,0,1,0,0,0,0,1,0.0,0.0,0.0
103962,B,Desktop,Social,New,0,1,0,0,0,0,0,0.0,0.0,0.0
103963,A,Mobile,Email,Returning,0,1,0,0,0,0,0,0.0,0.0,0.0
103964,B,Mobile,Social,New,0,1,0,0,0,0,0,0.0,0.0,0.0
103965,B,Tablet,Organic,New,0,1,0,0,0,0,1,0.0,0.0,0.0
103966,B,Mobile,Paid Search,New,0,0,0,0,0,0,0,0.0,0.0,0.0
103967,A,Mobile,Social,New,0,1,0,0,0,0,0,0.0,0.0,0.0
103968,B,Mobile,Organic,Returning,0,1,0,0,0,0,0,0.0,0.0,0.0
103969,B,Desktop,Organic,Returning,0,1,0,0,0,0,0,0.0,0.0,0.0
103970,B,Tablet,Paid Search,New,0,1,1,0,0,0,0,0.0,0.0,0.0
103971,A,Mobile,Organic,New,0,1,0,0,0,0,0,0.0,0.0,0.0
103972,B,Mobile,Direct,New,0,1,0,0,0,0,0,0.0,0.0,0.0
103973,B,Desktop,Paid Search,New,0,1,0,0,0,0,1,0.0,0.0,0.0
103974,A,Desktop,Social,New,0,1,0,0,0,0,1,0.0,0.0,0.0
103975,A,Mobile,Direct,Returning,0,1,0,0,0,0,1,0.0,0.0,0.0
103976,A,Mobile,Organic,New,0,1,0,0,0,0,0,0.0,0.0,0.0
103977,A,Mobile,Email,New,0,1,0,0,0,0,1,0.0,0.0,0.0
103978,A,Mobile,Organic,New,0,1,0,0,0,0,0,0.0,0.0,0.0
103979,B,Mobile,Direct,New,0,1,0,0,0,0,0,0.0,0.0,0.0
103980,B,Mobile,Social,New,0,1,0,0,0,0,0,0.0,0.0,0.0
103981,A,Mobile,Organic,New,1,1,0,0,0,0,0,0.0,0.0,0.0
103982,A,Tablet,Organic,New,0,1,1,0,0,0,0,0.0,0.0,0.0
103983,B,Mobile,Social,New,0,1,0,0,0,0,0,0.0,0.0,0.0
103984,A,Mobile,Organic,Returning,0,0,0,0,0,0,1,0.0,0.0,0.0
103985,B,Mobile,Direct,New,0,1,0,0,0,0,1,0.0,0.0,0.0
103986,B,Mobile,Email,Returning,0,1,0,0,0,0,1,0.0,0.0,0.0
103987,A,Desktop,Direct,Returning,0,0,0,0,0,0,1,0.0,0.0,0.0
103988,B,Desktop,Organic,New,0,1,0,0,0,0,0,0.0,0.0,0.0
103989,A,Mobile,Email,New,1,1,0,0,0,0,0,0.0,0.0,0.0
103990,B,Desktop,Organic,New,0,1,0,0,0,0,0,0.0,0.0,0.0
103991,B,Desktop,Paid Search,New,0,0,0,0,0,0,0,0.0,0.0,0.0
103992,A,Desktop,Paid Search,Returning,0,1,0,0,0,0,0,0.0,0.0,0.0
103993,B,Desktop,Email,New,0,1,1,1,1,0,0,3219.184555221759,0.0,3219.184555221759
103994,A,Mobile,Direct,Returning,1,0,0,0,0,0,0,0.0,0.0,0.0
103995,A,Mobile,Paid Search,Returning,0,0,0,0,0,0,0,0.0,0.0,0.0
103996,A,Mobile,Organic,Returning,0,0,0,0,0,0,0,0.0,0.0,0.0
103997,A,Mobile,Social,Returning,1,1,0,0,0,0,0,0.0,0.0,0.0
103998,B,Mobile,Social,New,0,0,0,0,0,0,0,0.0,0.0,0.0
103999,B,Mobile,Email,New,0,1,0,0,0,0,0,0.0,0.0,0.0
104000,B,Mobile,Organic,New,0,1,0,0,0,0,1,0.0,0.0,0.0
104001,A,Mobile,Paid Search,Returning,1,0,0,0,0,0,1,0.0,0.0,0.0
104002,B,Mobile,Paid Search,New,0,1,1,1,1,0,0,2542.2203093204844,0.0,2542.2203093204844
104003,A,Mobile,Organic,Returning,0,1,0,0,0,0,0,0.0,0.0,0.0
104004,A,Tablet,Paid Search,New,0,1,0,0,0,0,1,0.0,0.0,0.0
104005,A,Mobile,Email,Returning,0,0,0,0,0,0,0,0.0,0.0,0.0
104006,B,Mobile,Social,New,0,1,0,0,0,0,0,0.0,0.0,0.0
104007,A,Mobile,Email,New,0,0,0,0,0,0,1,0.0,0.0,0.0
104008,A,Tablet,Social,New,0,1,0,0,0,0,1,0.0,0.0,0.0
104009,A,Mobile,Direct,Returning,1,1,0,0,0,0,0,0.0,0.0,0.0
104010,A,Mobile,Paid Search,New,1,1,1,1,1,0,0,3395.0317134650786,0.0,3395.0317134650786
104011,B,Mobile,Social,New,0,0,0,0,0,0,1,0.0,0.0,0.0
104012,B,Mobile,Social,Returning,0,1,1,1,1,0,1,2479.812014067301,0.0,2479.812014067301
104013,B,Mobile,Organic,New,0,1,0,0,0,0,1,0.0,0.0,0.0
104014,B,Mobile,Email,Returning,0,1,0,0,0,0,0,0.0,0.0,0.0
104015,B,Tablet,Direct,New,0,0,0,0,0,0,0,0.0,0.0,0.0
104016,A,Mobile,Paid Search,New,0,0,0,0,0,0,0,0.0,0.0,0.0
104017,B,Mobile,Paid Search,New,0,1,0,0,0,0,0,0.0,0.0,0.0
104018,A,Mobile,Social,Returning,0,1,0,0,0,0,0,0.0,0.0,0.0
104019,B,Mobile,Direct,New,0,1,0,0,0,0,0,0.0,0.0,0.0
104020,B,Mobile,Organic,New,1,1,0,0,0,0,0,0.0,0.0,0.0
104021,A,Mobile,Organic,Returning,0,0,0,0,0,0,0,0.0,0.0,0.0
104022,B,Desktop,Paid Search,Returning,0,1,0,0,0,0,1,0.0,0.0,0.0
104023,B,Mobile,Direct,New,0,1,1,1,1,0,1,2978.440075711489,0.0,2978.440075711489
104024,A,Desktop,Paid Search,New,0,1,0,0,0,0,0,0.0,0.0,0.0
104025,A,Desktop,Social,Returning,0,1,0,0,0,0,0,0.0,0.0,0.0
104026,A,Mobile,Email,Returning,0,1,1,1,1,0,0,3550.106362605779,0.0,3550.106362605779
104027,A,Tablet,Social,New,1,1,0,0,0,0,0,0.0,0.0,0.0
104028,A,Mobile,Organic,Returning,1,1,0,0,0,0,1,0.0,0.0,0.0
104029,A,Mobile,Social,New,1,1,0,0,0,0,0,0.0,0.0,0.0
104030,B,Mobile,Paid Search,Returning,0,1,1,1,1,0,0,2695.745489583154,0.0,2695.745489583154
104031,A,Mobile,Social,New,0,1,0,0,0,0,1,0.0,0.0,0.0
104032,B,Mobile,Social,New,0,1,1,1,1,0,0,4253.279812385263,0.0,4253.279812385263
104033,B,Tablet,Organic,New,0,1,1,0,0,0,1,0.0,0.0,0.0
104034,B,Desktop,Organic,New,0,1,1,1,1,1,0,1971.9957603992143,2093.2044616213866,4065.200222020601
104035,A,Mobile,Direct,Returning,0,1,0,0,0,0,0,0.0,0.0,0.0
104036,A,Mobile,Email,Returning,0,1,1,1,1,0,0,3366.2772805904983,0.0,3366.2772805904983
104037,A,Desktop,Social,New,0,1,1,0,0,0,0,0.0,0.0,0.0
104038,A,Mobile,Social,New,0,1,0,0,0,0,0,0.0,0.0,0.0
104039,B,Desktop,Paid Search,New,0,1,0,0,0,0,1,0.0,0.0,0.0
104040,B,Mobile,Email,New,0,1,0,0,0,0,1,0.0,0.0,0.0
104041,A,Desktop,Organic,New,0,1,0,0,0,0,0,0.0,0.0,0.0
104042,A,Mobile,Social,Returning,1,1,0,0,0,0,0,0.0,0.0,0.0
104043,A,Mobile,Direct,New,1,1,0,0,0,0,0,0.0,0.0,0.0
104044,B,Mobile,Email,New,0,1,0,0,0,0,0,0.0,0.0,0.0
104045,B,Mobile,Direct,New,0,1,0,0,0,0,1,0.0,0.0,0.0
104046,A,Tablet,Paid Search,New,0,1,0,0,0,0,0,0.0,0.0,0.0
104047,A,Mobile,Direct,New,0,1,0,0,0,0,1,0.0,0.0,0.0
104048,A,Mobile,Social,Returning,0,1,1,0,0,0,0,0.0,0.0,0.0
104049,B,Desktop,Email,Returning,0,1,0,0,0,0,0,0.0,0.0,0.0
104050,A,Desktop,Organic,New,0,1,0,0,0,0,0,0.0,0.0,0.0
104051,B,Mobile,Organic,New,0,1,0,0,0,0,0,0.0,0.0,0.0
104052,B,Desktop,Email,New,1,1,0,0,0,0,0,0.0,0.0,0.0
104053,A,Mobile,Social,New,0,1,0,0,0,0,0,0.0,0.0,0.0
104054,B,Mobile,Organic,New,1,1,0,0,0,0,0,0.0,0.0,0.0
104055,B,Mobile,Organic,New,0,1,0,0,0,0,0,0.0,0.0,0.0
104056,A,Mobile,Organic,Returning,0,1,0,0,0,0,0,0.0,0.0,0.0
104057,B,Desktop,Organic,New,0,0,0,0,0,0,0,0.0,0.0,0.0
104058,B,Mobile,Direct,New,0,1,0,0,0,0,0,0.0,0.0,0.0
104059,A,Desktop,Paid Search,New,0,1,0,0,0,0,0,0.0,0.0,0.0
104060,B,Mobile,Direct,New,1,1,1,0,0,0,0,0.0,0.0,0.0
104061,A,Mobile,Organic,New,0,0,0,0,0,0,0,0.0,0.0,0.0
104062,B,Mobile,Paid Search,New,0,1,0,0,0,0,0,0.0,0.0,0.0
104063,A,Mobile,Paid Search,New,0,1,0,0,0,0,1,0.0,0.0,0.0
104064,B,Desktop,Email,Returning,0,1,0,0,0,0,0,0.0,0.0,0.0
104065,B,Mobile,Organic,Returning,0,1,1,0,0,0,1,0.0,0.0,0.0
104066,A,Mobile,Paid Search,New,1,1,0,0,0,0,1,0.0,0.0,0.0
104067,A,Desktop,Organic,New,0,0,0,0,0,0,0,0.0,0.0,0.0
104068,B,Mobile,Email,New,0,0,0,0,0,0,0,0.0,0.0,0.0
104069,A,Mobile,Paid Search,New,0,0,0,0,0,0,0,0.0,0.0,0.0
104070,A,Desktop,Organic,New,0,1,1,0,0,0,0,0.0,0.0,0.0
104071,A,Mobile,Organic,New,0,1,0,0,0,0,0,0.0,0.0,0.0
104072,A,Tablet,Organic,New,0,1,0,0,0,0,1,0.0,0.0,0.0
104073,B,Desktop,Organic,New,0,1,0,0,0,0,0,0.0,0.0,0.0
104074,B,Mobile,Paid Search,New,0,1,0,0,0,0,0,0.0,0.0,0.0
104075,A,Mobile,Direct,New,0,1,0,0,0,0,0,0.0,0.0,0.0
104076,B,Mobile,Social,Returning,0,1,1,1,1,0,0,2928.1430068183786,0.0,2928.1430068183786
104077,B,Mobile,Organic,Returning,0,0,0,0,0,0,0,0.0,0.0,0.0
104078,B,Mobile,Organic,New,0,0,0,0,0,0,1,0.0,0.0,0.0
104079,A,Mobile,Organic,Returning,0,1,0,0,0,0,0,0.0,0.0,0.0
104080,A,Mobile,Email,New,0,1,0,0,0,0,0,0.0,0.0,0.0
104081,B,Tablet,Organic,Returning,0,1,0,0,0,0,0,0.0,0.0,0.0
104082,B,Mobile,Email,New,0,1,0,0,0,0,0,0.0,0.0,0.0
104083,B,Mobile,Email,New,0,1,0,0,0,0,1,0.0,0.0,0.0
104084,A,Mobile,Social,Returning,0,1,1,1,0,0,0,0.0,0.0,0.0
104085,A,Mobile,Paid Search,New,0,1,0,0,0,0,1,0.0,0.0,0.0
104086,A,Mobile,Organic,New,0,0,0,0,0,0,0,0.0,0.0,0.0
104087,A,Mobile,Social,New,0,0,0,0,0,0,1,0.0,0.0,0.0
104088,A,Desktop,Paid Search,New,1,1,0,0,0,0,0,0.0,0.0,0.0
104089,A,Desktop,Organic,New,0,1,1,0,0,0,1,0.0,0.0,0.0
104090,B,Desktop,Direct,New,0,1,0,0,0,0,0,0.0,0.0,0.0
104091,B,Mobile,Email,Returning,0,1,0,0,0,0,0,0.0,0.0,0.0
104092,A,Tablet,Organic,Returning,0,1,1,1,1,0,1,2377.144861386767,0.0,2377.144861386767
104093,A,Tablet,Paid Search,New,1,1,0,0,0,0,1,0.0,0.0,0.0
104094,B,Mobile,Social,New,0,1,0,0,0,0,0,0.0,0.0,0.0
104095,B,Desktop,Direct,Returning,0,1,1,0,0,0,1,0.0,0.0,0.0
104096,A,Desktop,Social,New,0,1,0,0,0,0,1,0.0,0.0,0.0
104097,A,Mobile,Organic,New,0,0,0,0,0,0,1,0.0,0.0,0.0
104098,B,Mobile,Social,New,0,1,0,0,0,0,0,0.0,0.0,0.0
104099,B,Mobile,Paid Search,New,0,1,0,0,0,0,0,0.0,0.0,0.0
104100,B,Mobile,Paid Search,Returning,1,0,0,0,0,0,0,0.0,0.0,0.0
104101,B,Desktop,Social,Returning,0,1,0,0,0,0,0,0.0,0.0,0.0
104102,A,Mobile,Direct,Returning,0,1,0,0,0,0,1,0.0,0.0,0.0
104103,B,Mobile,Organic,New,0,0,0,0,0,0,0,0.0,0.0,0.0
104104,B,Tablet,Paid Search,Returning,0,1,0,0,0,0,1,0.0,0.0,0.0
104105,A,Mobile,Social,New,0,1,0,0,0,0,1,0.0,0.0,0.0
104106,A,Desktop,Social,New,0,1,0,0,0,0,0,0.0,0.0,0.0
104107,B,Desktop,Email,New,0,1,0,0,0,0,1,0.0,0.0,0.0
104108,A,Mobile,Social,New,0,0,0,0,0,0,1,0.0,0.0,0.0
104109,A,Mobile,Organic,Returning,1,1,0,0,0,0,0,0.0,0.0,0.0
104110,A,Mobile,Paid Search,New,0,1,1,1,1,0,1,3501.4699656060334,0.0,3501.4699656060334
104111,A,Mobile,Paid Search,New,0,1,0,0,0,0,0,0.0,0.0,0.0
104112,B,Desktop,Social,Returning,0,0,0,0,0,0,0,0.0,0.0,0.0
104113,A,Desktop,Paid Search,Returning,0,1,1,0,0,0,1,0.0,0.0,0.0
104114,A,Mobile,Email,New,0,1,0,0,0,0,0,0.0,0.0,0.0
104115,B,Mobile,Email,New,0,0,0,0,0,0,0,0.0,0.0,0.0
104116,A,Mobile,Email,Returning,0,1,0,0,0,0,0,0.0,0.0,0.0
104117,A,Mobile,Social,New,0,1,0,0,0,0,0,0.0,0.0,0.0
104118,B,Mobile,Paid Search,New,0,1,0,0,0,0,1,0.0,0.0,0.0
104119,A,Desktop,Email,New,0,0,0,0,0,0,0,0.0,0.0,0.0
104120,A,Mobile,Organic,New,0,1,0,0,0,0,0,0.0,0.0,0.0
104121,A,Desktop,Paid Search,New,0,1,0,0,0,0,0,0.0,0.0,0.0
104122,A,Mobile,Organic,New,0,0,0,0,0,0,1,0.0,0.0,0.0
104123,B,Mobile,Direct,New,0,1,0,0,0,0,1,0.0,0.0,0.0
104124,B,Mobile,Social,New,0,1,0,0,0,0,0,0.0,0.0,0.0
104125,B,Tablet,Organic,New,0,1,0,0,0,0,1,0.0,0.0,0.0
104126,A,Mobile,Direct,New,0,0,0,0,0,0,1,0.0,0.0,0.0
104127,A,Desktop,Direct,Returning,0,1,0,0,0,0,0,0.0,0.0,0.0
104128,A,Mobile,Paid Search,Returning,0,1,1,1,1,1,0,2753.1288522028262,3416.5794660378547,6169.7083182406805
104129,A,Mobile,Paid Search,New,1,1,0,0,0,0,1,0.0,0.0,0.0
104130,B,Mobile,Organic,New,0,1,0,0,0,0,0,0.0,0.0,0.0
104131,B,Mobile,Email,New,0,0,0,0,0,0,0,0.0,0.0,0.0
104132,B,Mobile,Paid Search,New,0,1,0,0,0,0,1,0.0,0.0,0.0
104133,A,Mobile,Social,New,0,1,0,0,0,0,0,0.0,0.0,0.0
104134,A,Mobile,Social,New,0,1,0,0,0,0,0,0.0,0.0,0.0
104135,B,Mobile,Direct,New,0,1,0,0,0,0,0,0.0,0.0,0.0
104136,A,Mobile,Direct,Returning,0,1,0,0,0,0,0,0.0,0.0,0.0
104137,B,Mobile,Social,New,0,1,1,1,1,1,0,2083.084976327541,2389.456952405056,4472.541928732597
104138,A,Mobile,Organic,New,0,1,0,0,0,0,1,0.0,0.0,0.0
104139,A,Mobile,Social,Returning,1,1,0,0,0,0,0,0.0,0.0,0.0
104140,A,Tablet,Paid Search,New,0,1,0,0,0,0,1,0.0,0.0,0.0
104141,A,Mobile,Organic,New,0,1,0,0,0,0,1,0.0,0.0,0.0
104142,B,Desktop,Organic,New,0,1,0,0,0,0,1,0.0,0.0,0.0
104143,B,Desktop,Social,New,0,1,0,0,0,0,1,0.0,0.0,0.0
104144,A,Mobile,Organic,Returning,0,0,0,0,0,0,0,0.0,0.0,0.0
104145,A,Mobile,Email,New,0,0,0,0,0,0,0,0.0,0.0,0.0
104146,B,Mobile,Organic,New,0,0,0,0,0,0,1,0.0,0.0,0.0
104147,B,Mobile,Social,New,0,1,0,0,0,0,1,0.0,0.0,0.0
104148,A,Desktop,Paid Search,New,0,1,0,0,0,0,1,0.0,0.0,0.0
104149,A,Desktop,Email,New,0,0,0,0,0,0,1,0.0,0.0,0.0
104150,B,Mobile,Email,Returning,0,1,1,0,0,0,0,0.0,0.0,0.0
104151,B,Mobile,Organic,New,0,1,1,0,0,0,1,0.0,0.0,0.0
104152,A,Desktop,Organic,Returning,0,0,0,0,0,0,0,0.0,0.0,0.0
104153,A,Mobile,Social,New,0,1,0,0,0,0,0,0.0,0.0,0.0
104154,A,Mobile,Direct,New,0,1,0,0,0,0,1,0.0,0.0,0.0
104155,B,Mobile,Organic,New,1,1,0,0,0,0,1,0.0,0.0,0.0
104156,A,Mobile,Paid Search,New,0,1,0,0,0,0,0,0.0,0.0,0.0
104157,A,Mobile,Social,New,0,1,1,1,1,1,1,2988.5633807572613,3169.193767240785,6157.757147998046
104158,B,Mobile,Direct,Returning,0,1,0,0,0,0,0,0.0,0.0,0.0
104159,A,Mobile,Paid Search,New,0,0,0,0,0,0,0,0.0,0.0,0.0
104160,A,Mobile,Email,Returning,0,1,0,0,0,0,0,0.0,0.0,0.0
104161,A,Mobile,Paid Search,New,0,1,0,0,0,0,0,0.0,0.0,0.0
104162,B,Desktop,Paid Search,New,0,1,1,1,1,0,0,2482.6970967286766,0.0,2482.6970967286766
104163,A,Mobile,Social,New,0,0,0,0,0,0,1,0.0,0.0,0.0
104164,A,Mobile,Social,Returning,0,0,0,0,0,0,1,0.0,0.0,0.0
104165,A,Mobile,Organic,New,0,1,1,1,1,0,0,1886.9014319246307,0.0,1886.9014319246307
104166,A,Mobile,Organic,New,1,0,0,0,0,0,1,0.0,0.0,0.0
104167,A,Desktop,Direct,Returning,0,1,0,0,0,0,0,0.0,0.0,0.0
104168,A,Tablet,Social,New,0,1,0,0,0,0,0,0.0,0.0,0.0
104169,A,Mobile,Organic,New,0,1,0,0,0,0,1,0.0,0.0,0.0
104170,A,Mobile,Organic,Returning,0,1,1,1,1,0,0,2264.8015170732137,0.0,2264.8015170732137
104171,B,Mobile,Direct,New,0,1,0,0,0,0,0,0.0,0.0,0.0
104172,B,Mobile,Email,New,0,1,0,0,0,0,0,0.0,0.0,0.0
104173,B,Mobile,Paid Search,New,0,1,0,0,0,0,0,0.0,0.0,0.0
104174,A,Mobile,Direct,New,0,0,0,0,0,0,0,0.0,0.0,0.0
104175,A,Mobile,Organic,Returning,0,1,0,0,0,0,1,0.0,0.0,0.0
104176,A,Desktop,Direct,New,0,0,0,0,0,0,1,0.0,0.0,0.0
104177,A,Mobile,Social,Returning,0,1,0,0,0,0,1,0.0,0.0,0.0
104178,B,Mobile,Paid Search,New,1,0,0,0,0,0,1,0.0,0.0,0.0
104179,A,Mobile,Organic,New,0,1,0,0,0,0,0,0.0,0.0,0.0
104180,A,Mobile,Organic,Returning,0,1,1,0,0,0,0,0.0,0.0,0.0
104181,A,Mobile,Organic,Returning,0,1,1,1,0,0,1,0.0,0.0,0.0
104182,A,Mobile,Paid Search,New,1,0,0,0,0,0,0,0.0,0.0,0.0
104183,A,Mobile,Organic,Returning,0,1,0,0,0,0,1,0.0,0.0,0.0
104184,A,Mobile,Paid Search,New,0,1,1,0,0,0,1,0.0,0.0,0.0
104185,B,Desktop,Direct,New,0,0,0,0,0,0,0,0.0,0.0,0.0
104186,B,Desktop,Email,New,0,1,0,0,0,0,1,0.0,0.0,0.0
104187,A,Desktop,Direct,New,0,1,1,1,1,1,0,3497.393354570464,3269.9611091842326,6767.354463754697
104188,A,Mobile,Email,New,0,1,0,0,0,0,1,0.0,0.0,0.0
104189,A,Mobile,Paid Search,New,0,1,1,1,0,0,1,0.0,0.0,0.0
104190,A,Mobile,Organic,New,0,1,1,0,0,0,1,0.0,0.0,0.0
104191,A,Mobile,Direct,New,1,1,0,0,0,0,0,0.0,0.0,0.0
104192,A,Mobile,Social,Returning,0,1,0,0,0,0,0,0.0,0.0,0.0
104193,B,Mobile,Paid Search,New,0,1,1,0,0,0,0,0.0,0.0,0.0
104194,B,Mobile,Email,Returning,0,1,0,0,0,0,0,0.0,0.0,0.0
104195,B,Desktop,Email,Returning,0,0,0,0,0,0,1,0.0,0.0,0.0
104196,A,Tablet,Paid Search,New,0,1,0,0,0,0,0,0.0,0.0,0.0
104197,A,Mobile,Paid Search,New,0,1,0,0,0,0,0,0.0,0.0,0.0
104198,B,Desktop,Direct,New,0,1,0,0,0,0,1,0.0,0.0,0.0
104199,A,Mobile,Paid Search,New,0,1,0,0,0,0,0,0.0,0.0,0.0
104200,A,Mobile,Direct,New,0,1,0,0,0,0,1,0.0,0.0,0.0
104201,A,Mobile,Email,New,0,1,0,0,0,0,0,0.0,0.0,0.0
104202,A,Desktop,Organic,New,0,1,0,0,0,0,1,0.0,0.0,0.0
104203,B,Mobile,Organic,New,0,1,0,0,0,0,1,0.0,0.0,0.0
104204,A,Mobile,Organic,Returning,0,0,0,0,0,0,0,0.0,0.0,0.0
104205,B,Desktop,Direct,Returning,0,1,0,0,0,0,1,0.0,0.0,0.0
104206,B,Mobile,Social,New,1,1,1,1,1,0,1,3709.4741092702834,0.0,3709.4741092702834
104207,A,Mobile,Organic,New,0,1,1,1,1,0,1,3631.3531397297,0.0,3631.3531397297
104208,B,Mobile,Paid Search,New,0,1,0,0,0,0,0,0.0,0.0,0.0
104209,B,Mobile,Paid Search,New,0,1,0,0,0,0,1,0.0,0.0,0.0
104210,B,Mobile,Direct,New,0,0,0,0,0,0,0,0.0,0.0,0.0
104211,A,Desktop,Organic,New,0,1,0,0,0,0,1,0.0,0.0,0.0
104212,A,Desktop,Organic,New,0,1,0,0,0,0,1,0.0,0.0,0.0
104213,B,Mobile,Paid Search,New,0,1,0,0,0,0,0,0.0,0.0,0.0
104214,B,Mobile,Organic,New,0,1,0,0,0,0,0,0.0,0.0,0.0
104215,A,Desktop,Email,Returning,0,0,0,0,0,0,0,0.0,0.0,0.0
104216,A,Mobile,Social,New,0,1,0,0,0,0,0,0.0,0.0,0.0
104217,B,Mobile,Social,New,1,1,1,1,1,1,0,2056.227580855608,2057.178336584695,4113.405917440303
104218,A,Mobile,Paid Search,Returning,0,1,0,0,0,0,1,0.0,0.0,0.0
104219,B,Mobile,Paid Search,Returning,0,0,0,0,0,0,1,0.0,0.0,0.0
104220,A,Mobile,Organic,Returning,0,0,0,0,0,0,0,0.0,0.0,0.0
104221,B,Mobile,Direct,New,0,1,1,1,1,0,0,2772.841101205494,0.0,2772.841101205494
104222,B,Mobile,Social,New,0,1,0,0,0,0,0,0.0,0.0,0.0
104223,B,Desktop,Direct,New,0,1,0,0,0,0,1,0.0,0.0,0.0
104224,B,Mobile,Organic,New,0,1,0,0,0,0,1,0.0,0.0,0.0
104225,B,Desktop,Paid Search,New,0,1,0,0,0,0,0,0.0,0.0,0.0
104226,B,Mobile,Social,New,0,1,0,0,0,0,0,0.0,0.0,0.0
104227,B,Desktop,Paid Search,New,0,1,1,0,0,0,0,0.0,0.0,0.0
104228,B,Desktop,Paid Search,New,0,1,0,0,0,0,0,0.0,0.0,0.0
104229,B,Desktop,Social,New,0,1,0,0,0,0,0,0.0,0.0,0.0
104230,B,Desktop,Direct,New,0,1,0,0,0,0,0,0.0,0.0,0.0
104231,A,Mobile,Organic,New,1,1,0,0,0,0,0,0.0,0.0,0.0
104232,A,Mobile,Paid Search,Returning,1,1,0,0,0,0,0,0.0,0.0,0.0
104233,B,Tablet,Organic,New,0,0,0,0,0,0,0,0.0,0.0,0.0
104234,B,Mobile,Organic,New,0,0,0,0,0,0,1,0.0,0.0,0.0
104235,B,Desktop,Organic,New,0,1,0,0,0,0,0,0.0,0.0,0.0
104236,B,Mobile,Organic,New,0,1,0,0,0,0,0,0.0,0.0,0.0
104237,B,Mobile,Organic,Returning,0,1,0,0,0,0,1,0.0,0.0,0.0
104238,B,Mobile,Paid Search,New,0,1,1,1,1,0,1,4429.48479823648,0.0,4429.48479823648
104239,B,Tablet,Direct,Returning,0,1,0,0,0,0,1,0.0,0.0,0.0
104240,A,Mobile,Direct,Returning,0,0,0,0,0,0,0,0.0,0.0,0.0
104241,B,Mobile,Organic,New,1,1,0,0,0,0,0,0.0,0.0,0.0
104242,B,Mobile,Organic,New,0,1,0,0,0,0,0,0.0,0.0,0.0
104243,A,Desktop,Direct,New,0,1,0,0,0,0,0,0.0,0.0,0.0
104244,A,Desktop,Paid Search,Returning,0,1,0,0,0,0,0,0.0,0.0,0.0
104245,A,Desktop,Paid Search,New,1,1,0,0,0,0,0,0.0,0.0,0.0
104246,B,Desktop,Paid Search,Returning,0,1,0,0,0,0,1,0.0,0.0,0.0
104247,B,Desktop,Direct,Returning,0,0,0,0,0,0,0,0.0,0.0,0.0
104248,B,Desktop,Direct,New,0,1,0,0,0,0,1,0.0,0.0,0.0
104249,A,Mobile,Direct,New,0,1,1,0,0,0,0,0.0,0.0,0.0
104250,B,Mobile,Social,New,0,1,1,0,0,0,0,0.0,0.0,0.0
104251,B,Mobile,Social,New,1,1,0,0,0,0,0,0.0,0.0,0.0
104252,A,Mobile,Organic,New,0,1,0,0,0,0,1,0.0,0.0,0.0
104253,B,Mobile,Paid Search,New,0,1,0,0,0,0,0,0.0,0.0,0.0
104254,A,Mobile,Organic,New,0,1,1,0,0,0,1,0.0,0.0,0.0
104255,A,Mobile,Paid Search,New,1,0,0,0,0,0,0,0.0,0.0,0.0
104256,A,Mobile,Organic,New,0,1,1,1,1,0,1,3131.4707517945085,0.0,3131.4707517945085
104257,B,Mobile,Direct,New,0,0,0,0,0,0,0,0.0,0.0,0.0
104258,B,Desktop,Direct,New,0,1,0,0,0,0,1,0.0,0.0,0.0
104259,A,Desktop,Social,New,0,0,0,0,0,0,1,0.0,0.0,0.0
104260,A,Mobile,Paid Search,New,0,1,0,0,0,0,0,0.0,0.0,0.0
104261,B,Desktop,Email,New,0,1,0,0,0,0,0,0.0,0.0,0.0
104262,A,Mobile,Paid Search,New,0,1,0,0,0,0,0,0.0,0.0,0.0
104263,B,Mobile,Paid Search,New,0,1,0,0,0,0,0,0.0,0.0,0.0
104264,B,Desktop,Email,New,0,1,0,0,0,0,1,0.0,0.0,0.0
104265,B,Tablet,Organic,Returning,0,1,0,0,0,0,0,0.0,0.0,0.0
104266,A,Desktop,Social,New,0,1,0,0,0,0,1,0.0,0.0,0.0
104267,B,Desktop,Organic,New,0,1,1,0,0,0,0,0.0,0.0,0.0
104268,A,Desktop,Paid Search,New,0,1,0,0,0,0,0,0.0,0.0,0.0
104269,A,Mobile,Paid Search,New,0,1,0,0,0,0,1,0.0,0.0,0.0
104270,B,Desktop,Direct,New,0,1,0,0,0,0,1,0.0,0.0,0.0
104271,A,Mobile,Email,New,0,1,0,0,0,0,0,0.0,0.0,0.0
104272,A,Desktop,Organic,Returning,0,1,1,1,1,0,1,1706.2965358728588,0.0,1706.2965358728588
104273,B,Desktop,Organic,New,0,0,0,0,0,0,1,0.0,0.0,0.0
104274,B,Mobile,Organic,New,0,1,1,0,0,0,0,0.0,0.0,0.0
104275,A,Mobile,Social,New,1,1,1,1,0,0,1,0.0,0.0,0.0
104276,A,Desktop,Email,Returning,1,1,0,0,0,0,0,0.0,0.0,0.0
104277,B,Mobile,Paid Search,New,0,1,0,0,0,0,0,0.0,0.0,0.0
104278,B,Mobile,Email,New,0,1,1,0,0,0,1,0.0,0.0,0.0
104279,B,Mobile,Organic,New,0,1,0,0,0,0,1,0.0,0.0,0.0
104280,B,Mobile,Email,New,0,1,0,0,0,0,0,0.0,0.0,0.0
104281,A,Mobile,Social,New,0,0,0,0,0,0,1,0.0,0.0,0.0
104282,A,Desktop,Email,New,0,1,0,0,0,0,0,0.0,0.0,0.0
104283,B,Mobile,Organic,New,0,1,0,0,0,0,0,0.0,0.0,0.0
104284,B,Mobile,Organic,New,0,1,0,0,0,0,1,0.0,0.0,0.0
104285,B,Desktop,Paid Search,Returning,0,1,0,0,0,0,1,0.0,0.0,0.0
104286,A,Mobile,Email,New,0,1,0,0,0,0,0,0.0,0.0,0.0
104287,B,Mobile,Organic,New,0,1,0,0,0,0,0,0.0,0.0,0.0
104288,B,Desktop,Organic,New,0,1,0,0,0,0,0,0.0,0.0,0.0
104289,B,Desktop,Organic,New,0,1,0,0,0,0,0,0.0,0.0,0.0
104290,B,Desktop,Paid Search,New,0,1,1,0,0,0,0,0.0,0.0,0.0
104291,A,Mobile,Direct,New,0,1,0,0,0,0,0,0.0,0.0,0.0
104292,B,Mobile,Paid Search,New,1,1,1,0,0,0,0,0.0,0.0,0.0
104293,A,Desktop,Organic,Returning,0,1,0,0,0,0,1,0.0,0.0,0.0
104294,B,Mobile,Paid Search,Returning,0,1,0,0,0,0,1,0.0,0.0,0.0
104295,A,Mobile,Paid Search,New,0,1,1,1,1,0,0,3793.0792182742935,0.0,3793.0792182742935
104296,B,Mobile,Organic,New,0,1,0,0,0,0,1,0.0,0.0,0.0
104297,B,Desktop,Organic,New,0,0,0,0,0,0,1,0.0,0.0,0.0
104298,A,Mobile,Organic,Returning,0,1,0,0,0,0,1,0.0,0.0,0.0
104299,A,Mobile,Organic,New,0,1,0,0,0,0,0,0.0,0.0,0.0
104300,A,Tablet,Organic,New,0,0,0,0,0,0,0,0.0,0.0,0.0
104301,B,Mobile,Email,New,0,0,0,0,0,0,0,0.0,0.0,0.0
104302,A,Mobile,Paid Search,Returning,0,1,0,0,0,0,1,0.0,0.0,0.0
104303,B,Desktop,Organic,New,0,1,0,0,0,0,0,0.0,0.0,0.0
104304,A,Desktop,Paid Search,New,1,1,0,0,0,0,0,0.0,0.0,0.0
104305,A,Mobile,Direct,New,0,0,0,0,0,0,0,0.0,0.0,0.0
104306,A,Mobile,Organic,New,0,1,0,0,0,0,0,0.0,0.0,0.0
104307,B,Desktop,Paid Search,New,0,1,1,0,0,0,1,0.0,0.0,0.0
104308,A,Mobile,Paid Search,Returning,0,1,0,0,0,0,0,0.0,0.0,0.0
104309,A,Mobile,Paid Search,New,0,0,0,0,0,0,0,0.0,0.0,0.0
104310,A,Mobile,Paid Search,Returning,0,1,0,0,0,0,1,0.0,0.0,0.0
104311,B,Tablet,Email,Returning,0,1,0,0,0,0,0,0.0,0.0,0.0
104312,A,Desktop,Email,New,0,0,0,0,0,0,0,0.0,0.0,0.0
104313,A,Desktop,Paid Search,New,1,1,0,0,0,0,0,0.0,0.0,0.0
104314,A,Mobile,Social,New,0,1,1,0,0,0,0,0.0,0.0,0.0
104315,B,Mobile,Organic,New,0,1,1,1,1,1,0,3166.4373268187587,3418.473529503987,6584.9108563227455
104316,A,Mobile,Social,Returning,0,1,0,0,0,0,0,0.0,0.0,0.0
104317,A,Desktop,Email,New,0,1,0,0,0,0,0,0.0,0.0,0.0
104318,A,Tablet,Organic,New,0,1,0,0,0,0,0,0.0,0.0,0.0
104319,B,Desktop,Social,New,0,1,1,1,1,1,0,2395.0083154000886,1998.3376882735583,4393.346003673647
104320,A,Mobile,Organic,Returning,1,1,1,0,0,0,0,0.0,0.0,0.0
104321,A,Mobile,Email,New,1,1,0,0,0,0,0,0.0,0.0,0.0
104322,A,Desktop,Paid Search,Returning,0,0,0,0,0,0,0,0.0,0.0,0.0
104323,A,Desktop,Organic,New,0,1,1,0,0,0,0,0.0,0.0,0.0
104324,A,Mobile,Direct,New,0,0,0,0,0,0,0,0.0,0.0,0.0
104325,A,Desktop,Organic,New,0,1,0,0,0,0,0,0.0,0.0,0.0
104326,B,Desktop,Paid Search,Returning,1,1,0,0,0,0,0,0.0,0.0,0.0
104327,A,Desktop,Organic,Returning,1,0,0,0,0,0,0,0.0,0.0,0.0
104328,A,Mobile,Direct,New,1,0,0,0,0,0,0,0.0,0.0,0.0
104329,B,Mobile,Email,New,0,1,0,0,0,0,0,0.0,0.0,0.0
104330,B,Desktop,Organic,New,0,1,1,1,1,0,0,2464.613246626778,0.0,2464.613246626778
104331,A,Mobile,Email,Returning,0,1,0,0,0,0,0,0.0,0.0,0.0
104332,A,Desktop,Organic,New,0,1,0,0,0,0,0,0.0,0.0,0.0
104333,A,Mobile,Paid Search,New,0,1,1,1,1,0,0,2991.655681454164,0.0,2991.655681454164
104334,B,Desktop,Email,New,1,1,0,0,0,0,0,0.0,0.0,0.0
104335,A,Tablet,Paid Search,Returning,0,1,0,0,0,0,1,0.0,0.0,0.0
104336,A,Mobile,Organic,Returning,1,0,0,0,0,0,0,0.0,0.0,0.0
104337,A,Tablet,Paid Search,New,0,1,0,0,0,0,0,0.0,0.0,0.0
104338,A,Mobile,Social,New,0,0,0,0,0,0,1,0.0,0.0,0.0
104339,B,Mobile,Email,Returning,0,1,0,0,0,0,0,0.0,0.0,0.0
104340,A,Mobile,Paid Search,New,0,0,0,0,0,0,0,0.0,0.0,0.0
104341,A,Mobile,Organic,Returning,0,1,0,0,0,0,1,0.0,0.0,0.0
104342,A,Mobile,Direct,Returning,0,1,1,0,0,0,0,0.0,0.0,0.0
104343,B,Mobile,Social,New,0,1,0,0,0,0,0,0.0,0.0,0.0
104344,A,Desktop,Social,New,0,1,0,0,0,0,0,0.0,0.0,0.0
104345,B,Tablet,Paid Search,New,0,1,0,0,0,0,0,0.0,0.0,0.0
104346,B,Mobile,Paid Search,New,0,1,0,0,0,0,1,0.0,0.0,0.0
104347,A,Desktop,Paid Search,New,0,1,1,0,0,0,0,0.0,0.0,0.0
104348,B,Mobile,Organic,New,0,1,0,0,0,0,0,0.0,0.0,0.0
104349,B,Desktop,Social,Returning,0,0,0,0,0,0,0,0.0,0.0,0.0
104350,B,Desktop,Social,New,0,0,0,0,0,0,0,0.0,0.0,0.0
104351,B,Desktop,Email,New,0,1,0,0,0,0,0,0.0,0.0,0.0
104352,A,Mobile,Direct,New,0,1,1,0,0,0,0,0.0,0.0,0.0
104353,A,Mobile,Organic,New,0,1,0,0,0,0,0,0.0,0.0,0.0
104354,B,Mobile,Email,Returning,1,1,1,1,0,0,0,0.0,0.0,0.0
104355,B,Desktop,Paid Search,New,0,1,0,0,0,0,0,0.0,0.0,0.0
104356,B,Mobile,Social,New,0,1,0,0,0,0,0,0.0,0.0,0.0
104357,A,Mobile,Organic,New,0,1,0,0,0,0,1,0.0,0.0,0.0
104358,A,Mobile,Email,New,0,1,0,0,0,0,0,0.0,0.0,0.0
104359,B,Desktop,Social,Returning,1,1,0,0,0,0,0,0.0,0.0,0.0
104360,B,Mobile,Social,New,0,1,0,0,0,0,0,0.0,0.0,0.0
104361,A,Mobile,Direct,New,0,1,0,0,0,0,1,0.0,0.0,0.0
104362,A,Mobile,Organic,New,1,1,0,0,0,0,1,0.0,0.0,0.0
104363,A,Mobile,Paid Search,New,0,1,1,0,0,0,0,0.0,0.0,0.0
104364,A,Mobile,Paid Search,New,0,1,0,0,0,0,0,0.0,0.0,0.0
104365,A,Mobile,Email,Returning,0,1,0,0,0,0,1,0.0,0.0,0.0
104366,B,Mobile,Organic,New,0,1,0,0,0,0,1,0.0,0.0,0.0
104367,B,Mobile,Email,New,0,0,0,0,0,0,1,0.0,0.0,0.0
104368,B,Mobile,Direct,New,0,1,0,0,0,0,0,0.0,0.0,0.0
104369,B,Mobile,Social,Returning,0,0,0,0,0,0,1,0.0,0.0,0.0
104370,A,Desktop,Organic,New,0,1,0,0,0,0,0,0.0,0.0,0.0
104371,B,Mobile,Direct,New,0,1,0,0,0,0,0,0.0,0.0,0.0
104372,A,Desktop,Paid Search,New,0,1,0,0,0,0,0,0.0,0.0,0.0
104373,B,Mobile,Social,Returning,0,1,0,0,0,0,0,0.0,0.0,0.0
104374,A,Tablet,Organic,New,0,1,0,0,0,0,0,0.0,0.0,0.0
104375,B,Mobile,Social,Returning,0,1,0,0,0,0,0,0.0,0.0,0.0
104376,B,Mobile,Paid Search,New,0,0,0,0,0,0,0,0.0,0.0,0.0
104377,A,Desktop,Organic,New,0,1,0,0,0,0,0,0.0,0.0,0.0
104378,A,Mobile,Social,New,0,0,0,0,0,0,1,0.0,0.0,0.0
104379,A,Mobile,Organic,Returning,0,1,0,0,0,0,1,0.0,0.0,0.0
104380,A,Mobile,Social,New,0,1,0,0,0,0,0,0.0,0.0,0.0
104381,B,Desktop,Social,New,0,1,1,0,0,0,1,0.0,0.0,0.0
104382,A,Mobile,Email,Returning,0,1,0,0,0,0,0,0.0,0.0,0.0
104383,A,Desktop,Paid Search,Returning,0,1,0,0,0,0,0,0.0,0.0,0.0
104384,A,Mobile,Email,Returning,0,0,0,0,0,0,0,0.0,0.0,0.0
104385,B,Desktop,Paid Search,New,1,0,0,0,0,0,1,0.0,0.0,0.0
104386,A,Mobile,Paid Search,New,0,1,1,0,0,0,1,0.0,0.0,0.0
104387,B,Mobile,Organic,New,1,1,1,1,1,0,0,2222.4483088649636,0.0,2222.4483088649636
104388,B,Mobile,Paid Search,New,0,1,0,0,0,0,0,0.0,0.0,0.0
104389,A,Mobile,Organic,New,0,1,0,0,0,0,1,0.0,0.0,0.0
104390,B,Mobile,Social,New,0,1,0,0,0,0,0,0.0,0.0,0.0
104391,A,Mobile,Social,New,0,1,0,0,0,0,0,0.0,0.0,0.0
104392,B,Desktop,Organic,New,0,1,0,0,0,0,0,0.0,0.0,0.0
104393,B,Desktop,Paid Search,New,0,1,0,0,0,0,0,0.0,0.0,0.0
104394,A,Mobile,Social,New,0,1,0,0,0,0,0,0.0,0.0,0.0
104395,A,Mobile,Organic,New,0,1,0,0,0,0,1,0.0,0.0,0.0
104396,B,Desktop,Social,Returning,0,0,0,0,0,0,0,0.0,0.0,0.0
104397,B,Tablet,Direct,Returning,0,1,0,0,0,0,1,0.0,0.0,0.0
104398,A,Mobile,Paid Search,New,0,1,0,0,0,0,0,0.0,0.0,0.0
104399,A,Mobile,Direct,New,0,1,0,0,0,0,0,0.0,0.0,0.0
104400,B,Mobile,Social,Returning,0,0,0,0,0,0,0,0.0,0.0,0.0
104401,A,Mobile,Organic,Returning,0,1,0,0,0,0,0,0.0,0.0,0.0
104402,B,Mobile,Paid Search,New,1,1,0,0,0,0,0,0.0,0.0,0.0
104403,B,Tablet,Organic,Returning,0,1,0,0,0,0,0,0.0,0.0,0.0
104404,B,Mobile,Organic,New,0,1,0,0,0,0,1,0.0,0.0,0.0
104405,B,Mobile,Organic,New,0,1,0,0,0,0,0,0.0,0.0,0.0
104406,A,Mobile,Organic,Returning,0,1,0,0,0,0,1,0.0,0.0,0.0
104407,B,Desktop,Paid Search,Returning,0,0,0,0,0,0,0,0.0,0.0,0.0
104408,A,Mobile,Email,New,0,1,0,0,0,0,1,0.0,0.0,0.0
104409,A,Mobile,Organic,New,0,1,0,0,0,0,1,0.0,0.0,0.0
104410,B,Mobile,Direct,New,0,1,0,0,0,0,0,0.0,0.0,0.0
104411,A,Mobile,Social,Returning,0,1,0,0,0,0,1,0.0,0.0,0.0
104412,A,Desktop,Direct,Returning,0,1,1,1,1,0,0,2280.454753632362,0.0,2280.454753632362
104413,A,Mobile,Paid Search,Returning,0,1,0,0,0,0,0,0.0,0.0,0.0
104414,B,Mobile,Organic,New,0,1,0,0,0,0,0,0.0,0.0,0.0
104415,A,Desktop,Email,New,0,0,0,0,0,0,1,0.0,0.0,0.0
104416,A,Desktop,Direct,Returning,0,0,0,0,0,0,0,0.0,0.0,0.0
104417,B,Desktop,Direct,New,0,1,0,0,0,0,0,0.0,0.0,0.0
104418,B,Mobile,Direct,Returning,0,1,1,1,0,0,1,0.0,0.0,0.0
104419,B,Mobile,Paid Search,New,0,0,0,0,0,0,0,0.0,0.0,0.0
104420,A,Mobile,Paid Search,New,0,1,0,0,0,0,0,0.0,0.0,0.0
104421,A,Mobile,Direct,Returning,0,1,0,0,0,0,0,0.0,0.0,0.0
104422,B,Mobile,Direct,Returning,0,1,0,0,0,0,0,0.0,0.0,0.0
104423,B,Mobile,Paid Search,Returning,0,0,0,0,0,0,1,0.0,0.0,0.0
104424,B,Mobile,Paid Search,New,0,1,1,0,0,0,0,0.0,0.0,0.0
104425,A,Mobile,Paid Search,New,0,1,0,0,0,0,1,0.0,0.0,0.0
104426,B,Desktop,Email,Returning,1,1,0,0,0,0,1,0.0,0.0,0.0
104427,A,Mobile,Social,New,0,1,0,0,0,0,1,0.0,0.0,0.0
104428,A,Mobile,Organic,Returning,0,1,0,0,0,0,1,0.0,0.0,0.0
104429,B,Desktop,Paid Search,New,0,1,0,0,0,0,0,0.0,0.0,0.0
104430,B,Desktop,Paid Search,Returning,0,1,0,0,0,0,0,0.0,0.0,0.0
104431,A,Desktop,Social,New,0,0,0,0,0,0,0,0.0,0.0,0.0
104432,A,Mobile,Direct,New,0,1,0,0,0,0,1,0.0,0.0,0.0
104433,B,Mobile,Organic,New,0,0,0,0,0,0,0,0.0,0.0,0.0
104434,B,Mobile,Organic,New,0,1,0,0,0,0,0,0.0,0.0,0.0
104435,A,Mobile,Organic,Returning,0,1,1,0,0,0,0,0.0,0.0,0.0
104436,A,Mobile,Organic,New,0,1,0,0,0,0,1,0.0,0.0,0.0
104437,A,Mobile,Organic,New,0,1,0,0,0,0,1,0.0,0.0,0.0
104438,A,Desktop,Organic,New,0,1,1,1,1,0,1,1097.3548777761764,0.0,1097.3548777761764
104439,B,Desktop,Email,New,0,1,0,0,0,0,0,0.0,0.0,0.0
104440,B,Mobile,Email,Returning,0,0,0,0,0,0,1,0.0,0.0,0.0
104441,A,Mobile,Paid Search,New,0,1,0,0,0,0,0,0.0,0.0,0.0
104442,B,Desktop,Organic,Returning,0,0,0,0,0,0,0,0.0,0.0,0.0
104443,A,Mobile,Paid Search,New,0,1,1,1,0,0,1,0.0,0.0,0.0
104444,B,Mobile,Organic,Returning,0,1,0,0,0,0,1,0.0,0.0,0.0
104445,B,Mobile,Organic,New,0,1,0,0,0,0,1,0.0,0.0,0.0
104446,B,Mobile,Direct,New,1,1,0,0,0,0,0,0.0,0.0,0.0
104447,B,Mobile,Social,New,0,1,1,1,1,0,1,3371.51784275327,0.0,3371.51784275327
104448,B,Mobile,Social,New,0,1,0,0,0,0,0,0.0,0.0,0.0
104449,A,Mobile,Email,Returning,0,1,0,0,0,0,0,0.0,0.0,0.0
104450,A,Mobile,Organic,Returning,0,1,1,0,0,0,1,0.0,0.0,0.0
104451,A,Mobile,Direct,New,0,1,1,0,0,0,0,0.0,0.0,0.0
104452,B,Mobile,Direct,Returning,0,0,0,0,0,0,1,0.0,0.0,0.0
104453,B,Desktop,Social,New,0,1,1,1,1,0,1,1801.3214528531885,0.0,1801.3214528531885
104454,A,Mobile,Paid Search,New,0,1,0,0,0,0,0,0.0,0.0,0.0
104455,A,Mobile,Direct,New,0,1,0,0,0,0,0,0.0,0.0,0.0
104456,A,Mobile,Social,New,0,1,0,0,0,0,0,0.0,0.0,0.0
104457,A,Mobile,Direct,New,0,0,0,0,0,0,0,0.0,0.0,0.0
104458,A,Mobile,Paid Search,New,0,0,0,0,0,0,0,0.0,0.0,0.0
104459,A,Desktop,Organic,New,0,1,0,0,0,0,0,0.0,0.0,0.0
104460,B,Desktop,Organic,New,0,1,1,0,0,0,1,0.0,0.0,0.0
104461,A,Mobile,Organic,New,0,0,0,0,0,0,0,0.0,0.0,0.0
104462,A,Desktop,Paid Search,New,0,1,0,0,0,0,0,0.0,0.0,0.0
104463,B,Mobile,Email,Returning,0,1,0,0,0,0,1,0.0,0.0,0.0
104464,A,Desktop,Paid Search,New,0,1,0,0,0,0,0,0.0,0.0,0.0
104465,B,Mobile,Social,Returning,0,1,0,0,0,0,1,0.0,0.0,0.0
104466,A,Mobile,Social,Returning,0,1,1,1,0,0,0,0.0,0.0,0.0
104467,A,Mobile,Organic,New,0,1,0,0,0,0,0,0.0,0.0,0.0
104468,B,Desktop,Organic,New,0,0,0,0,0,0,1,0.0,0.0,0.0
104469,B,Desktop,Email,New,0,1,0,0,0,0,1,0.0,0.0,0.0
104470,B,Desktop,Email,New,0,0,0,0,0,0,0,0.0,0.0,0.0
104471,A,Mobile,Social,Returning,0,1,1,0,0,0,0,0.0,0.0,0.0
104472,B,Tablet,Organic,New,0,1,0,0,0,0,1,0.0,0.0,0.0
104473,B,Mobile,Organic,New,0,1,0,0,0,0,0,0.0,0.0,0.0
104474,B,Mobile,Organic,New,0,1,0,0,0,0,0,0.0,0.0,0.0
104475,A,Mobile,Organic,Returning,0,0,0,0,0,0,0,0.0,0.0,0.0
104476,B,Mobile,Direct,New,0,1,1,1,0,0,1,0.0,0.0,0.0
104477,B,Mobile,Paid Search,Returning,0,0,0,0,0,0,1,0.0,0.0,0.0
104478,A,Mobile,Organic,New,0,1,0,0,0,0,1,0.0,0.0,0.0
104479,B,Desktop,Social,New,0,1,0,0,0,0,0,0.0,0.0,0.0
104480,A,Mobile,Social,New,0,1,1,1,1,0,1,3655.1155276352188,0.0,3655.1155276352188
104481,A,Mobile,Paid Search,Returning,0,1,0,0,0,0,0,0.0,0.0,0.0
104482,A,Mobile,Organic,New,0,1,0,0,0,0,1,0.0,0.0,0.0
104483,B,Tablet,Paid Search,New,0,1,0,0,0,0,1,0.0,0.0,0.0
104484,A,Desktop,Email,Returning,0,1,0,0,0,0,0,0.0,0.0,0.0
104485,B,Desktop,Paid Search,Returning,0,1,0,0,0,0,1,0.0,0.0,0.0
104486,B,Desktop,Social,New,0,1,0,0,0,0,0,0.0,0.0,0.0
104487,B,Desktop,Organic,New,0,1,0,0,0,0,0,0.0,0.0,0.0
104488,A,Mobile,Organic,New,0,1,0,0,0,0,0,0.0,0.0,0.0
104489,A,Mobile,Organic,Returning,0,1,0,0,0,0,0,0.0,0.0,0.0
104490,B,Mobile,Email,New,0,1,1,0,0,0,1,0.0,0.0,0.0
104491,B,Mobile,Paid Search,New,0,1,0,0,0,0,0,0.0,0.0,0.0
104492,A,Mobile,Social,New,0,1,0,0,0,0,1,0.0,0.0,0.0
104493,A,Desktop,Direct,Returning,0,1,0,0,0,0,0,0.0,0.0,0.0
104494,B,Mobile,Organic,Returning,0,1,0,0,0,0,0,0.0,0.0,0.0
104495,B,Mobile,Paid Search,New,0,1,0,0,0,0,0,0.0,0.0,0.0
104496,B,Tablet,Paid Search,New,0,1,0,0,0,0,0,0.0,0.0,0.0
104497,B,Desktop,Paid Search,New,0,1,0,0,0,0,0,0.0,0.0,0.0
104498,A,Mobile,Organic,New,0,1,1,1,1,0,0,3095.796399923866,0.0,3095.796399923866
104499,B,Mobile,Social,New,0,1,0,0,0,0,0,0.0,0.0,0.0
104500,B,Mobile,Social,New,0,1,0,0,0,0,1,0.0,0.0,0.0
104501,B,Mobile,Direct,Returning,0,1,0,0,0,0,1,0.0,0.0,0.0
104502,A,Desktop,Organic,New,0,1,0,0,0,0,1,0.0,0.0,0.0
104503,B,Mobile,Direct,New,0,0,0,0,0,0,0,0.0,0.0,0.0
104504,B,Mobile,Social,New,0,1,0,0,0,0,0,0.0,0.0,0.0
104505,B,Desktop,Organic,Returning,0,1,1,1,1,0,1,2168.963569203922,0.0,2168.963569203922
104506,B,Mobile,Organic,Returning,0,0,0,0,0,0,1,0.0,0.0,0.0
104507,A,Mobile,Direct,Returning,0,0,0,0,0,0,0,0.0,0.0,0.0
104508,A,Tablet,Social,Returning,0,1,0,0,0,0,1,0.0,0.0,0.0
104509,A,Mobile,Paid Search,New,0,0,0,0,0,0,0,0.0,0.0,0.0
104510,A,Mobile,Paid Search,New,0,1,0,0,0,0,1,0.0,0.0,0.0
104511,A,Desktop,Email,Returning,0,1,0,0,0,0,0,0.0,0.0,0.0
104512,A,Mobile,Email,New,0,1,0,0,0,0,1,0.0,0.0,0.0
104513,A,Desktop,Organic,New,0,1,0,0,0,0,1,0.0,0.0,0.0
104514,A,Mobile,Email,New,0,1,0,0,0,0,0,0.0,0.0,0.0
104515,A,Desktop,Organic,Returning,0,1,0,0,0,0,0,0.0,0.0,0.0
104516,A,Mobile,Organic,Returning,0,1,1,1,1,0,0,3229.0946460163314,0.0,3229.0946460163314
104517,B,Mobile,Social,New,1,1,1,1,0,0,1,0.0,0.0,0.0
104518,B,Mobile,Email,New,0,1,1,1,0,0,0,0.0,0.0,0.0
104519,A,Mobile,Direct,New,1,1,0,0,0,0,1,0.0,0.0,0.0
104520,B,Desktop,Email,New,0,0,0,0,0,0,0,0.0,0.0,0.0
104521,A,Mobile,Organic,New,0,1,1,1,1,0,1,2001.5803313400943,0.0,2001.5803313400943
104522,A,Mobile,Paid Search,New,1,1,1,1,1,0,0,3396.4004204622597,0.0,3396.4004204622597
104523,A,Mobile,Email,Returning,0,1,0,0,0,0,0,0.0,0.0,0.0
104524,B,Mobile,Paid Search,Returning,0,1,0,0,0,0,0,0.0,0.0,0.0
104525,B,Mobile,Paid Search,New,0,1,0,0,0,0,0,0.0,0.0,0.0
104526,B,Mobile,Organic,New,0,1,0,0,0,0,0,0.0,0.0,0.0
104527,A,Mobile,Organic,New,1,1,0,0,0,0,0,0.0,0.0,0.0
104528,A,Mobile,Email,New,0,1,0,0,0,0,0,0.0,0.0,0.0
104529,A,Desktop,Organic,Returning,0,1,0,0,0,0,1,0.0,0.0,0.0
104530,A,Mobile,Social,New,0,0,0,0,0,0,0,0.0,0.0,0.0
104531,A,Mobile,Paid Search,New,0,1,0,0,0,0,1,0.0,0.0,0.0
104532,A,Mobile,Organic,Returning,0,1,0,0,0,0,0,0.0,0.0,0.0
104533,B,Mobile,Organic,New,0,0,0,0,0,0,0,0.0,0.0,0.0
104534,A,Mobile,Organic,New,0,1,0,0,0,0,0,0.0,0.0,0.0
104535,A,Mobile,Organic,New,0,1,1,1,1,1,0,2680.4220325617575,2473.442805562393,5153.864838124151
104536,A,Desktop,Email,New,0,0,0,0,0,0,1,0.0,0.0,0.0
104537,B,Mobile,Organic,Returning,0,1,0,0,0,0,0,0.0,0.0,0.0
104538,A,Mobile,Direct,Returning,0,0,0,0,0,0,0,0.0,0.0,0.0
104539,B,Mobile,Paid Search,Returning,0,1,0,0,0,0,0,0.0,0.0,0.0
104540,B,Desktop,Social,New,0,1,0,0,0,0,1,0.0,0.0,0.0
104541,B,Mobile,Paid Search,New,0,1,0,0,0,0,0,0.0,0.0,0.0
104542,A,Mobile,Organic,New,0,1,0,0,0,0,1,0.0,0.0,0.0
104543,B,Mobile,Organic,New,0,0,0,0,0,0,0,0.0,0.0,0.0
104544,B,Tablet,Social,Returning,0,1,1,0,0,0,0,0.0,0.0,0.0
104545,A,Mobile,Social,New,0,0,0,0,0,0,1,0.0,0.0,0.0
104546,B,Mobile,Social,Returning,0,1,0,0,0,0,1,0.0,0.0,0.0
104547,B,Desktop,Organic,New,0,0,0,0,0,0,0,0.0,0.0,0.0
104548,B,Mobile,Organic,Returning,0,0,0,0,0,0,1,0.0,0.0,0.0
104549,A,Mobile,Organic,New,0,1,1,0,0,0,0,0.0,0.0,0.0
104550,A,Tablet,Direct,New,1,0,0,0,0,0,0,0.0,0.0,0.0
104551,A,Mobile,Paid Search,New,0,1,0,0,0,0,0,0.0,0.0,0.0
104552,A,Mobile,Paid Search,New,0,1,0,0,0,0,1,0.0,0.0,0.0
104553,B,Tablet,Organic,New,1,1,0,0,0,0,0,0.0,0.0,0.0
104554,B,Desktop,Social,New,0,1,0,0,0,0,0,0.0,0.0,0.0
104555,A,Mobile,Organic,New,0,1,0,0,0,0,0,0.0,0.0,0.0
104556,A,Desktop,Organic,Returning,0,1,0,0,0,0,0,0.0,0.0,0.0
104557,B,Mobile,Organic,New,0,1,1,1,1,0,1,3542.4349973241433,0.0,3542.4349973241433
104558,B,Mobile,Direct,Returning,0,1,1,1,1,0,0,2005.3622034226544,0.0,2005.3622034226544
104559,A,Desktop,Social,Returning,1,1,1,0,0,0,0,0.0,0.0,0.0
104560,B,Mobile,Social,New,0,1,0,0,0,0,0,0.0,0.0,0.0
104561,B,Tablet,Email,Returning,1,1,0,0,0,0,0,0.0,0.0,0.0
104562,A,Mobile,Social,New,0,0,0,0,0,0,0,0.0,0.0,0.0
104563,A,Mobile,Organic,New,0,0,0,0,0,0,0,0.0,0.0,0.0
104564,B,Mobile,Social,New,0,0,0,0,0,0,0,0.0,0.0,0.0
104565,B,Mobile,Organic,New,0,1,1,1,1,0,1,2899.1543482939956,0.0,2899.1543482939956
104566,A,Mobile,Paid Search,Returning,1,1,0,0,0,0,1,0.0,0.0,0.0
104567,A,Mobile,Organic,New,0,0,0,0,0,0,0,0.0,0.0,0.0
104568,A,Mobile,Organic,New,0,1,0,0,0,0,0,0.0,0.0,0.0
104569,A,Mobile,Social,New,0,1,0,0,0,0,0,0.0,0.0,0.0
104570,A,Mobile,Social,New,0,1,0,0,0,0,1,0.0,0.0,0.0
104571,B,Mobile,Social,Returning,0,1,0,0,0,0,0,0.0,0.0,0.0
104572,A,Mobile,Paid Search,Returning,0,1,0,0,0,0,1,0.0,0.0,0.0
104573,B,Mobile,Organic,New,1,1,0,0,0,0,0,0.0,0.0,0.0
104574,A,Mobile,Direct,New,0,1,1,0,0,0,0,0.0,0.0,0.0
104575,B,Desktop,Direct,New,0,1,0,0,0,0,1,0.0,0.0,0.0
104576,A,Desktop,Email,New,0,1,0,0,0,0,0,0.0,0.0,0.0
104577,B,Desktop,Direct,New,1,1,1,0,0,0,1,0.0,0.0,0.0
104578,A,Mobile,Organic,New,0,1,0,0,0,0,0,0.0,0.0,0.0
104579,A,Mobile,Email,New,0,1,0,0,0,0,0,0.0,0.0,0.0
104580,B,Mobile,Organic,Returning,0,1,1,0,0,0,1,0.0,0.0,0.0
104581,B,Tablet,Organic,Returning,0,1,0,0,0,0,0,0.0,0.0,0.0
104582,A,Mobile,Organic,Returning,0,1,0,0,0,0,0,0.0,0.0,0.0
104583,B,Mobile,Email,New,0,1,0,0,0,0,0,0.0,0.0,0.0
104584,B,Mobile,Organic,Returning,0,0,0,0,0,0,0,0.0,0.0,0.0
104585,A,Mobile,Organic,Returning,0,1,0,0,0,0,0,0.0,0.0,0.0
104586,B,Desktop,Paid Search,New,0,1,0,0,0,0,1,0.0,0.0,0.0
104587,A,Mobile,Direct,New,0,0,0,0,0,0,1,0.0,0.0,0.0
104588,B,Mobile,Social,New,0,1,0,0,0,0,0,0.0,0.0,0.0
104589,A,Desktop,Organic,Returning,0,1,1,1,1,0,0,3208.199997301413,0.0,3208.199997301413
104590,A,Mobile,Paid Search,New,0,1,0,0,0,0,0,0.0,0.0,0.0
104591,A,Desktop,Organic,New,0,1,0,0,0,0,1,0.0,0.0,0.0
104592,B,Mobile,Social,New,0,1,0,0,0,0,0,0.0,0.0,0.0
104593,B,Mobile,Direct,New,0,1,0,0,0,0,0,0.0,0.0,0.0
104594,B,Desktop,Paid Search,New,0,1,0,0,0,0,0,0.0,0.0,0.0
104595,B,Desktop,Organic,Returning,1,1,0,0,0,0,0,0.0,0.0,0.0
104596,A,Mobile,Social,Returning,0,1,0,0,0,0,0,0.0,0.0,0.0
104597,B,Mobile,Paid Search,Returning,0,1,1,1,1,0,0,3523.501169894677,0.0,3523.501169894677
104598,A,Mobile,Social,New,0,0,0,0,0,0,0,0.0,0.0,0.0
104599,B,Desktop,Email,New,0,1,0,0,0,0,0,0.0,0.0,0.0
104600,B,Mobile,Email,New,0,1,0,0,0,0,0,0.0,0.0,0.0
104601,A,Mobile,Paid Search,New,0,1,0,0,0,0,0,0.0,0.0,0.0
104602,B,Mobile,Direct,New,0,1,0,0,0,0,0,0.0,0.0,0.0
104603,A,Mobile,Organic,Returning,0,1,1,0,0,0,0,0.0,0.0,0.0
104604,A,Mobile,Social,New,1,1,0,0,0,0,1,0.0,0.0,0.0
104605,B,Desktop,Paid Search,New,0,1,0,0,0,0,0,0.0,0.0,0.0
104606,A,Desktop,Paid Search,New,0,0,0,0,0,0,0,0.0,0.0,0.0
104607,A,Mobile,Social,New,0,0,0,0,0,0,1,0.0,0.0,0.0
104608,B,Desktop,Organic,New,0,1,0,0,0,0,0,0.0,0.0,0.0
104609,A,Tablet,Organic,New,0,1,0,0,0,0,0,0.0,0.0,0.0
104610,A,Desktop,Paid Search,Returning,0,1,0,0,0,0,1,0.0,0.0,0.0
104611,A,Mobile,Email,New,0,1,0,0,0,0,1,0.0,0.0,0.0
104612,A,Desktop,Social,New,0,0,0,0,0,0,0,0.0,0.0,0.0
104613,B,Mobile,Direct,Returning,0,1,0,0,0,0,1,0.0,0.0,0.0
104614,A,Desktop,Paid Search,New,0,1,0,0,0,0,1,0.0,0.0,0.0
104615,A,Mobile,Paid Search,Returning,0,0,0,0,0,0,0,0.0,0.0,0.0
104616,B,Mobile,Social,New,0,1,0,0,0,0,0,0.0,0.0,0.0
104617,A,Mobile,Email,New,0,1,0,0,0,0,1,0.0,0.0,0.0
104618,B,Mobile,Organic,New,0,1,0,0,0,0,1,0.0,0.0,0.0
104619,B,Mobile,Organic,New,0,1,0,0,0,0,0,0.0,0.0,0.0
104620,B,Desktop,Organic,New,0,1,1,1,1,0,1,2347.9169082050694,0.0,2347.9169082050694
104621,A,Mobile,Paid Search,New,0,1,0,0,0,0,1,0.0,0.0,0.0
104622,A,Desktop,Organic,Returning,0,1,0,0,0,0,1,0.0,0.0,0.0
104623,A,Mobile,Direct,Returning,0,1,1,0,0,0,0,0.0,0.0,0.0
104624,A,Mobile,Direct,Returning,0,0,0,0,0,0,0,0.0,0.0,0.0
104625,B,Tablet,Email,New,0,1,0,0,0,0,0,0.0,0.0,0.0
104626,A,Desktop,Social,New,0,1,0,0,0,0,0,0.0,0.0,0.0
104627,A,Mobile,Organic,New,0,1,0,0,0,0,1,0.0,0.0,0.0
104628,B,Mobile,Organic,Returning,0,1,0,0,0,0,1,0.0,0.0,0.0
104629,A,Mobile,Organic,New,0,1,0,0,0,0,0,0.0,0.0,0.0
104630,B,Mobile,Organic,New,0,1,0,0,0,0,0,0.0,0.0,0.0
104631,B,Tablet,Social,Returning,0,1,0,0,0,0,1,0.0,0.0,0.0
104632,A,Mobile,Organic,New,0,1,1,1,1,0,0,2420.300523067889,0.0,2420.300523067889
104633,A,Mobile,Direct,New,1,1,1,1,1,0,1,3703.926293493959,0.0,3703.926293493959
104634,A,Desktop,Paid Search,Returning,0,1,0,0,0,0,0,0.0,0.0,0.0
104635,A,Mobile,Organic,New,0,0,0,0,0,0,1,0.0,0.0,0.0
104636,A,Mobile,Direct,New,0,0,0,0,0,0,0,0.0,0.0,0.0
104637,B,Mobile,Direct,New,0,1,0,0,0,0,1,0.0,0.0,0.0
104638,B,Mobile,Organic,New,0,1,0,0,0,0,0,0.0,0.0,0.0
104639,B,Desktop,Email,New,1,1,0,0,0,0,1,0.0,0.0,0.0
104640,A,Mobile,Organic,New,0,0,0,0,0,0,0,0.0,0.0,0.0
104641,A,Mobile,Organic,Returning,0,1,0,0,0,0,0,0.0,0.0,0.0
104642,A,Mobile,Organic,New,0,1,0,0,0,0,0,0.0,0.0,0.0
104643,A,Mobile,Social,New,0,1,1,1,1,0,1,3195.7964378578013,0.0,3195.7964378578013
104644,A,Desktop,Paid Search,Returning,0,1,1,0,0,0,1,0.0,0.0,0.0
104645,B,Mobile,Organic,Returning,0,1,0,0,0,0,0,0.0,0.0,0.0
104646,A,Mobile,Organic,New,0,1,0,0,0,0,1,0.0,0.0,0.0
104647,B,Desktop,Organic,Returning,0,1,0,0,0,0,0,0.0,0.0,0.0
104648,B,Mobile,Organic,New,0,0,0,0,0,0,1,0.0,0.0,0.0
104649,B,Mobile,Direct,New,0,1,0,0,0,0,0,0.0,0.0,0.0
104650,B,Mobile,Paid Search,Returning,0,0,0,0,0,0,0,0.0,0.0,0.0
104651,B,Mobile,Social,New,1,1,0,0,0,0,0,0.0,0.0,0.0
104652,A,Mobile,Email,New,0,0,0,0,0,0,1,0.0,0.0,0.0
104653,B,Mobile,Paid Search,New,1,1,1,1,1,1,0,2969.500251736395,3422.9346741648947,6392.43492590129
104654,A,Mobile,Direct,New,0,1,0,0,0,0,0,0.0,0.0,0.0
104655,B,Mobile,Social,New,0,1,0,0,0,0,0,0.0,0.0,0.0
104656,A,Mobile,Direct,New,0,0,0,0,0,0,0,0.0,0.0,0.0
104657,A,Mobile,Social,New,0,1,0,0,0,0,0,0.0,0.0,0.0
104658,A,Desktop,Organic,New,1,1,0,0,0,0,1,0.0,0.0,0.0
104659,B,Desktop,Organic,New,0,1,0,0,0,0,0,0.0,0.0,0.0
104660,A,Mobile,Paid Search,New,0,1,0,0,0,0,1,0.0,0.0,0.0
104661,A,Mobile,Direct,Returning,1,1,0,0,0,0,0,0.0,0.0,0.0
104662,B,Mobile,Direct,New,0,1,0,0,0,0,0,0.0,0.0,0.0
104663,B,Desktop,Paid Search,New,0,1,0,0,0,0,1,0.0,0.0,0.0
104664,A,Desktop,Organic,New,0,1,0,0,0,0,0,0.0,0.0,0.0
104665,B,Mobile,Paid Search,New,0,1,0,0,0,0,0,0.0,0.0,0.0
104666,A,Mobile,Paid Search,New,0,1,0,0,0,0,1,0.0,0.0,0.0
104667,A,Mobile,Paid Search,New,0,1,0,0,0,0,1,0.0,0.0,0.0
104668,A,Tablet,Organic,New,0,1,0,0,0,0,0,0.0,0.0,0.0
104669,A,Desktop,Direct,New,1,1,0,0,0,0,0,0.0,0.0,0.0
104670,A,Desktop,Social,Returning,0,1,0,0,0,0,0,0.0,0.0,0.0
104671,B,Mobile,Email,Returning,0,0,0,0,0,0,0,0.0,0.0,0.0
104672,A,Mobile,Organic,Returning,1,1,0,0,0,0,0,0.0,0.0,0.0
104673,A,Mobile,Social,Returning,1,1,0,0,0,0,0,0.0,0.0,0.0
104674,B,Mobile,Paid Search,New,0,1,0,0,0,0,0,0.0,0.0,0.0
104675,A,Mobile,Email,New,0,1,0,0,0,0,0,0.0,0.0,0.0
104676,B,Desktop,Direct,New,0,1,0,0,0,0,1,0.0,0.0,0.0
104677,A,Mobile,Organic,Returning,0,0,0,0,0,0,0,0.0,0.0,0.0
104678,B,Mobile,Social,Returning,1,1,0,0,0,0,1,0.0,0.0,0.0
104679,A,Mobile,Paid Search,New,0,1,0,0,0,0,1,0.0,0.0,0.0
104680,A,Desktop,Paid Search,Returning,0,1,0,0,0,0,0,0.0,0.0,0.0
104681,B,Mobile,Paid Search,New,0,1,0,0,0,0,0,0.0,0.0,0.0
104682,B,Mobile,Organic,Returning,0,1,0,0,0,0,0,0.0,0.0,0.0
104683,A,Desktop,Paid Search,New,1,0,0,0,0,0,0,0.0,0.0,0.0
104684,B,Desktop,Direct,Returning,0,1,0,0,0,0,1,0.0,0.0,0.0
104685,A,Mobile,Social,Returning,0,1,1,1,0,0,0,0.0,0.0,0.0
104686,B,Desktop,Email,New,0,1,0,0,0,0,1,0.0,0.0,0.0
104687,A,Desktop,Paid Search,New,0,0,0,0,0,0,1,0.0,0.0,0.0
104688,B,Mobile,Direct,New,0,1,0,0,0,0,0,0.0,0.0,0.0
104689,A,Mobile,Social,New,0,1,1,0,0,0,0,0.0,0.0,0.0
104690,B,Mobile,Direct,New,0,0,0,0,0,0,0,0.0,0.0,0.0
104691,A,Mobile,Paid Search,Returning,0,0,0,0,0,0,1,0.0,0.0,0.0
104692,A,Desktop,Social,New,0,1,0,0,0,0,0,0.0,0.0,0.0
104693,A,Mobile,Organic,New,0,1,0,0,0,0,1,0.0,0.0,0.0
104694,B,Mobile,Paid Search,New,0,1,0,0,0,0,1,0.0,0.0,0.0
104695,A,Desktop,Organic,New,0,0,0,0,0,0,1,0.0,0.0,0.0
104696,A,Mobile,Organic,New,0,1,0,0,0,0,1,0.0,0.0,0.0
104697,B,Desktop,Paid Search,New,0,1,1,1,1,0,0,3474.59565055844,0.0,3474.59565055844
104698,B,Desktop,Paid Search,New,1,1,0,0,0,0,0,0.0,0.0,0.0
104699,B,Mobile,Email,Returning,0,1,1,1,1,1,0,4595.660127682004,4331.110345492714,8926.770473174718
104700,B,Mobile,Paid Search,New,0,1,0,0,0,0,1,0.0,0.0,0.0
104701,B,Mobile,Organic,New,0,1,1,1,1,0,0,2462.644071686811,0.0,2462.644071686811
104702,A,Mobile,Direct,New,0,1,0,0,0,0,1,0.0,0.0,0.0
104703,B,Mobile,Organic,New,0,1,0,0,0,0,1,0.0,0.0,0.0
104704,A,Desktop,Organic,New,0,0,0,0,0,0,0,0.0,0.0,0.0
104705,A,Mobile,Direct,New,0,1,0,0,0,0,1,0.0,0.0,0.0
104706,B,Mobile,Social,New,0,1,0,0,0,0,0,0.0,0.0,0.0
104707,A,Mobile,Organic,New,0,0,0,0,0,0,0,0.0,0.0,0.0
104708,B,Desktop,Paid Search,Returning,0,1,0,0,0,0,1,0.0,0.0,0.0
104709,A,Mobile,Organic,Returning,1,0,0,0,0,0,0,0.0,0.0,0.0
104710,A,Desktop,Paid Search,New,0,1,0,0,0,0,0,0.0,0.0,0.0
104711,B,Mobile,Paid Search,New,0,1,1,1,1,0,0,2449.932354518003,0.0,2449.932354518003
104712,B,Mobile,Social,New,0,1,1,0,0,0,0,0.0,0.0,0.0
104713,B,Mobile,Organic,New,1,1,0,0,0,0,0,0.0,0.0,0.0
104714,A,Desktop,Organic,Returning,0,1,0,0,0,0,0,0.0,0.0,0.0
104715,A,Mobile,Paid Search,New,0,1,1,0,0,0,0,0.0,0.0,0.0
104716,B,Mobile,Social,New,0,1,0,0,0,0,1,0.0,0.0,0.0
104717,B,Mobile,Organic,Returning,0,1,0,0,0,0,0,0.0,0.0,0.0
104718,A,Desktop,Paid Search,Returning,0,0,0,0,0,0,0,0.0,0.0,0.0
104719,B,Desktop,Direct,Returning,0,1,0,0,0,0,1,0.0,0.0,0.0
104720,B,Mobile,Paid Search,New,1,1,0,0,0,0,1,0.0,0.0,0.0
104721,B,Mobile,Organic,New,0,1,0,0,0,0,1,0.0,0.0,0.0
104722,A,Mobile,Paid Search,New,0,1,0,0,0,0,0,0.0,0.0,0.0
104723,B,Desktop,Paid Search,New,0,1,1,1,1,0,1,3826.2047873461465,0.0,3826.2047873461465
104724,A,Desktop,Paid Search,Returning,0,1,0,0,0,0,1,0.0,0.0,0.0
104725,A,Mobile,Organic,New,0,1,1,1,1,0,0,2726.6330764682693,0.0,2726.6330764682693
104726,A,Mobile,Social,New,0,1,0,0,0,0,0,0.0,0.0,0.0
104727,A,Mobile,Organic,New,0,1,0,0,0,0,0,0.0,0.0,0.0
104728,B,Mobile,Email,New,0,1,0,0,0,0,0,0.0,0.0,0.0
104729,A,Mobile,Organic,New,0,1,0,0,0,0,0,0.0,0.0,0.0
104730,A,Desktop,Direct,Returning,0,1,0,0,0,0,0,0.0,0.0,0.0
104731,B,Mobile,Organic,New,0,1,0,0,0,0,0,0.0,0.0,0.0
104732,A,Mobile,Direct,Returning,0,1,0,0,0,0,1,0.0,0.0,0.0
104733,A,Mobile,Paid Search,Returning,0,1,1,0,0,0,0,0.0,0.0,0.0
104734,A,Desktop,Paid Search,New,0,1,0,0,0,0,0,0.0,0.0,0.0
104735,B,Desktop,Direct,New,0,1,0,0,0,0,0,0.0,0.0,0.0
104736,B,Mobile,Organic,New,0,1,1,1,0,0,0,0.0,0.0,0.0
104737,B,Mobile,Organic,Returning,0,1,0,0,0,0,1,0.0,0.0,0.0
104738,A,Mobile,Organic,New,0,1,1,0,0,0,0,0.0,0.0,0.0
104739,B,Desktop,Direct,New,0,1,1,1,1,0,0,2582.5151588350163,0.0,2582.5151588350163
104740,A,Mobile,Social,New,0,0,0,0,0,0,0,0.0,0.0,0.0
104741,A,Mobile,Paid Search,New,0,1,0,0,0,0,1,0.0,0.0,0.0
104742,B,Mobile,Paid Search,New,0,1,1,1,1,0,1,3384.304921512142,0.0,3384.304921512142
104743,B,Desktop,Direct,Returning,0,1,1,1,0,0,0,0.0,0.0,0.0
104744,B,Mobile,Organic,New,0,1,1,1,1,0,1,2718.9908992871733,0.0,2718.9908992871733
104745,A,Desktop,Paid Search,Returning,0,1,1,1,1,1,1,2228.8571066252284,2659.258939520321,4888.116046145549
104746,A,Desktop,Paid Search,New,0,0,0,0,0,0,1,0.0,0.0,0.0
104747,A,Mobile,Organic,New,0,1,0,0,0,0,0,0.0,0.0,0.0
104748,A,Mobile,Paid Search,New,0,1,1,0,0,0,1,0.0,0.0,0.0
104749,A,Mobile,Social,New,0,1,0,0,0,0,1,0.0,0.0,0.0
104750,B,Mobile,Social,New,0,0,0,0,0,0,1,0.0,0.0,0.0
104751,B,Desktop,Email,New,0,1,0,0,0,0,0,0.0,0.0,0.0
104752,A,Desktop,Paid Search,New,0,1,0,0,0,0,0,0.0,0.0,0.0
104753,B,Mobile,Direct,Returning,0,0,0,0,0,0,0,0.0,0.0,0.0
104754,A,Mobile,Direct,New,0,1,0,0,0,0,1,0.0,0.0,0.0
104755,A,Desktop,Organic,New,0,1,1,1,0,0,0,0.0,0.0,0.0
104756,A,Mobile,Direct,New,0,1,1,0,0,0,1,0.0,0.0,0.0
104757,B,Mobile,Social,Returning,0,1,1,1,0,0,0,0.0,0.0,0.0
104758,A,Mobile,Social,New,1,1,0,0,0,0,1,0.0,0.0,0.0
104759,A,Mobile,Direct,New,0,1,0,0,0,0,0,0.0,0.0,0.0
104760,B,Mobile,Organic,New,0,1,0,0,0,0,0,0.0,0.0,0.0
104761,B,Mobile,Direct,New,0,0,0,0,0,0,0,0.0,0.0,0.0
104762,A,Mobile,Social,Returning,0,1,0,0,0,0,1,0.0,0.0,0.0
104763,A,Mobile,Email,Returning,0,1,0,0,0,0,0,0.0,0.0,0.0
104764,B,Tablet,Email,New,0,1,0,0,0,0,0,0.0,0.0,0.0
104765,B,Mobile,Organic,Returning,0,1,0,0,0,0,0,0.0,0.0,0.0
104766,B,Desktop,Paid Search,New,0,1,1,0,0,0,0,0.0,0.0,0.0
104767,B,Mobile,Social,New,0,1,0,0,0,0,1,0.0,0.0,0.0
104768,B,Mobile,Organic,New,0,1,0,0,0,0,0,0.0,0.0,0.0
104769,A,Mobile,Organic,New,1,1,0,0,0,0,1,0.0,0.0,0.0
104770,A,Mobile,Paid Search,New,0,0,0,0,0,0,0,0.0,0.0,0.0
104771,A,Mobile,Paid Search,New,0,1,0,0,0,0,1,0.0,0.0,0.0
104772,B,Mobile,Social,New,0,1,0,0,0,0,0,0.0,0.0,0.0
104773,B,Mobile,Social,New,0,1,0,0,0,0,0,0.0,0.0,0.0
104774,A,Mobile,Direct,New,0,1,0,0,0,0,0,0.0,0.0,0.0
104775,A,Mobile,Email,New,0,1,0,0,0,0,1,0.0,0.0,0.0
104776,B,Mobile,Paid Search,New,0,0,0,0,0,0,1,0.0,0.0,0.0
104777,B,Desktop,Organic,New,0,1,0,0,0,0,0,0.0,0.0,0.0
104778,A,Desktop,Paid Search,Returning,0,1,0,0,0,0,0,0.0,0.0,0.0
104779,A,Mobile,Organic,New,0,1,0,0,0,0,0,0.0,0.0,0.0
104780,A,Mobile,Direct,Returning,0,1,1,1,0,0,1,0.0,0.0,0.0
104781,B,Mobile,Social,Returning,0,1,1,1,1,0,1,1857.2155086131122,0.0,1857.2155086131122
104782,A,Mobile,Direct,Returning,1,0,0,0,0,0,0,0.0,0.0,0.0
104783,B,Mobile,Organic,New,1,1,0,0,0,0,0,0.0,0.0,0.0
104784,B,Mobile,Organic,Returning,0,1,0,0,0,0,0,0.0,0.0,0.0
104785,B,Mobile,Paid Search,New,1,1,1,1,1,0,0,3201.5085941053603,0.0,3201.5085941053603
104786,B,Mobile,Social,New,0,1,1,1,1,0,1,2534.1926698630514,0.0,2534.1926698630514
104787,A,Desktop,Social,New,0,1,0,0,0,0,0,0.0,0.0,0.0
104788,B,Tablet,Organic,New,0,1,0,0,0,0,1,0.0,0.0,0.0
104789,A,Mobile,Paid Search,New,0,1,0,0,0,0,0,0.0,0.0,0.0
104790,A,Mobile,Paid Search,New,0,1,0,0,0,0,0,0.0,0.0,0.0
104791,B,Mobile,Email,New,0,1,0,0,0,0,1,0.0,0.0,0.0
104792,A,Mobile,Social,New,0,1,1,1,0,0,0,0.0,0.0,0.0
104793,B,Mobile,Paid Search,New,0,1,1,1,1,0,1,3126.2676780220054,0.0,3126.2676780220054
104794,A,Desktop,Social,New,0,0,0,0,0,0,1,0.0,0.0,0.0
104795,A,Mobile,Social,New,0,1,0,0,0,0,0,0.0,0.0,0.0
104796,B,Desktop,Paid Search,Returning,1,1,0,0,0,0,1,0.0,0.0,0.0
104797,B,Desktop,Direct,Returning,0,1,0,0,0,0,1,0.0,0.0,0.0
104798,B,Desktop,Organic,Returning,0,0,0,0,0,0,0,0.0,0.0,0.0
104799,A,Desktop,Direct,New,1,1,0,0,0,0,1,0.0,0.0,0.0
104800,A,Mobile,Paid Search,Returning,0,0,0,0,0,0,0,0.0,0.0,0.0
104801,B,Desktop,Social,Returning,0,1,0,0,0,0,0,0.0,0.0,0.0
104802,B,Mobile,Social,Returning,0,0,0,0,0,0,0,0.0,0.0,0.0
104803,A,Mobile,Paid Search,New,0,1,0,0,0,0,0,0.0,0.0,0.0
104804,A,Desktop,Paid Search,New,0,1,1,0,0,0,0,0.0,0.0,0.0
104805,B,Tablet,Email,New,0,1,1,1,1,1,1,3023.5467028804987,3404.202310104071,6427.74901298457
104806,A,Mobile,Social,New,0,0,0,0,0,0,0,0.0,0.0,0.0
104807,B,Mobile,Direct,New,0,0,0,0,0,0,1,0.0,0.0,0.0
104808,A,Tablet,Direct,New,0,1,0,0,0,0,0,0.0,0.0,0.0
104809,B,Mobile,Social,Returning,0,1,1,1,0,0,0,0.0,0.0,0.0
104810,B,Desktop,Email,Returning,0,1,0,0,0,0,1,0.0,0.0,0.0
104811,A,Tablet,Social,New,0,1,1,1,0,0,1,0.0,0.0,0.0
104812,A,Desktop,Paid Search,New,0,0,0,0,0,0,0,0.0,0.0,0.0
104813,A,Desktop,Organic,New,0,1,0,0,0,0,1,0.0,0.0,0.0
104814,B,Mobile,Direct,New,0,0,0,0,0,0,0,0.0,0.0,0.0
104815,A,Desktop,Paid Search,New,0,0,0,0,0,0,1,0.0,0.0,0.0
104816,A,Mobile,Paid Search,New,0,1,0,0,0,0,0,0.0,0.0,0.0
104817,A,Mobile,Organic,New,0,1,0,0,0,0,1,0.0,0.0,0.0
104818,A,Desktop,Organic,New,0,0,0,0,0,0,0,0.0,0.0,0.0
104819,A,Mobile,Paid Search,New,1,0,0,0,0,0,1,0.0,0.0,0.0
104820,B,Mobile,Paid Search,Returning,0,1,1,1,1,0,0,2441.8947062216184,0.0,2441.8947062216184
104821,A,Mobile,Social,New,0,1,0,0,0,0,0,0.0,0.0,0.0
104822,A,Mobile,Social,New,0,1,0,0,0,0,0,0.0,0.0,0.0
104823,B,Mobile,Organic,New,0,1,0,0,0,0,0,0.0,0.0,0.0
104824,A,Desktop,Social,New,0,1,0,0,0,0,0,0.0,0.0,0.0
104825,B,Desktop,Paid Search,New,0,1,0,0,0,0,0,0.0,0.0,0.0
104826,B,Mobile,Organic,Returning,0,1,0,0,0,0,1,0.0,0.0,0.0
104827,B,Mobile,Social,New,0,1,1,0,0,0,0,0.0,0.0,0.0
104828,A,Mobile,Direct,New,1,1,0,0,0,0,0,0.0,0.0,0.0
104829,B,Desktop,Paid Search,New,1,1,0,0,0,0,1,0.0,0.0,0.0
104830,B,Mobile,Email,New,0,0,0,0,0,0,1,0.0,0.0,0.0
104831,B,Mobile,Direct,New,0,1,0,0,0,0,1,0.0,0.0,0.0
104832,B,Desktop,Direct,New,0,1,0,0,0,0,1,0.0,0.0,0.0
104833,B,Mobile,Paid Search,New,0,0,0,0,0,0,1,0.0,0.0,0.0
104834,A,Tablet,Organic,New,0,1,0,0,0,0,1,0.0,0.0,0.0
104835,A,Mobile,Paid Search,New,0,1,0,0,0,0,1,0.0,0.0,0.0
104836,B,Mobile,Social,Returning,0,0,0,0,0,0,1,0.0,0.0,0.0
104837,A,Mobile,Direct,New,0,1,0,0,0,0,0,0.0,0.0,0.0
104838,B,Mobile,Email,New,0,0,0,0,0,0,0,0.0,0.0,0.0
104839,B,Tablet,Email,Returning,0,0,0,0,0,0,1,0.0,0.0,0.0
104840,A,Mobile,Organic,New,0,1,0,0,0,0,0,0.0,0.0,0.0
104841,B,Desktop,Social,Returning,0,1,0,0,0,0,0,0.0,0.0,0.0
104842,A,Desktop,Social,New,0,1,1,1,0,0,1,0.0,0.0,0.0
104843,B,Mobile,Social,Returning,0,1,0,0,0,0,0,0.0,0.0,0.0
104844,A,Mobile,Organic,New,0,1,1,1,0,0,0,0.0,0.0,0.0
104845,B,Mobile,Email,Returning,0,1,0,0,0,0,1,0.0,0.0,0.0
104846,A,Desktop,Organic,New,0,0,0,0,0,0,0,0.0,0.0,0.0
104847,A,Tablet,Organic,New,0,1,1,1,1,0,0,3000.0302684357825,0.0,3000.0302684357825
104848,B,Mobile,Direct,New,0,1,0,0,0,0,0,0.0,0.0,0.0
104849,A,Desktop,Email,New,0,1,0,0,0,0,1,0.0,0.0,0.0
104850,B,Mobile,Paid Search,New,0,1,1,1,0,0,1,0.0,0.0,0.0
104851,B,Mobile,Paid Search,New,0,1,0,0,0,0,0,0.0,0.0,0.0
104852,B,Mobile,Organic,New,0,1,0,0,0,0,0,0.0,0.0,0.0
104853,A,Mobile,Email,New,0,1,0,0,0,0,0,0.0,0.0,0.0
104854,A,Mobile,Social,New,0,1,0,0,0,0,0,0.0,0.0,0.0
104855,B,Desktop,Paid Search,New,0,1,1,1,1,0,0,3206.5155309367633,0.0,3206.5155309367633
104856,A,Tablet,Social,Returning,0,1,1,0,0,0,0,0.0,0.0,0.0
104857,B,Desktop,Organic,New,0,1,0,0,0,0,1,0.0,0.0,0.0
104858,A,Mobile,Paid Search,New,0,0,0,0,0,0,0,0.0,0.0,0.0
104859,A,Mobile,Organic,New,0,1,0,0,0,0,0,0.0,0.0,0.0
104860,B,Mobile,Email,Returning,0,1,0,0,0,0,0,0.0,0.0,0.0
104861,A,Desktop,Organic,New,0,1,0,0,0,0,0,0.0,0.0,0.0
104862,B,Mobile,Social,New,0,1,1,1,1,0,0,1582.4153607469289,0.0,1582.4153607469289
104863,B,Mobile,Social,New,0,1,0,0,0,0,1,0.0,0.0,0.0
104864,B,Mobile,Organic,New,0,1,0,0,0,0,1,0.0,0.0,0.0
104865,A,Desktop,Direct,New,0,1,0,0,0,0,0,0.0,0.0,0.0
104866,B,Mobile,Social,New,0,1,0,0,0,0,1,0.0,0.0,0.0
104867,A,Desktop,Social,New,0,1,0,0,0,0,1,0.0,0.0,0.0
104868,A,Mobile,Email,New,0,0,0,0,0,0,0,0.0,0.0,0.0
104869,A,Mobile,Email,New,0,1,0,0,0,0,0,0.0,0.0,0.0
104870,B,Mobile,Organic,New,0,1,0,0,0,0,0,0.0,0.0,0.0
104871,B,Mobile,Paid Search,New,0,0,0,0,0,0,0,0.0,0.0,0.0
104872,B,Desktop,Email,New,0,1,0,0,0,0,0,0.0,0.0,0.0
104873,A,Mobile,Organic,Returning,0,1,0,0,0,0,0,0.0,0.0,0.0
104874,A,Mobile,Paid Search,New,0,1,0,0,0,0,0,0.0,0.0,0.0
104875,A,Mobile,Email,Returning,0,0,0,0,0,0,0,0.0,0.0,0.0
104876,B,Mobile,Social,Returning,0,1,0,0,0,0,1,0.0,0.0,0.0
104877,B,Desktop,Paid Search,New,0,1,0,0,0,0,1,0.0,0.0,0.0
104878,A,Mobile,Organic,New,0,0,0,0,0,0,0,0.0,0.0,0.0
104879,B,Mobile,Organic,Returning,1,1,0,0,0,0,0,0.0,0.0,0.0
104880,A,Mobile,Email,New,0,1,0,0,0,0,1,0.0,0.0,0.0
104881,A,Mobile,Direct,New,0,1,1,0,0,0,0,0.0,0.0,0.0
104882,B,Mobile,Social,New,0,1,0,0,0,0,1,0.0,0.0,0.0
104883,A,Mobile,Direct,Returning,0,0,0,0,0,0,0,0.0,0.0,0.0
104884,B,Tablet,Paid Search,New,0,0,0,0,0,0,0,0.0,0.0,0.0
104885,A,Mobile,Organic,Returning,0,1,0,0,0,0,0,0.0,0.0,0.0
104886,B,Desktop,Organic,New,0,1,1,1,1,1,0,2397.3708763277386,2254.3167992129875,4651.687675540727
104887,B,Mobile,Social,Returning,0,1,0,0,0,0,1,0.0,0.0,0.0
104888,B,Mobile,Paid Search,New,0,1,0,0,0,0,0,0.0,0.0,0.0
104889,A,Desktop,Direct,New,0,0,0,0,0,0,0,0.0,0.0,0.0
104890,A,Desktop,Organic,New,0,1,0,0,0,0,1,0.0,0.0,0.0
104891,A,Desktop,Direct,New,0,1,1,0,0,0,1,0.0,0.0,0.0
104892,A,Mobile,Email,New,0,0,0,0,0,0,0,0.0,0.0,0.0
104893,A,Mobile,Direct,New,0,0,0,0,0,0,0,0.0,0.0,0.0
104894,B,Desktop,Email,Returning,0,1,0,0,0,0,0,0.0,0.0,0.0
104895,B,Desktop,Paid Search,Returning,1,1,0,0,0,0,1,0.0,0.0,0.0
104896,A,Mobile,Email,New,0,1,0,0,0,0,0,0.0,0.0,0.0
104897,A,Desktop,Social,New,0,1,0,0,0,0,0,0.0,0.0,0.0
104898,A,Mobile,Direct,New,0,1,0,0,0,0,0,0.0,0.0,0.0
104899,A,Mobile,Email,New,0,0,0,0,0,0,0,0.0,0.0,0.0
104900,B,Tablet,Paid Search,New,0,1,0,0,0,0,0,0.0,0.0,0.0
104901,A,Mobile,Direct,New,0,1,0,0,0,0,0,0.0,0.0,0.0
104902,A,Mobile,Paid Search,New,0,1,0,0,0,0,1,0.0,0.0,0.0
104903,B,Mobile,Organic,New,0,1,1,0,0,0,1,0.0,0.0,0.0
104904,A,Mobile,Organic,New,0,1,0,0,0,0,0,0.0,0.0,0.0
104905,B,Desktop,Paid Search,New,0,1,0,0,0,0,0,0.0,0.0,0.0
104906,A,Desktop,Direct,Returning,0,0,0,0,0,0,1,0.0,0.0,0.0
104907,B,Mobile,Email,Returning,0,1,0,0,0,0,0,0.0,0.0,0.0
104908,B,Mobile,Paid Search,Returning,0,1,0,0,0,0,0,0.0,0.0,0.0
104909,B,Mobile,Organic,New,0,1,0,0,0,0,1,0.0,0.0,0.0
104910,A,Mobile,Social,Returning,0,1,0,0,0,0,0,0.0,0.0,0.0
104911,A,Mobile,Direct,New,0,0,0,0,0,0,0,0.0,0.0,0.0
104912,B,Mobile,Organic,New,1,1,0,0,0,0,1,0.0,0.0,0.0
104913,A,Mobile,Paid Search,New,0,1,0,0,0,0,0,0.0,0.0,0.0
104914,A,Desktop,Direct,New,1,1,0,0,0,0,1,0.0,0.0,0.0
104915,B,Mobile,Paid Search,Returning,0,1,0,0,0,0,1,0.0,0.0,0.0
104916,A,Mobile,Email,New,0,1,0,0,0,0,0,0.0,0.0,0.0
104917,A,Mobile,Organic,Returning,0,0,0,0,0,0,1,0.0,0.0,0.0
104918,B,Mobile,Paid Search,New,1,1,0,0,0,0,1,0.0,0.0,0.0
104919,B,Mobile,Organic,New,0,1,0,0,0,0,0,0.0,0.0,0.0
104920,A,Desktop,Organic,Returning,0,1,0,0,0,0,1,0.0,0.0,0.0
104921,A,Mobile,Email,New,0,1,1,1,0,0,0,0.0,0.0,0.0
104922,B,Mobile,Direct,New,0,1,0,0,0,0,0,0.0,0.0,0.0
104923,B,Desktop,Paid Search,New,1,0,0,0,0,0,0,0.0,0.0,0.0
104924,B,Mobile,Paid Search,New,0,1,0,0,0,0,0,0.0,0.0,0.0
104925,A,Desktop,Email,New,0,0,0,0,0,0,0,0.0,0.0,0.0
104926,A,Desktop,Social,Returning,0,1,0,0,0,0,0,0.0,0.0,0.0
104927,A,Desktop,Paid Search,New,0,1,0,0,0,0,0,0.0,0.0,0.0
104928,B,Desktop,Organic,New,1,0,0,0,0,0,0,0.0,0.0,0.0
104929,A,Mobile,Paid Search,New,0,1,0,0,0,0,1,0.0,0.0,0.0
104930,B,Mobile,Email,New,0,1,0,0,0,0,1,0.0,0.0,0.0
104931,A,Mobile,Paid Search,New,0,0,0,0,0,0,0,0.0,0.0,0.0
104932,A,Mobile,Organic,Returning,0,0,0,0,0,0,1,0.0,0.0,0.0
104933,A,Desktop,Organic,Returning,0,1,1,1,1,0,0,2348.60426351228,0.0,2348.60426351228
104934,A,Mobile,Email,New,0,1,0,0,0,0,1,0.0,0.0,0.0
104935,A,Mobile,Social,New,0,1,0,0,0,0,0,0.0,0.0,0.0
104936,A,Tablet,Paid Search,New,0,0,0,0,0,0,0,0.0,0.0,0.0
104937,B,Mobile,Paid Search,New,1,1,0,0,0,0,1,0.0,0.0,0.0
104938,B,Mobile,Paid Search,New,0,1,0,0,0,0,0,0.0,0.0,0.0
104939,B,Mobile,Organic,Returning,0,1,0,0,0,0,0,0.0,0.0,0.0
104940,A,Mobile,Organic,New,0,1,0,0,0,0,0,0.0,0.0,0.0
104941,B,Mobile,Paid Search,Returning,0,1,0,0,0,0,1,0.0,0.0,0.0
104942,B,Mobile,Email,New,1,1,1,0,0,0,1,0.0,0.0,0.0
104943,B,Tablet,Direct,Returning,0,1,0,0,0,0,1,0.0,0.0,0.0
104944,A,Mobile,Organic,New,0,1,0,0,0,0,1,0.0,0.0,0.0
104945,A,Mobile,Organic,Returning,0,1,0,0,0,0,1,0.0,0.0,0.0
104946,B,Mobile,Paid Search,New,0,1,0,0,0,0,0,0.0,0.0,0.0
104947,A,Mobile,Organic,Returning,0,1,0,0,0,0,1,0.0,0.0,0.0
104948,A,Mobile,Social,Returning,0,1,0,0,0,0,1,0.0,0.0,0.0
104949,B,Mobile,Social,Returning,0,1,0,0,0,0,0,0.0,0.0,0.0
104950,B,Mobile,Social,New,0,1,0,0,0,0,0,0.0,0.0,0.0
104951,A,Mobile,Direct,New,0,1,0,0,0,0,1,0.0,0.0,0.0
104952,B,Mobile,Organic,New,1,1,0,0,0,0,1,0.0,0.0,0.0
104953,B,Mobile,Email,New,0,1,0,0,0,0,0,0.0,0.0,0.0
104954,B,Desktop,Social,New,0,1,0,0,0,0,0,0.0,0.0,0.0
104955,B,Mobile,Email,Returning,0,1,0,0,0,0,1,0.0,0.0,0.0
104956,A,Mobile,Organic,New,0,1,0,0,0,0,0,0.0,0.0,0.0
104957,A,Mobile,Organic,New,0,1,0,0,0,0,0,0.0,0.0,0.0
104958,A,Desktop,Social,Returning,0,1,0,0,0,0,0,0.0,0.0,0.0
104959,A,Mobile,Organic,New,0,1,0,0,0,0,0,0.0,0.0,0.0
104960,B,Tablet,Direct,Returning,0,1,0,0,0,0,0,0.0,0.0,0.0
104961,B,Desktop,Direct,New,0,0,0,0,0,0,1,0.0,0.0,0.0
104962,B,Mobile,Email,New,0,1,1,1,1,0,1,1461.7387359309446,0.0,1461.7387359309446
104963,B,Desktop,Social,Returning,1,1,0,0,0,0,0,0.0,0.0,0.0
104964,A,Desktop,Direct,New,0,1,0,0,0,0,0,0.0,0.0,0.0
104965,B,Mobile,Direct,New,0,1,1,0,0,0,0,0.0,0.0,0.0
104966,A,Mobile,Email,New,0,1,0,0,0,0,1,0.0,0.0,0.0
104967,A,Desktop,Social,New,0,1,1,1,1,0,0,3323.4598072476942,0.0,3323.4598072476942
104968,A,Desktop,Direct,New,0,1,1,1,1,0,0,3013.7327263185266,0.0,3013.7327263185266
104969,A,Mobile,Organic,New,0,0,0,0,0,0,1,0.0,0.0,0.0
104970,B,Mobile,Paid Search,New,1,1,0,0,0,0,1,0.0,0.0,0.0
104971,A,Mobile,Organic,New,0,1,0,0,0,0,0,0.0,0.0,0.0
104972,A,Tablet,Paid Search,New,0,1,1,1,0,0,0,0.0,0.0,0.0
104973,B,Mobile,Email,Returning,0,0,0,0,0,0,0,0.0,0.0,0.0
104974,B,Mobile,Paid Search,Returning,0,1,0,0,0,0,1,0.0,0.0,0.0
104975,B,Mobile,Organic,New,0,1,0,0,0,0,0,0.0,0.0,0.0
104976,A,Mobile,Organic,New,0,1,0,0,0,0,1,0.0,0.0,0.0
104977,B,Desktop,Organic,New,0,1,0,0,0,0,0,0.0,0.0,0.0
104978,A,Tablet,Paid Search,Returning,0,1,0,0,0,0,1,0.0,0.0,0.0
104979,B,Mobile,Organic,New,1,1,1,0,0,0,0,0.0,0.0,0.0
104980,B,Mobile,Paid Search,New,1,1,0,0,0,0,1,0.0,0.0,0.0
104981,A,Mobile,Organic,New,0,1,0,0,0,0,0,0.0,0.0,0.0
104982,B,Desktop,Paid Search,New,0,1,0,0,0,0,0,0.0,0.0,0.0
104983,A,Mobile,Social,New,0,1,0,0,0,0,0,0.0,0.0,0.0
104984,A,Mobile,Direct,New,0,1,0,0,0,0,1,0.0,0.0,0.0
104985,B,Mobile,Social,New,0,0,0,0,0,0,0,0.0,0.0,0.0
104986,B,Desktop,Social,New,0,0,0,0,0,0,0,0.0,0.0,0.0
104987,B,Desktop,Paid Search,New,0,1,0,0,0,0,0,0.0,0.0,0.0
104988,A,Mobile,Email,Returning,0,1,0,0,0,0,0,0.0,0.0,0.0
104989,A,Desktop,Organic,Returning,0,1,0,0,0,0,1,0.0,0.0,0.0
104990,A,Mobile,Direct,New,0,0,0,0,0,0,0,0.0,0.0,0.0
104991,B,Tablet,Organic,New,0,1,0,0,0,0,1,0.0,0.0,0.0
104992,A,Mobile,Paid Search,Returning,0,1,0,0,0,0,1,0.0,0.0,0.0
104993,B,Mobile,Social,New,0,1,0,0,0,0,0,0.0,0.0,0.0
104994,A,Mobile,Paid Search,New,0,1,1,1,0,0,0,0.0,0.0,0.0
104995,B,Mobile,Organic,New,0,0,0,0,0,0,0,0.0,0.0,0.0
104996,A,Mobile,Social,New,0,0,0,0,0,0,1,0.0,0.0,0.0
104997,B,Mobile,Paid Search,New,0,1,0,0,0,0,1,0.0,0.0,0.0
104998,A,Desktop,Paid Search,New,1,1,0,0,0,0,0,0.0,0.0,0.0
104999,A,Mobile,Organic,New,0,0,0,0,0,0,0,0.0,0.0,0.0
105000,B,Mobile,Paid Search,Returning,0,1,1,0,0,0,0,0.0,0.0,0.0
105001,B,Mobile,Organic,New,0,1,1,0,0,0,0,0.0,0.0,0.0
105002,A,Mobile,Organic,New,0,1,1,1,1,0,0,2352.105719239722,0.0,2352.105719239722
105003,A,Desktop,Social,New,1,1,1,1,0,0,0,0.0,0.0,0.0
105004,B,Mobile,Organic,Returning,0,1,0,0,0,0,0,0.0,0.0,0.0
105005,A,Mobile,Organic,Returning,0,1,0,0,0,0,0,0.0,0.0,0.0
105006,B,Mobile,Paid Search,New,0,0,0,0,0,0,0,0.0,0.0,0.0
105007,B,Desktop,Organic,New,0,0,0,0,0,0,1,0.0,0.0,0.0
105008,A,Desktop,Paid Search,New,0,1,0,0,0,0,0,0.0,0.0,0.0
105009,A,Mobile,Organic,Returning,0,1,0,0,0,0,0,0.0,0.0,0.0
105010,B,Mobile,Paid Search,New,0,1,0,0,0,0,1,0.0,0.0,0.0
105011,A,Desktop,Social,Returning,0,1,1,0,0,0,0,0.0,0.0,0.0
105012,A,Mobile,Paid Search,Returning,0,1,0,0,0,0,0,0.0,0.0,0.0
105013,A,Mobile,Paid Search,New,1,0,0,0,0,0,1,0.0,0.0,0.0
105014,B,Mobile,Organic,New,0,1,0,0,0,0,0,0.0,0.0,0.0
105015,B,Mobile,Paid Search,Returning,1,1,0,0,0,0,1,0.0,0.0,0.0
105016,A,Mobile,Paid Search,Returning,0,0,0,0,0,0,1,0.0,0.0,0.0
105017,B,Desktop,Email,New,0,0,0,0,0,0,1,0.0,0.0,0.0
105018,B,Mobile,Organic,New,0,1,0,0,0,0,1,0.0,0.0,0.0
105019,B,Mobile,Social,New,0,1,1,1,1,0,1,1925.4287658524222,0.0,1925.4287658524222
105020,B,Desktop,Organic,New,0,1,0,0,0,0,0,0.0,0.0,0.0
105021,A,Desktop,Organic,Returning,0,1,0,0,0,0,0,0.0,0.0,0.0
105022,B,Mobile,Direct,New,0,1,1,1,1,1,0,1685.6615744734875,2165.860381307677,3851.5219557811643
105023,B,Mobile,Social,New,0,1,0,0,0,0,0,0.0,0.0,0.0
105024,A,Mobile,Organic,New,0,1,0,0,0,0,0,0.0,0.0,0.0
105025,A,Mobile,Organic,Returning,0,1,0,0,0,0,0,0.0,0.0,0.0
105026,B,Desktop,Direct,New,0,1,0,0,0,0,0,0.0,0.0,0.0
105027,A,Mobile,Social,New,0,1,0,0,0,0,1,0.0,0.0,0.0
105028,A,Mobile,Organic,New,0,1,0,0,0,0,1,0.0,0.0,0.0
105029,B,Mobile,Organic,New,0,1,0,0,0,0,0,0.0,0.0,0.0
105030,B,Mobile,Paid Search,New,0,1,0,0,0,0,0,0.0,0.0,0.0
105031,B,Mobile,Paid Search,New,0,0,0,0,0,0,0,0.0,0.0,0.0
105032,B,Desktop,Direct,New,0,1,0,0,0,0,1,0.0,0.0,0.0
105033,A,Mobile,Social,New,0,1,0,0,0,0,1,0.0,0.0,0.0
105034,A,Mobile,Direct,New,0,1,1,1,1,1,0,3967.5669249973575,5102.36428459441,9069.931209591767
105035,A,Desktop,Organic,New,0,0,0,0,0,0,0,0.0,0.0,0.0
105036,A,Desktop,Organic,New,0,1,0,0,0,0,1,0.0,0.0,0.0
105037,A,Mobile,Social,New,0,1,0,0,0,0,0,0.0,0.0,0.0
105038,A,Desktop,Direct,Returning,0,0,0,0,0,0,0,0.0,0.0,0.0
105039,B,Mobile,Direct,Returning,0,1,0,0,0,0,0,0.0,0.0,0.0
105040,B,Mobile,Paid Search,New,0,1,0,0,0,0,1,0.0,0.0,0.0
105041,A,Desktop,Paid Search,New,0,1,0,0,0,0,0,0.0,0.0,0.0
105042,A,Mobile,Organic,New,0,0,0,0,0,0,0,0.0,0.0,0.0
105043,A,Mobile,Social,Returning,0,1,1,0,0,0,0,0.0,0.0,0.0
105044,A,Mobile,Social,New,0,1,0,0,0,0,1,0.0,0.0,0.0
105045,A,Mobile,Social,Returning,0,0,0,0,0,0,0,0.0,0.0,0.0
105046,A,Mobile,Organic,New,1,1,0,0,0,0,0,0.0,0.0,0.0
105047,A,Desktop,Paid Search,New,0,1,0,0,0,0,1,0.0,0.0,0.0
105048,A,Desktop,Email,New,0,1,1,0,0,0,0,0.0,0.0,0.0
105049,B,Mobile,Social,New,1,1,0,0,0,0,0,0.0,0.0,0.0
105050,B,Mobile,Paid Search,New,0,1,0,0,0,0,1,0.0,0.0,0.0
105051,B,Mobile,Email,Returning,0,1,0,0,0,0,0,0.0,0.0,0.0
105052,A,Mobile,Paid Search,New,0,0,0,0,0,0,0,0.0,0.0,0.0
105053,B,Mobile,Social,Returning,0,1,0,0,0,0,0,0.0,0.0,0.0
105054,A,Mobile,Social,Returning,0,1,1,1,1,1,1,2659.4367918057965,3412.104733585982,6071.541525391778
105055,A,Mobile,Direct,New,0,1,0,0,0,0,0,0.0,0.0,0.0
105056,B,Mobile,Organic,New,0,1,0,0,0,0,0,0.0,0.0,0.0
105057,A,Desktop,Social,Returning,0,1,0,0,0,0,0,0.0,0.0,0.0
105058,A,Desktop,Organic,New,0,1,0,0,0,0,0,0.0,0.0,0.0
105059,A,Mobile,Paid Search,New,0,1,0,0,0,0,1,0.0,0.0,0.0
105060,B,Desktop,Paid Search,New,0,1,0,0,0,0,0,0.0,0.0,0.0
105061,A,Mobile,Direct,Returning,0,1,0,0,0,0,0,0.0,0.0,0.0
105062,A,Mobile,Organic,Returning,0,1,0,0,0,0,0,0.0,0.0,0.0
105063,B,Mobile,Paid Search,New,0,1,0,0,0,0,0,0.0,0.0,0.0
105064,B,Desktop,Social,New,0,1,0,0,0,0,1,0.0,0.0,0.0
105065,A,Mobile,Organic,New,0,1,0,0,0,0,0,0.0,0.0,0.0
105066,B,Desktop,Organic,New,0,1,0,0,0,0,0,0.0,0.0,0.0
105067,A,Mobile,Direct,Returning,0,1,0,0,0,0,0,0.0,0.0,0.0
105068,B,Mobile,Organic,New,0,1,0,0,0,0,0,0.0,0.0,0.0
105069,A,Mobile,Social,New,0,1,0,0,0,0,1,0.0,0.0,0.0
105070,A,Mobile,Social,New,1,0,0,0,0,0,1,0.0,0.0,0.0
105071,A,Desktop,Social,New,0,1,1,1,0,0,0,0.0,0.0,0.0
105072,B,Desktop,Paid Search,New,0,1,1,1,1,0,0,3244.3047978812497,0.0,3244.3047978812497
105073,B,Mobile,Email,Returning,0,1,0,0,0,0,1,0.0,0.0,0.0
105074,B,Mobile,Organic,Returning,0,1,0,0,0,0,1,0.0,0.0,0.0
105075,B,Desktop,Email,New,0,1,0,0,0,0,1,0.0,0.0,0.0
105076,A,Desktop,Organic,Returning,1,0,0,0,0,0,1,0.0,0.0,0.0
105077,A,Mobile,Social,Returning,0,1,0,0,0,0,1,0.0,0.0,0.0
105078,B,Mobile,Organic,New,0,0,0,0,0,0,0,0.0,0.0,0.0
105079,A,Mobile,Organic,New,0,1,1,1,0,0,0,0.0,0.0,0.0
105080,A,Mobile,Social,New,0,0,0,0,0,0,0,0.0,0.0,0.0
105081,A,Desktop,Organic,New,0,0,0,0,0,0,0,0.0,0.0,0.0
105082,A,Desktop,Organic,New,0,0,0,0,0,0,0,0.0,0.0,0.0
105083,B,Mobile,Organic,New,0,1,0,0,0,0,0,0.0,0.0,0.0
105084,A,Mobile,Social,Returning,1,0,0,0,0,0,0,0.0,0.0,0.0
105085,A,Desktop,Email,New,0,1,0,0,0,0,0,0.0,0.0,0.0
105086,A,Mobile,Organic,Returning,0,1,1,0,0,0,0,0.0,0.0,0.0
105087,B,Mobile,Social,New,0,1,1,1,0,0,1,0.0,0.0,0.0
105088,B,Mobile,Social,New,0,1,0,0,0,0,1,0.0,0.0,0.0
105089,B,Mobile,Organic,New,0,1,0,0,0,0,1,0.0,0.0,0.0
105090,B,Desktop,Email,Returning,0,1,0,0,0,0,1,0.0,0.0,0.0
105091,B,Desktop,Paid Search,Returning,0,1,0,0,0,0,1,0.0,0.0,0.0
105092,A,Desktop,Paid Search,Returning,0,1,0,0,0,0,0,0.0,0.0,0.0
105093,B,Desktop,Social,Returning,0,1,0,0,0,0,1,0.0,0.0,0.0
105094,A,Mobile,Email,New,0,0,0,0,0,0,0,0.0,0.0,0.0
105095,B,Mobile,Organic,New,0,1,0,0,0,0,0,0.0,0.0,0.0
105096,B,Mobile,Organic,New,0,1,0,0,0,0,1,0.0,0.0,0.0
105097,A,Mobile,Organic,Returning,0,0,0,0,0,0,0,0.0,0.0,0.0
105098,A,Mobile,Organic,New,0,1,0,0,0,0,0,0.0,0.0,0.0
105099,B,Mobile,Direct,Returning,0,1,0,0,0,0,0,0.0,0.0,0.0
105100,B,Mobile,Social,Returning,0,1,0,0,0,0,0,0.0,0.0,0.0
105101,B,Desktop,Social,New,0,1,0,0,0,0,1,0.0,0.0,0.0
105102,A,Mobile,Social,New,1,1,0,0,0,0,0,0.0,0.0,0.0
105103,A,Mobile,Paid Search,New,1,1,0,0,0,0,0,0.0,0.0,0.0
105104,A,Mobile,Organic,New,0,1,0,0,0,0,0,0.0,0.0,0.0
105105,A,Mobile,Organic,New,0,1,0,0,0,0,0,0.0,0.0,0.0
105106,A,Mobile,Social,Returning,0,1,0,0,0,0,0,0.0,0.0,0.0
105107,B,Desktop,Paid Search,Returning,0,1,0,0,0,0,0,0.0,0.0,0.0
105108,B,Desktop,Social,Returning,0,1,0,0,0,0,0,0.0,0.0,0.0
105109,A,Mobile,Social,Returning,0,0,0,0,0,0,1,0.0,0.0,0.0
105110,A,Mobile,Direct,Returning,0,1,0,0,0,0,0,0.0,0.0,0.0
105111,A,Mobile,Organic,New,0,1,1,0,0,0,1,0.0,0.0,0.0
105112,A,Desktop,Direct,New,0,1,0,0,0,0,1,0.0,0.0,0.0
105113,A,Mobile,Paid Search,New,0,1,0,0,0,0,0,0.0,0.0,0.0
105114,A,Mobile,Email,Returning,0,1,0,0,0,0,0,0.0,0.0,0.0
105115,B,Desktop,Organic,New,0,1,0,0,0,0,0,0.0,0.0,0.0
105116,B,Mobile,Social,New,0,1,1,0,0,0,0,0.0,0.0,0.0
105117,B,Tablet,Paid Search,New,0,0,0,0,0,0,0,0.0,0.0,0.0
105118,A,Tablet,Organic,Returning,0,1,1,1,1,0,1,3080.466170641012,0.0,3080.466170641012
105119,B,Desktop,Paid Search,Returning,0,1,0,0,0,0,0,0.0,0.0,0.0
105120,A,Mobile,Paid Search,New,0,0,0,0,0,0,0,0.0,0.0,0.0
105121,B,Desktop,Social,New,1,1,1,0,0,0,1,0.0,0.0,0.0
105122,A,Desktop,Organic,New,0,0,0,0,0,0,0,0.0,0.0,0.0
105123,B,Desktop,Social,Returning,1,1,0,0,0,0,0,0.0,0.0,0.0
105124,A,Mobile,Paid Search,Returning,1,1,0,0,0,0,1,0.0,0.0,0.0
105125,A,Mobile,Paid Search,New,0,1,0,0,0,0,0,0.0,0.0,0.0
105126,A,Mobile,Social,New,0,1,0,0,0,0,0,0.0,0.0,0.0
105127,A,Mobile,Email,Returning,0,1,0,0,0,0,0,0.0,0.0,0.0
105128,B,Mobile,Social,New,1,0,0,0,0,0,1,0.0,0.0,0.0
105129,A,Desktop,Organic,New,0,1,0,0,0,0,0,0.0,0.0,0.0
105130,A,Desktop,Organic,Returning,0,0,0,0,0,0,0,0.0,0.0,0.0
105131,A,Mobile,Social,New,0,1,0,0,0,0,0,0.0,0.0,0.0
105132,A,Mobile,Paid Search,New,0,1,1,0,0,0,0,0.0,0.0,0.0
105133,B,Desktop,Social,New,0,0,0,0,0,0,0,0.0,0.0,0.0
105134,A,Mobile,Organic,Returning,0,0,0,0,0,0,0,0.0,0.0,0.0
105135,B,Mobile,Organic,Returning,1,1,0,0,0,0,1,0.0,0.0,0.0
105136,B,Mobile,Organic,New,0,1,0,0,0,0,0,0.0,0.0,0.0
105137,A,Mobile,Social,New,0,1,0,0,0,0,0,0.0,0.0,0.0
105138,B,Mobile,Direct,New,1,1,1,1,1,1,1,2657.43861285826,3286.778952904541,5944.217565762801
105139,A,Mobile,Paid Search,Returning,0,0,0,0,0,0,1,0.0,0.0,0.0
105140,B,Tablet,Paid Search,New,0,1,0,0,0,0,1,0.0,0.0,0.0
105141,B,Desktop,Social,Returning,0,1,0,0,0,0,1,0.0,0.0,0.0
105142,B,Mobile,Direct,New,0,1,0,0,0,0,0,0.0,0.0,0.0
105143,A,Mobile,Organic,New,0,1,1,0,0,0,0,0.0,0.0,0.0
105144,B,Desktop,Organic,New,0,1,0,0,0,0,0,0.0,0.0,0.0
105145,A,Mobile,Organic,New,0,1,0,0,0,0,1,0.0,0.0,0.0
105146,B,Mobile,Email,Returning,0,1,0,0,0,0,0,0.0,0.0,0.0
105147,B,Mobile,Direct,New,0,0,0,0,0,0,0,0.0,0.0,0.0
105148,A,Desktop,Organic,New,0,0,0,0,0,0,1,0.0,0.0,0.0
105149,B,Mobile,Email,New,0,1,1,0,0,0,0,0.0,0.0,0.0
105150,B,Mobile,Organic,Returning,0,1,0,0,0,0,0,0.0,0.0,0.0
105151,A,Mobile,Direct,New,0,0,0,0,0,0,0,0.0,0.0,0.0
105152,A,Desktop,Social,Returning,0,0,0,0,0,0,0,0.0,0.0,0.0
105153,B,Desktop,Email,Returning,0,0,0,0,0,0,1,0.0,0.0,0.0
105154,A,Mobile,Email,Returning,0,1,0,0,0,0,1,0.0,0.0,0.0
105155,A,Mobile,Organic,New,0,1,0,0,0,0,0,0.0,0.0,0.0
105156,A,Mobile,Social,New,0,1,0,0,0,0,0,0.0,0.0,0.0
105157,A,Mobile,Social,New,1,1,0,0,0,0,0,0.0,0.0,0.0
105158,B,Mobile,Paid Search,Returning,0,1,0,0,0,0,1,0.0,0.0,0.0
105159,A,Mobile,Organic,New,0,1,1,1,1,0,0,900.0,0.0,900.0
105160,A,Mobile,Social,New,0,1,0,0,0,0,0,0.0,0.0,0.0
105161,B,Mobile,Paid Search,New,0,1,0,0,0,0,0,0.0,0.0,0.0
105162,B,Mobile,Organic,New,0,1,1,0,0,0,1,0.0,0.0,0.0
105163,A,Mobile,Organic,Returning,0,1,0,0,0,0,0,0.0,0.0,0.0
105164,A,Desktop,Organic,New,0,1,0,0,0,0,0,0.0,0.0,0.0
105165,B,Mobile,Organic,New,1,1,0,0,0,0,0,0.0,0.0,0.0
105166,A,Desktop,Organic,New,0,0,0,0,0,0,0,0.0,0.0,0.0
105167,B,Mobile,Organic,New,0,1,1,1,0,0,0,0.0,0.0,0.0
105168,B,Mobile,Paid Search,New,0,1,1,1,1,0,0,3235.3134617169394,0.0,3235.3134617169394
105169,A,Mobile,Organic,New,1,1,1,1,0,0,1,0.0,0.0,0.0
105170,B,Mobile,Organic,New,0,1,0,0,0,0,0,0.0,0.0,0.0
105171,B,Mobile,Paid Search,Returning,0,1,0,0,0,0,1,0.0,0.0,0.0
105172,B,Desktop,Paid Search,New,0,1,0,0,0,0,1,0.0,0.0,0.0
105173,A,Desktop,Email,New,0,0,0,0,0,0,0,0.0,0.0,0.0
105174,B,Mobile,Organic,New,0,1,0,0,0,0,0,0.0,0.0,0.0
105175,B,Mobile,Paid Search,New,0,0,0,0,0,0,1,0.0,0.0,0.0
105176,A,Mobile,Organic,New,0,1,1,0,0,0,0,0.0,0.0,0.0
105177,B,Desktop,Social,New,1,1,0,0,0,0,0,0.0,0.0,0.0
105178,B,Desktop,Organic,New,0,1,0,0,0,0,0,0.0,0.0,0.0
105179,A,Tablet,Paid Search,New,0,1,0,0,0,0,0,0.0,0.0,0.0
105180,A,Tablet,Direct,Returning,0,0,0,0,0,0,1,0.0,0.0,0.0
105181,A,Mobile,Email,New,0,1,0,0,0,0,0,0.0,0.0,0.0
105182,B,Mobile,Organic,Returning,0,1,0,0,0,0,0,0.0,0.0,0.0
105183,A,Mobile,Paid Search,New,0,1,0,0,0,0,0,0.0,0.0,0.0
105184,B,Mobile,Social,New,0,0,0,0,0,0,0,0.0,0.0,0.0
105185,B,Desktop,Email,Returning,0,1,0,0,0,0,0,0.0,0.0,0.0
105186,B,Desktop,Paid Search,New,0,1,1,1,0,0,1,0.0,0.0,0.0
105187,B,Mobile,Direct,Returning,0,1,0,0,0,0,0,0.0,0.0,0.0
105188,B,Mobile,Organic,New,1,1,1,1,1,0,0,1665.2678727041823,0.0,1665.2678727041823
105189,B,Desktop,Organic,New,0,1,1,1,1,0,1,2546.281963181555,0.0,2546.281963181555
105190,B,Mobile,Paid Search,New,0,1,0,0,0,0,1,0.0,0.0,0.0
105191,B,Mobile,Direct,Returning,0,0,0,0,0,0,0,0.0,0.0,0.0
105192,B,Desktop,Direct,New,0,1,1,0,0,0,0,0.0,0.0,0.0
105193,A,Mobile,Email,New,0,1,0,0,0,0,0,0.0,0.0,0.0
105194,A,Mobile,Paid Search,New,0,1,0,0,0,0,1,0.0,0.0,0.0
105195,A,Desktop,Social,New,0,1,0,0,0,0,0,0.0,0.0,0.0
105196,A,Desktop,Organic,Returning,0,1,0,0,0,0,0,0.0,0.0,0.0
105197,A,Desktop,Email,New,0,0,0,0,0,0,1,0.0,0.0,0.0
105198,A,Mobile,Social,New,1,1,0,0,0,0,0,0.0,0.0,0.0
105199,B,Desktop,Paid Search,Returning,0,1,0,0,0,0,1,0.0,0.0,0.0
105200,A,Desktop,Organic,Returning,1,0,0,0,0,0,0,0.0,0.0,0.0
105201,A,Mobile,Paid Search,Returning,0,1,0,0,0,0,0,0.0,0.0,0.0
105202,A,Mobile,Email,New,0,1,0,0,0,0,0,0.0,0.0,0.0
105203,B,Tablet,Direct,New,0,1,0,0,0,0,0,0.0,0.0,0.0
105204,A,Mobile,Email,New,1,1,1,1,1,1,0,2958.95788951049,2717.40116344514,5676.3590529556295
105205,B,Mobile,Social,New,0,1,0,0,0,0,0,0.0,0.0,0.0
105206,B,Mobile,Paid Search,New,0,1,0,0,0,0,1,0.0,0.0,0.0
105207,B,Mobile,Social,New,0,0,0,0,0,0,1,0.0,0.0,0.0
105208,B,Mobile,Organic,New,1,1,0,0,0,0,1,0.0,0.0,0.0
105209,B,Mobile,Email,New,0,0,0,0,0,0,0,0.0,0.0,0.0
105210,A,Mobile,Paid Search,New,0,1,0,0,0,0,0,0.0,0.0,0.0
105211,A,Mobile,Social,New,0,0,0,0,0,0,1,0.0,0.0,0.0
105212,B,Desktop,Email,Returning,0,1,0,0,0,0,0,0.0,0.0,0.0
105213,B,Mobile,Organic,New,0,0,0,0,0,0,0,0.0,0.0,0.0
105214,B,Mobile,Direct,New,1,0,0,0,0,0,0,0.0,0.0,0.0
105215,A,Desktop,Paid Search,Returning,0,0,0,0,0,0,0,0.0,0.0,0.0
105216,B,Desktop,Paid Search,Returning,0,1,0,0,0,0,0,0.0,0.0,0.0
105217,A,Mobile,Organic,Returning,0,1,0,0,0,0,0,0.0,0.0,0.0
105218,A,Desktop,Social,Returning,0,1,0,0,0,0,0,0.0,0.0,0.0
105219,A,Mobile,Paid Search,New,0,1,1,1,1,0,0,3712.442117146003,0.0,3712.442117146003
105220,A,Mobile,Direct,New,0,1,1,1,1,0,0,1899.8717889619415,0.0,1899.8717889619415
105221,A,Mobile,Paid Search,Returning,0,0,0,0,0,0,0,0.0,0.0,0.0
105222,B,Mobile,Organic,New,1,1,0,0,0,0,0,0.0,0.0,0.0
105223,B,Mobile,Paid Search,New,0,0,0,0,0,0,0,0.0,0.0,0.0
105224,A,Mobile,Email,New,0,1,0,0,0,0,1,0.0,0.0,0.0
105225,A,Desktop,Organic,Returning,0,0,0,0,0,0,0,0.0,0.0,0.0
105226,B,Mobile,Paid Search,Returning,0,0,0,0,0,0,0,0.0,0.0,0.0
105227,A,Mobile,Direct,New,0,1,0,0,0,0,1,0.0,0.0,0.0
105228,B,Desktop,Organic,New,0,1,0,0,0,0,0,0.0,0.0,0.0
105229,A,Mobile,Direct,New,0,1,0,0,0,0,0,0.0,0.0,0.0
105230,A,Mobile,Social,Returning,0,0,0,0,0,0,0,0.0,0.0,0.0
105231,A,Mobile,Social,New,0,0,0,0,0,0,1,0.0,0.0,0.0
105232,A,Mobile,Direct,New,0,1,0,0,0,0,1,0.0,0.0,0.0
105233,B,Desktop,Email,Returning,0,1,0,0,0,0,0,0.0,0.0,0.0
105234,A,Mobile,Organic,New,0,1,0,0,0,0,0,0.0,0.0,0.0
105235,B,Mobile,Organic,New,0,1,1,1,1,0,1,3083.971546747397,0.0,3083.971546747397
105236,B,Desktop,Email,New,0,0,0,0,0,0,0,0.0,0.0,0.0
105237,B,Mobile,Paid Search,New,0,1,0,0,0,0,1,0.0,0.0,0.0
105238,B,Mobile,Paid Search,New,0,0,0,0,0,0,0,0.0,0.0,0.0
105239,B,Mobile,Social,Returning,0,0,0,0,0,0,0,0.0,0.0,0.0
105240,A,Mobile,Email,New,0,0,0,0,0,0,0,0.0,0.0,0.0
105241,A,Mobile,Direct,New,0,1,0,0,0,0,0,0.0,0.0,0.0
105242,B,Mobile,Social,Returning,0,1,0,0,0,0,0,0.0,0.0,0.0
105243,A,Mobile,Direct,Returning,0,0,0,0,0,0,0,0.0,0.0,0.0
105244,B,Mobile,Organic,New,0,1,0,0,0,0,0,0.0,0.0,0.0
105245,A,Desktop,Social,New,1,0,0,0,0,0,0,0.0,0.0,0.0
105246,B,Desktop,Organic,Returning,0,1,0,0,0,0,1,0.0,0.0,0.0
105247,B,Mobile,Direct,Returning,0,1,0,0,0,0,1,0.0,0.0,0.0
105248,A,Mobile,Paid Search,New,0,0,0,0,0,0,0,0.0,0.0,0.0
105249,B,Mobile,Paid Search,Returning,0,0,0,0,0,0,0,0.0,0.0,0.0
105250,B,Mobile,Social,Returning,0,1,0,0,0,0,1,0.0,0.0,0.0
105251,A,Mobile,Email,New,0,1,0,0,0,0,1,0.0,0.0,0.0
105252,B,Mobile,Organic,New,0,1,0,0,0,0,0,0.0,0.0,0.0
105253,A,Tablet,Social,Returning,1,1,0,0,0,0,0,0.0,0.0,0.0
105254,B,Mobile,Direct,New,0,1,0,0,0,0,1,0.0,0.0,0.0
105255,A,Mobile,Social,New,0,1,0,0,0,0,1,0.0,0.0,0.0
105256,A,Mobile,Organic,New,0,1,1,1,0,0,0,0.0,0.0,0.0
105257,B,Mobile,Paid Search,New,0,1,0,0,0,0,0,0.0,0.0,0.0
105258,B,Mobile,Organic,New,0,1,1,1,0,0,0,0.0,0.0,0.0
105259,A,Mobile,Paid Search,New,0,1,0,0,0,0,1,0.0,0.0,0.0
105260,A,Desktop,Social,New,0,1,0,0,0,0,0,0.0,0.0,0.0
105261,B,Desktop,Social,New,0,1,0,0,0,0,0,0.0,0.0,0.0
105262,A,Tablet,Paid Search,New,0,1,0,0,0,0,1,0.0,0.0,0.0
105263,B,Mobile,Direct,New,1,1,1,1,1,0,1,1978.22058165286,0.0,1978.22058165286
105264,B,Mobile,Organic,New,0,1,0,0,0,0,0,0.0,0.0,0.0
105265,B,Desktop,Paid Search,New,0,1,0,0,0,0,1,0.0,0.0,0.0
105266,B,Desktop,Organic,New,0,0,0,0,0,0,0,0.0,0.0,0.0
105267,B,Mobile,Organic,New,0,0,0,0,0,0,1,0.0,0.0,0.0
105268,A,Mobile,Social,Returning,1,0,0,0,0,0,1,0.0,0.0,0.0
105269,B,Mobile,Organic,New,0,0,0,0,0,0,0,0.0,0.0,0.0
105270,B,Desktop,Organic,New,0,1,0,0,0,0,0,0.0,0.0,0.0
105271,B,Desktop,Direct,New,0,0,0,0,0,0,1,0.0,0.0,0.0
105272,B,Mobile,Social,New,0,1,0,0,0,0,1,0.0,0.0,0.0
105273,A,Mobile,Direct,New,0,0,0,0,0,0,0,0.0,0.0,0.0
105274,A,Mobile,Paid Search,New,0,0,0,0,0,0,1,0.0,0.0,0.0
105275,A,Mobile,Direct,New,1,0,0,0,0,0,0,0.0,0.0,0.0
105276,A,Mobile,Social,Returning,1,1,0,0,0,0,0,0.0,0.0,0.0
105277,A,Tablet,Organic,New,0,1,0,0,0,0,0,0.0,0.0,0.0
105278,B,Mobile,Social,New,0,1,0,0,0,0,0,0.0,0.0,0.0
105279,A,Mobile,Organic,New,0,1,0,0,0,0,1,0.0,0.0,0.0
105280,B,Mobile,Paid Search,New,0,0,0,0,0,0,1,0.0,0.0,0.0
105281,A,Mobile,Organic,New,0,1,0,0,0,0,1,0.0,0.0,0.0
105282,B,Mobile,Organic,New,0,1,1,1,1,0,0,3020.288565567144,0.0,3020.288565567144
105283,B,Desktop,Direct,New,0,1,1,1,0,0,1,0.0,0.0,0.0
105284,A,Mobile,Email,New,0,1,0,0,0,0,0,0.0,0.0,0.0
105285,A,Mobile,Organic,New,0,1,1,0,0,0,1,0.0,0.0,0.0
105286,B,Desktop,Email,New,0,1,0,0,0,0,0,0.0,0.0,0.0
105287,B,Desktop,Organic,Returning,0,1,0,0,0,0,1,0.0,0.0,0.0
105288,B,Mobile,Direct,New,1,1,1,0,0,0,0,0.0,0.0,0.0
105289,B,Mobile,Paid Search,Returning,0,1,0,0,0,0,1,0.0,0.0,0.0
105290,B,Desktop,Social,New,0,1,1,0,0,0,0,0.0,0.0,0.0
105291,B,Mobile,Paid Search,Returning,0,1,0,0,0,0,0,0.0,0.0,0.0
105292,A,Mobile,Social,New,0,1,0,0,0,0,0,0.0,0.0,0.0
105293,A,Desktop,Organic,Returning,1,1,0,0,0,0,1,0.0,0.0,0.0
105294,A,Desktop,Direct,New,1,1,0,0,0,0,0,0.0,0.0,0.0
105295,B,Mobile,Social,New,0,1,0,0,0,0,1,0.0,0.0,0.0
105296,B,Mobile,Organic,New,0,1,1,0,0,0,0,0.0,0.0,0.0
105297,A,Mobile,Organic,New,0,0,0,0,0,0,0,0.0,0.0,0.0
105298,B,Desktop,Organic,New,0,1,0,0,0,0,1,0.0,0.0,0.0
105299,A,Desktop,Organic,New,1,0,0,0,0,0,0,0.0,0.0,0.0
105300,A,Desktop,Organic,New,0,1,0,0,0,0,0,0.0,0.0,0.0
105301,A,Mobile,Direct,New,0,1,1,0,0,0,0,0.0,0.0,0.0
105302,B,Tablet,Social,Returning,0,0,0,0,0,0,1,0.0,0.0,0.0
105303,A,Mobile,Social,New,0,1,0,0,0,0,0,0.0,0.0,0.0
105304,B,Mobile,Social,Returning,0,0,0,0,0,0,0,0.0,0.0,0.0
105305,B,Desktop,Social,New,1,0,0,0,0,0,0,0.0,0.0,0.0
105306,B,Tablet,Social,Returning,0,1,0,0,0,0,1,0.0,0.0,0.0
105307,A,Tablet,Email,New,0,0,0,0,0,0,0,0.0,0.0,0.0
105308,B,Mobile,Social,New,0,0,0,0,0,0,1,0.0,0.0,0.0
105309,A,Tablet,Organic,New,0,1,0,0,0,0,1,0.0,0.0,0.0
105310,B,Mobile,Organic,New,0,1,0,0,0,0,1,0.0,0.0,0.0
105311,B,Desktop,Organic,Returning,0,1,0,0,0,0,1,0.0,0.0,0.0
105312,B,Mobile,Organic,New,0,0,0,0,0,0,0,0.0,0.0,0.0
105313,A,Mobile,Organic,New,0,0,0,0,0,0,0,0.0,0.0,0.0
105314,A,Mobile,Paid Search,Returning,0,0,0,0,0,0,1,0.0,0.0,0.0
105315,B,Mobile,Organic,New,0,1,0,0,0,0,1,0.0,0.0,0.0
105316,A,Desktop,Social,Returning,0,1,1,1,1,0,0,2871.808552347612,0.0,2871.808552347612
105317,A,Mobile,Direct,New,0,1,0,0,0,0,0,0.0,0.0,0.0
105318,B,Mobile,Organic,Returning,0,1,0,0,0,0,0,0.0,0.0,0.0
105319,B,Mobile,Organic,Returning,0,1,0,0,0,0,0,0.0,0.0,0.0
105320,A,Mobile,Social,New,0,1,0,0,0,0,0,0.0,0.0,0.0
105321,B,Desktop,Paid Search,New,0,1,0,0,0,0,1,0.0,0.0,0.0
105322,B,Mobile,Paid Search,New,0,1,0,0,0,0,1,0.0,0.0,0.0
105323,B,Mobile,Direct,New,0,1,0,0,0,0,0,0.0,0.0,0.0
105324,B,Mobile,Paid Search,New,0,1,0,0,0,0,0,0.0,0.0,0.0
105325,B,Mobile,Paid Search,New,0,1,0,0,0,0,0,0.0,0.0,0.0
105326,B,Mobile,Organic,Returning,0,1,1,0,0,0,0,0.0,0.0,0.0
105327,A,Mobile,Email,New,0,0,0,0,0,0,1,0.0,0.0,0.0
105328,A,Mobile,Social,New,0,1,0,0,0,0,0,0.0,0.0,0.0
105329,B,Desktop,Organic,New,0,1,0,0,0,0,0,0.0,0.0,0.0
105330,B,Mobile,Email,New,0,1,0,0,0,0,0,0.0,0.0,0.0
105331,B,Tablet,Email,New,0,1,0,0,0,0,1,0.0,0.0,0.0
105332,B,Mobile,Paid Search,New,1,1,0,0,0,0,0,0.0,0.0,0.0
105333,B,Tablet,Organic,New,0,1,1,1,1,0,0,1577.278748957882,0.0,1577.278748957882
105334,A,Mobile,Social,Returning,0,1,0,0,0,0,0,0.0,0.0,0.0
105335,A,Desktop,Email,New,0,1,0,0,0,0,0,0.0,0.0,0.0
105336,A,Mobile,Direct,New,0,1,0,0,0,0,1,0.0,0.0,0.0
105337,A,Mobile,Paid Search,New,1,1,0,0,0,0,0,0.0,0.0,0.0
105338,B,Mobile,Paid Search,Returning,0,1,0,0,0,0,1,0.0,0.0,0.0
105339,B,Desktop,Paid Search,Returning,0,1,0,0,0,0,0,0.0,0.0,0.0
105340,A,Desktop,Social,New,0,1,1,0,0,0,1,0.0,0.0,0.0
105341,B,Desktop,Paid Search,New,0,1,0,0,0,0,1,0.0,0.0,0.0
105342,B,Desktop,Social,New,1,1,0,0,0,0,0,0.0,0.0,0.0
105343,B,Tablet,Social,Returning,0,1,0,0,0,0,1,0.0,0.0,0.0
105344,A,Desktop,Direct,New,0,1,0,0,0,0,0,0.0,0.0,0.0
105345,B,Mobile,Organic,New,0,1,0,0,0,0,0,0.0,0.0,0.0
105346,B,Mobile,Paid Search,Returning,0,1,0,0,0,0,0,0.0,0.0,0.0
105347,A,Mobile,Organic,New,0,1,1,1,0,0,0,0.0,0.0,0.0
105348,B,Desktop,Email,New,1,1,1,1,1,0,0,2322.672632081986,0.0,2322.672632081986
105349,B,Mobile,Social,New,0,1,0,0,0,0,0,0.0,0.0,0.0
105350,B,Desktop,Direct,New,0,1,0,0,0,0,0,0.0,0.0,0.0
105351,A,Desktop,Social,Returning,0,1,1,1,1,0,0,4690.442428323263,0.0,4690.442428323263
105352,B,Mobile,Social,New,0,1,0,0,0,0,0,0.0,0.0,0.0
105353,B,Mobile,Email,New,0,0,0,0,0,0,1,0.0,0.0,0.0
105354,B,Mobile,Paid Search,New,1,1,0,0,0,0,0,0.0,0.0,0.0
105355,B,Mobile,Paid Search,New,0,1,0,0,0,0,0,0.0,0.0,0.0
105356,B,Desktop,Direct,New,0,1,0,0,0,0,0,0.0,0.0,0.0
105357,B,Mobile,Organic,Returning,0,1,0,0,0,0,0,0.0,0.0,0.0
105358,A,Mobile,Organic,New,0,1,0,0,0,0,0,0.0,0.0,0.0
105359,A,Mobile,Paid Search,Returning,0,0,0,0,0,0,0,0.0,0.0,0.0
105360,A,Desktop,Organic,New,1,1,1,1,0,0,1,0.0,0.0,0.0
105361,A,Desktop,Paid Search,New,0,1,1,0,0,0,1,0.0,0.0,0.0
105362,A,Mobile,Email,New,0,1,0,0,0,0,1,0.0,0.0,0.0
105363,B,Mobile,Paid Search,New,0,0,0,0,0,0,0,0.0,0.0,0.0
105364,B,Desktop,Paid Search,New,1,0,0,0,0,0,1,0.0,0.0,0.0
105365,B,Desktop,Paid Search,New,0,0,0,0,0,0,0,0.0,0.0,0.0
105366,B,Desktop,Social,New,0,1,0,0,0,0,1,0.0,0.0,0.0
105367,B,Desktop,Direct,Returning,0,1,0,0,0,0,0,0.0,0.0,0.0
105368,B,Mobile,Organic,New,0,1,1,1,1,0,1,3403.0657517399454,0.0,3403.0657517399454
105369,A,Mobile,Social,New,0,1,0,0,0,0,1,0.0,0.0,0.0
105370,A,Mobile,Social,New,0,1,0,0,0,0,0,0.0,0.0,0.0
105371,B,Mobile,Social,New,0,0,0,0,0,0,0,0.0,0.0,0.0
105372,A,Mobile,Email,Returning,0,1,0,0,0,0,0,0.0,0.0,0.0
105373,A,Mobile,Paid Search,New,0,1,0,0,0,0,0,0.0,0.0,0.0
105374,A,Tablet,Organic,New,0,1,0,0,0,0,1,0.0,0.0,0.0
105375,B,Mobile,Paid Search,New,0,1,1,1,1,0,0,2577.0224965997495,0.0,2577.0224965997495
105376,A,Desktop,Direct,Returning,0,1,0,0,0,0,0,0.0,0.0,0.0
105377,A,Desktop,Paid Search,New,0,0,0,0,0,0,0,0.0,0.0,0.0
105378,A,Mobile,Paid Search,New,0,1,0,0,0,0,0,0.0,0.0,0.0
105379,A,Mobile,Paid Search,Returning,0,1,0,0,0,0,0,0.0,0.0,0.0
105380,A,Mobile,Direct,New,0,1,0,0,0,0,1,0.0,0.0,0.0
105381,B,Desktop,Paid Search,New,0,1,0,0,0,0,0,0.0,0.0,0.0
105382,A,Mobile,Direct,New,0,1,0,0,0,0,0,0.0,0.0,0.0
105383,B,Mobile,Paid Search,New,0,1,0,0,0,0,0,0.0,0.0,0.0
105384,B,Mobile,Direct,New,0,1,0,0,0,0,1,0.0,0.0,0.0
105385,A,Mobile,Paid Search,New,0,1,0,0,0,0,0,0.0,0.0,0.0
105386,A,Tablet,Organic,New,0,0,0,0,0,0,0,0.0,0.0,0.0
105387,A,Mobile,Paid Search,New,0,1,0,0,0,0,1,0.0,0.0,0.0
105388,A,Mobile,Paid Search,New,0,1,0,0,0,0,1,0.0,0.0,0.0
105389,A,Mobile,Email,New,0,0,0,0,0,0,0,0.0,0.0,0.0
105390,B,Mobile,Email,New,0,1,0,0,0,0,1,0.0,0.0,0.0
105391,B,Mobile,Direct,New,0,0,0,0,0,0,0,0.0,0.0,0.0
105392,B,Mobile,Organic,New,1,0,0,0,0,0,0,0.0,0.0,0.0
105393,A,Mobile,Social,Returning,1,0,0,0,0,0,1,0.0,0.0,0.0
105394,A,Mobile,Paid Search,New,0,1,0,0,0,0,1,0.0,0.0,0.0
105395,B,Tablet,Organic,Returning,0,1,0,0,0,0,1,0.0,0.0,0.0
105396,B,Mobile,Social,New,0,1,0,0,0,0,1,0.0,0.0,0.0
105397,B,Mobile,Organic,New,0,1,0,0,0,0,1,0.0,0.0,0.0
105398,A,Desktop,Social,New,0,0,0,0,0,0,1,0.0,0.0,0.0
105399,B,Desktop,Email,New,0,1,0,0,0,0,0,0.0,0.0,0.0
105400,B,Mobile,Social,Returning,0,1,0,0,0,0,1,0.0,0.0,0.0
105401,B,Mobile,Paid Search,New,0,1,1,1,1,1,0,2875.054109405533,3714.312052853304,6589.366162258837
105402,B,Mobile,Paid Search,New,0,1,1,1,1,1,1,3590.6107175227953,4161.576599419319,7752.187316942114
105403,A,Mobile,Social,New,0,1,1,1,1,0,0,2763.9269524459805,0.0,2763.9269524459805
105404,A,Desktop,Organic,Returning,0,0,0,0,0,0,1,0.0,0.0,0.0
105405,B,Mobile,Organic,New,0,1,1,1,0,0,0,0.0,0.0,0.0
105406,A,Mobile,Social,New,0,0,0,0,0,0,0,0.0,0.0,0.0
105407,A,Mobile,Organic,New,0,1,1,0,0,0,1,0.0,0.0,0.0
105408,A,Desktop,Social,New,0,0,0,0,0,0,1,0.0,0.0,0.0
105409,A,Mobile,Organic,Returning,0,1,0,0,0,0,0,0.0,0.0,0.0
105410,B,Mobile,Paid Search,Returning,0,0,0,0,0,0,1,0.0,0.0,0.0
105411,B,Mobile,Paid Search,New,0,1,1,1,1,1,1,2459.798221279368,2085.5812437106983,4545.3794649900665
105412,B,Desktop,Email,Returning,1,1,0,0,0,0,0,0.0,0.0,0.0
105413,A,Tablet,Paid Search,New,0,0,0,0,0,0,1,0.0,0.0,0.0
105414,B,Mobile,Social,New,0,1,0,0,0,0,0,0.0,0.0,0.0
105415,A,Mobile,Organic,New,0,1,0,0,0,0,0,0.0,0.0,0.0
105416,B,Mobile,Social,New,0,1,0,0,0,0,1,0.0,0.0,0.0
105417,B,Mobile,Paid Search,Returning,0,1,0,0,0,0,1,0.0,0.0,0.0
105418,A,Desktop,Paid Search,Returning,0,0,0,0,0,0,1,0.0,0.0,0.0
105419,B,Tablet,Direct,Returning,0,1,1,1,1,0,1,3298.064387600936,0.0,3298.064387600936
105420,B,Mobile,Email,Returning,0,0,0,0,0,0,0,0.0,0.0,0.0
105421,B,Mobile,Social,New,0,1,0,0,0,0,0,0.0,0.0,0.0
105422,A,Desktop,Direct,New,1,1,0,0,0,0,0,0.0,0.0,0.0
105423,B,Mobile,Social,New,0,0,0,0,0,0,1,0.0,0.0,0.0
105424,B,Mobile,Direct,New,0,1,0,0,0,0,0,0.0,0.0,0.0
105425,A,Mobile,Email,Returning,0,1,0,0,0,0,1,0.0,0.0,0.0
105426,A,Desktop,Direct,Returning,0,1,0,0,0,0,0,0.0,0.0,0.0
105427,A,Desktop,Paid Search,New,0,1,0,0,0,0,1,0.0,0.0,0.0
105428,B,Mobile,Organic,Returning,0,1,0,0,0,0,1,0.0,0.0,0.0
105429,B,Mobile,Email,Returning,0,1,0,0,0,0,0,0.0,0.0,0.0
105430,A,Mobile,Paid Search,Returning,0,1,0,0,0,0,0,0.0,0.0,0.0
105431,A,Mobile,Paid Search,Returning,0,0,0,0,0,0,0,0.0,0.0,0.0
105432,B,Mobile,Social,Returning,0,1,0,0,0,0,1,0.0,0.0,0.0
105433,B,Desktop,Organic,New,0,1,0,0,0,0,1,0.0,0.0,0.0
105434,B,Mobile,Email,New,0,1,0,0,0,0,0,0.0,0.0,0.0
105435,A,Mobile,Organic,New,0,1,0,0,0,0,0,0.0,0.0,0.0
105436,A,Mobile,Organic,Returning,0,1,0,0,0,0,0,0.0,0.0,0.0
105437,A,Tablet,Organic,New,0,1,0,0,0,0,0,0.0,0.0,0.0
105438,B,Desktop,Direct,New,0,0,0,0,0,0,1,0.0,0.0,0.0
105439,B,Mobile,Organic,New,0,1,0,0,0,0,0,0.0,0.0,0.0
105440,A,Mobile,Organic,New,0,1,0,0,0,0,0,0.0,0.0,0.0
105441,B,Mobile,Organic,Returning,0,1,0,0,0,0,1,0.0,0.0,0.0
105442,B,Desktop,Direct,New,0,0,0,0,0,0,1,0.0,0.0,0.0
105443,B,Mobile,Paid Search,Returning,0,1,0,0,0,0,0,0.0,0.0,0.0
105444,B,Mobile,Direct,New,0,1,0,0,0,0,0,0.0,0.0,0.0
105445,A,Desktop,Organic,New,0,0,0,0,0,0,0,0.0,0.0,0.0
105446,B,Mobile,Organic,New,0,1,1,1,1,1,1,2880.365376411561,3559.870778901332,6440.236155312893
105447,A,Desktop,Organic,New,0,1,0,0,0,0,0,0.0,0.0,0.0
105448,B,Desktop,Organic,New,0,1,1,1,1,1,0,2208.430506329167,2027.2303784104827,4235.66088473965
105449,B,Desktop,Direct,Returning,0,1,0,0,0,0,0,0.0,0.0,0.0
105450,A,Mobile,Paid Search,New,0,0,0,0,0,0,0,0.0,0.0,0.0
105451,A,Mobile,Social,New,0,1,0,0,0,0,0,0.0,0.0,0.0
105452,A,Mobile,Organic,New,0,0,0,0,0,0,1,0.0,0.0,0.0
105453,A,Mobile,Organic,Returning,0,1,0,0,0,0,0,0.0,0.0,0.0
105454,A,Desktop,Paid Search,Returning,0,0,0,0,0,0,0,0.0,0.0,0.0
105455,B,Mobile,Organic,New,0,0,0,0,0,0,0,0.0,0.0,0.0
105456,B,Mobile,Direct,New,0,1,0,0,0,0,0,0.0,0.0,0.0
105457,B,Mobile,Paid Search,New,0,1,0,0,0,0,1,0.0,0.0,0.0
105458,A,Mobile,Organic,New,0,1,0,0,0,0,0,0.0,0.0,0.0
105459,A,Desktop,Organic,New,0,0,0,0,0,0,0,0.0,0.0,0.0
105460,A,Mobile,Organic,Returning,0,1,0,0,0,0,0,0.0,0.0,0.0
105461,B,Mobile,Organic,New,1,1,0,0,0,0,0,0.0,0.0,0.0
105462,A,Mobile,Organic,New,0,0,0,0,0,0,0,0.0,0.0,0.0
105463,B,Desktop,Paid Search,New,0,0,0,0,0,0,0,0.0,0.0,0.0
105464,B,Mobile,Paid Search,New,0,1,1,1,1,0,1,1706.1041892753717,0.0,1706.1041892753717
105465,A,Mobile,Organic,Returning,0,0,0,0,0,0,1,0.0,0.0,0.0
105466,A,Mobile,Social,Returning,0,1,0,0,0,0,0,0.0,0.0,0.0
105467,B,Mobile,Direct,New,0,1,0,0,0,0,1,0.0,0.0,0.0
105468,A,Mobile,Social,New,0,0,0,0,0,0,1,0.0,0.0,0.0
105469,B,Desktop,Paid Search,New,0,1,0,0,0,0,0,0.0,0.0,0.0
105470,A,Mobile,Organic,New,0,1,0,0,0,0,0,0.0,0.0,0.0
105471,B,Mobile,Paid Search,Returning,0,1,0,0,0,0,1,0.0,0.0,0.0
105472,B,Mobile,Direct,New,0,1,1,1,0,0,0,0.0,0.0,0.0
105473,B,Desktop,Email,New,0,1,0,0,0,0,1,0.0,0.0,0.0
105474,B,Mobile,Paid Search,New,0,1,0,0,0,0,0,0.0,0.0,0.0
105475,A,Mobile,Paid Search,New,0,1,0,0,0,0,0,0.0,0.0,0.0
105476,A,Mobile,Direct,New,0,1,0,0,0,0,0,0.0,0.0,0.0
105477,A,Mobile,Organic,Returning,0,0,0,0,0,0,1,0.0,0.0,0.0
105478,A,Mobile,Organic,New,0,1,0,0,0,0,1,0.0,0.0,0.0
105479,A,Mobile,Organic,Returning,0,1,0,0,0,0,0,0.0,0.0,0.0
105480,B,Mobile,Email,New,0,1,0,0,0,0,1,0.0,0.0,0.0
105481,A,Tablet,Social,New,0,1,0,0,0,0,0,0.0,0.0,0.0
105482,B,Desktop,Email,New,0,1,1,1,1,0,1,2666.4838219996864,0.0,2666.4838219996864
105483,B,Desktop,Social,New,0,0,0,0,0,0,0,0.0,0.0,0.0
105484,A,Mobile,Email,New,0,0,0,0,0,0,1,0.0,0.0,0.0
105485,A,Mobile,Email,New,0,1,0,0,0,0,1,0.0,0.0,0.0
105486,A,Mobile,Direct,New,1,0,0,0,0,0,0,0.0,0.0,0.0
105487,B,Mobile,Organic,New,0,1,0,0,0,0,0,0.0,0.0,0.0
105488,B,Desktop,Organic,New,1,1,1,1,1,0,0,3228.802927383431,0.0,3228.802927383431
105489,B,Mobile,Paid Search,New,0,1,1,0,0,0,0,0.0,0.0,0.0
105490,B,Desktop,Organic,New,0,1,0,0,0,0,1,0.0,0.0,0.0
105491,B,Desktop,Organic,Returning,0,0,0,0,0,0,1,0.0,0.0,0.0
105492,A,Mobile,Paid Search,New,0,1,1,0,0,0,0,0.0,0.0,0.0
105493,A,Desktop,Direct,New,0,0,0,0,0,0,0,0.0,0.0,0.0
105494,A,Mobile,Paid Search,New,1,1,0,0,0,0,1,0.0,0.0,0.0
105495,A,Desktop,Direct,Returning,0,1,0,0,0,0,1,0.0,0.0,0.0
105496,B,Mobile,Direct,Returning,0,1,0,0,0,0,0,0.0,0.0,0.0
105497,B,Mobile,Paid Search,New,0,0,0,0,0,0,1,0.0,0.0,0.0
105498,A,Desktop,Paid Search,New,0,1,0,0,0,0,0,0.0,0.0,0.0
105499,A,Desktop,Email,New,0,1,0,0,0,0,0,0.0,0.0,0.0
105500,B,Desktop,Organic,New,0,1,0,0,0,0,0,0.0,0.0,0.0
105501,B,Mobile,Organic,New,0,1,0,0,0,0,0,0.0,0.0,0.0
105502,B,Desktop,Organic,Returning,0,1,0,0,0,0,1,0.0,0.0,0.0
105503,A,Desktop,Organic,Returning,0,0,0,0,0,0,0,0.0,0.0,0.0
105504,B,Mobile,Organic,Returning,0,1,0,0,0,0,1,0.0,0.0,0.0
105505,A,Mobile,Email,Returning,0,1,0,0,0,0,0,0.0,0.0,0.0
105506,A,Mobile,Organic,New,0,1,0,0,0,0,0,0.0,0.0,0.0
105507,B,Desktop,Paid Search,Returning,0,1,0,0,0,0,0,0.0,0.0,0.0
105508,B,Desktop,Social,New,0,1,0,0,0,0,1,0.0,0.0,0.0
105509,B,Mobile,Paid Search,New,0,1,1,1,1,0,1,3679.6709839653304,0.0,3679.6709839653304
105510,A,Desktop,Email,New,0,1,1,1,1,1,0,4311.927121156102,3486.6898213675904,7798.616942523692
105511,A,Mobile,Organic,New,0,1,0,0,0,0,1,0.0,0.0,0.0
105512,B,Mobile,Direct,New,0,1,1,1,1,0,1,3057.778607077573,0.0,3057.778607077573
105513,B,Mobile,Organic,New,0,1,0,0,0,0,0,0.0,0.0,0.0
105514,B,Mobile,Direct,New,0,1,0,0,0,0,0,0.0,0.0,0.0
105515,A,Mobile,Paid Search,New,0,0,0,0,0,0,1,0.0,0.0,0.0
105516,A,Mobile,Organic,New,0,0,0,0,0,0,0,0.0,0.0,0.0
105517,B,Mobile,Social,Returning,0,1,0,0,0,0,0,0.0,0.0,0.0
105518,B,Mobile,Paid Search,Returning,0,1,1,1,1,0,1,2348.3736061288137,0.0,2348.3736061288137
105519,B,Mobile,Organic,New,0,1,0,0,0,0,0,0.0,0.0,0.0
105520,A,Desktop,Direct,Returning,0,0,0,0,0,0,0,0.0,0.0,0.0
105521,A,Mobile,Organic,Returning,0,1,0,0,0,0,1,0.0,0.0,0.0
105522,A,Mobile,Direct,Returning,0,1,0,0,0,0,1,0.0,0.0,0.0
105523,A,Mobile,Direct,New,0,1,0,0,0,0,0,0.0,0.0,0.0
105524,B,Tablet,Organic,New,0,1,0,0,0,0,1,0.0,0.0,0.0
105525,A,Mobile,Paid Search,New,0,1,0,0,0,0,0,0.0,0.0,0.0
105526,A,Desktop,Social,New,0,1,0,0,0,0,0,0.0,0.0,0.0
105527,B,Tablet,Email,New,0,0,0,0,0,0,0,0.0,0.0,0.0
105528,B,Mobile,Email,New,0,0,0,0,0,0,0,0.0,0.0,0.0
105529,A,Mobile,Organic,New,0,1,0,0,0,0,0,0.0,0.0,0.0
105530,B,Mobile,Social,New,0,1,1,1,0,0,0,0.0,0.0,0.0
105531,A,Mobile,Organic,New,0,0,0,0,0,0,0,0.0,0.0,0.0
105532,B,Mobile,Direct,New,0,0,0,0,0,0,1,0.0,0.0,0.0
105533,A,Mobile,Email,Returning,0,0,0,0,0,0,0,0.0,0.0,0.0
105534,B,Desktop,Paid Search,Returning,0,0,0,0,0,0,1,0.0,0.0,0.0
105535,B,Mobile,Direct,New,0,1,0,0,0,0,0,0.0,0.0,0.0
105536,A,Desktop,Social,New,0,1,0,0,0,0,0,0.0,0.0,0.0
105537,A,Mobile,Direct,Returning,0,1,0,0,0,0,1,0.0,0.0,0.0
105538,B,Mobile,Social,New,0,1,0,0,0,0,1,0.0,0.0,0.0
105539,B,Mobile,Organic,New,0,1,0,0,0,0,1,0.0,0.0,0.0
105540,A,Desktop,Paid Search,New,0,1,1,1,0,0,0,0.0,0.0,0.0
105541,B,Desktop,Paid Search,New,0,1,0,0,0,0,1,0.0,0.0,0.0
105542,A,Mobile,Organic,New,0,1,1,1,1,0,0,2955.046215875671,0.0,2955.046215875671
105543,B,Mobile,Direct,Returning,0,1,0,0,0,0,0,0.0,0.0,0.0
105544,A,Mobile,Direct,Returning,0,1,0,0,0,0,0,0.0,0.0,0.0
105545,A,Desktop,Paid Search,New,0,1,1,0,0,0,1,0.0,0.0,0.0
105546,B,Mobile,Paid Search,New,1,1,1,1,0,0,0,0.0,0.0,0.0
105547,B,Desktop,Direct,Returning,0,1,0,0,0,0,0,0.0,0.0,0.0
105548,B,Desktop,Organic,Returning,0,1,0,0,0,0,0,0.0,0.0,0.0
105549,A,Desktop,Direct,Returning,0,1,0,0,0,0,0,0.0,0.0,0.0
105550,B,Mobile,Paid Search,New,0,1,1,0,0,0,1,0.0,0.0,0.0
105551,B,Mobile,Paid Search,Returning,0,0,0,0,0,0,0,0.0,0.0,0.0
105552,A,Mobile,Email,New,0,1,0,0,0,0,0,0.0,0.0,0.0
105553,A,Desktop,Direct,New,1,1,1,1,0,0,0,0.0,0.0,0.0
105554,A,Mobile,Email,New,0,0,0,0,0,0,0,0.0,0.0,0.0
105555,A,Mobile,Social,Returning,0,1,0,0,0,0,1,0.0,0.0,0.0
105556,A,Desktop,Organic,New,0,0,0,0,0,0,0,0.0,0.0,0.0
105557,A,Desktop,Organic,New,0,1,0,0,0,0,0,0.0,0.0,0.0
105558,A,Mobile,Direct,Returning,0,1,0,0,0,0,0,0.0,0.0,0.0
105559,B,Mobile,Social,Returning,0,1,0,0,0,0,0,0.0,0.0,0.0
105560,A,Desktop,Social,New,1,1,1,1,1,0,1,3413.1231247227042,0.0,3413.1231247227042
105561,A,Mobile,Social,New,0,0,0,0,0,0,1,0.0,0.0,0.0
105562,A,Mobile,Organic,New,1,1,1,1,1,1,0,3316.6433518570248,3339.729209304319,6656.372561161344
105563,A,Desktop,Organic,New,0,1,1,1,1,1,0,2305.7945440006906,2175.0832807988936,4480.877824799584
105564,A,Desktop,Email,Returning,0,1,0,0,0,0,0,0.0,0.0,0.0
105565,B,Desktop,Direct,Returning,0,0,0,0,0,0,0,0.0,0.0,0.0
105566,A,Mobile,Direct,New,0,1,0,0,0,0,1,0.0,0.0,0.0
105567,B,Desktop,Organic,New,0,1,0,0,0,0,0,0.0,0.0,0.0
105568,B,Mobile,Social,Returning,0,0,0,0,0,0,0,0.0,0.0,0.0
105569,B,Mobile,Organic,New,0,1,0,0,0,0,1,0.0,0.0,0.0
105570,A,Mobile,Social,New,0,1,0,0,0,0,0,0.0,0.0,0.0
105571,B,Mobile,Social,New,0,1,0,0,0,0,0,0.0,0.0,0.0
105572,B,Mobile,Organic,New,0,1,1,0,0,0,1,0.0,0.0,0.0
105573,A,Tablet,Direct,New,0,0,0,0,0,0,0,0.0,0.0,0.0
105574,A,Mobile,Organic,Returning,0,1,1,1,1,0,0,2639.809444546845,0.0,2639.809444546845
105575,B,Desktop,Direct,New,0,0,0,0,0,0,1,0.0,0.0,0.0
105576,B,Mobile,Direct,Returning,0,1,0,0,0,0,0,0.0,0.0,0.0
105577,A,Mobile,Direct,New,0,1,0,0,0,0,0,0.0,0.0,0.0
105578,A,Mobile,Social,Returning,0,1,0,0,0,0,1,0.0,0.0,0.0
105579,B,Mobile,Email,New,1,1,1,1,1,0,0,1867.965799046782,0.0,1867.965799046782
105580,A,Mobile,Paid Search,New,0,1,1,0,0,0,0,0.0,0.0,0.0
105581,B,Desktop,Paid Search,New,1,1,0,0,0,0,0,0.0,0.0,0.0
105582,B,Mobile,Direct,Returning,0,1,0,0,0,0,0,0.0,0.0,0.0
105583,B,Mobile,Organic,New,0,0,0,0,0,0,0,0.0,0.0,0.0
105584,A,Mobile,Paid Search,New,0,1,1,1,1,0,0,3434.822251924079,0.0,3434.822251924079
105585,A,Desktop,Organic,New,0,1,0,0,0,0,1,0.0,0.0,0.0
105586,B,Desktop,Organic,Returning,0,1,0,0,0,0,0,0.0,0.0,0.0
105587,B,Mobile,Organic,New,0,1,1,1,1,0,0,3409.3378076264744,0.0,3409.3378076264744
105588,A,Mobile,Email,New,0,1,0,0,0,0,0,0.0,0.0,0.0
105589,B,Desktop,Social,New,0,0,0,0,0,0,1,0.0,0.0,0.0
105590,A,Mobile,Paid Search,New,0,1,0,0,0,0,0,0.0,0.0,0.0
105591,A,Mobile,Paid Search,Returning,0,1,0,0,0,0,0,0.0,0.0,0.0
105592,A,Mobile,Paid Search,New,0,1,0,0,0,0,0,0.0,0.0,0.0
105593,A,Mobile,Email,New,0,1,0,0,0,0,1,0.0,0.0,0.0
105594,A,Desktop,Organic,New,0,1,0,0,0,0,1,0.0,0.0,0.0
105595,A,Mobile,Organic,Returning,0,1,0,0,0,0,0,0.0,0.0,0.0
105596,B,Mobile,Paid Search,New,0,1,0,0,0,0,0,0.0,0.0,0.0
105597,A,Desktop,Organic,New,0,1,0,0,0,0,0,0.0,0.0,0.0
105598,A,Desktop,Social,Returning,1,0,0,0,0,0,1,0.0,0.0,0.0
105599,B,Mobile,Paid Search,Returning,0,1,0,0,0,0,0,0.0,0.0,0.0
105600,B,Desktop,Social,Returning,1,1,0,0,0,0,0,0.0,0.0,0.0
105601,A,Mobile,Organic,New,0,1,0,0,0,0,0,0.0,0.0,0.0
105602,B,Mobile,Paid Search,New,0,1,0,0,0,0,0,0.0,0.0,0.0
105603,A,Mobile,Direct,New,0,1,0,0,0,0,1,0.0,0.0,0.0
105604,B,Mobile,Email,New,0,1,0,0,0,0,1,0.0,0.0,0.0
105605,B,Desktop,Organic,New,0,1,0,0,0,0,1,0.0,0.0,0.0
105606,A,Desktop,Paid Search,Returning,0,1,0,0,0,0,0,0.0,0.0,0.0
105607,A,Mobile,Direct,Returning,0,1,0,0,0,0,0,0.0,0.0,0.0
105608,B,Desktop,Organic,New,0,0,0,0,0,0,0,0.0,0.0,0.0
105609,B,Mobile,Social,Returning,0,0,0,0,0,0,0,0.0,0.0,0.0
105610,B,Desktop,Organic,Returning,0,0,0,0,0,0,1,0.0,0.0,0.0
105611,B,Mobile,Organic,New,0,1,1,1,1,0,1,2552.359440312008,0.0,2552.359440312008
105612,A,Desktop,Direct,Returning,0,1,0,0,0,0,1,0.0,0.0,0.0
105613,B,Tablet,Direct,New,0,1,1,0,0,0,1,0.0,0.0,0.0
105614,B,Mobile,Paid Search,New,0,1,0,0,0,0,0,0.0,0.0,0.0
105615,A,Mobile,Social,Returning,0,0,0,0,0,0,0,0.0,0.0,0.0
105616,B,Mobile,Paid Search,New,0,1,0,0,0,0,0,0.0,0.0,0.0
105617,B,Mobile,Organic,Returning,0,1,0,0,0,0,1,0.0,0.0,0.0
105618,B,Mobile,Email,New,0,0,0,0,0,0,0,0.0,0.0,0.0
105619,A,Mobile,Email,Returning,0,1,0,0,0,0,0,0.0,0.0,0.0
105620,B,Mobile,Direct,New,0,1,0,0,0,0,1,0.0,0.0,0.0
105621,B,Desktop,Organic,New,1,1,0,0,0,0,0,0.0,0.0,0.0
105622,A,Mobile,Organic,New,0,1,0,0,0,0,0,0.0,0.0,0.0
105623,B,Desktop,Organic,New,0,0,0,0,0,0,1,0.0,0.0,0.0
105624,A,Mobile,Social,New,1,1,0,0,0,0,0,0.0,0.0,0.0
105625,B,Mobile,Direct,Returning,0,1,0,0,0,0,1,0.0,0.0,0.0
105626,B,Tablet,Email,New,0,1,0,0,0,0,0,0.0,0.0,0.0
105627,A,Mobile,Direct,Returning,0,0,0,0,0,0,0,0.0,0.0,0.0
105628,A,Mobile,Direct,New,1,0,0,0,0,0,1,0.0,0.0,0.0
105629,A,Desktop,Email,Returning,0,0,0,0,0,0,0,0.0,0.0,0.0
105630,B,Mobile,Paid Search,New,0,0,0,0,0,0,0,0.0,0.0,0.0
105631,B,Desktop,Organic,New,0,1,0,0,0,0,0,0.0,0.0,0.0
105632,B,Mobile,Paid Search,New,0,1,1,0,0,0,0,0.0,0.0,0.0
105633,B,Mobile,Social,New,0,0,0,0,0,0,1,0.0,0.0,0.0
105634,B,Tablet,Direct,New,0,1,0,0,0,0,1,0.0,0.0,0.0
105635,A,Mobile,Paid Search,Returning,0,1,0,0,0,0,0,0.0,0.0,0.0
105636,A,Desktop,Paid Search,New,0,1,0,0,0,0,1,0.0,0.0,0.0
105637,B,Mobile,Paid Search,New,0,1,0,0,0,0,0,0.0,0.0,0.0
105638,A,Mobile,Email,Returning,0,1,0,0,0,0,0,0.0,0.0,0.0
105639,B,Mobile,Social,New,0,0,0,0,0,0,1,0.0,0.0,0.0
105640,A,Mobile,Paid Search,Returning,0,1,0,0,0,0,0,0.0,0.0,0.0
105641,A,Mobile,Social,Returning,0,1,0,0,0,0,0,0.0,0.0,0.0
105642,B,Mobile,Organic,New,1,1,0,0,0,0,0,0.0,0.0,0.0
105643,B,Mobile,Organic,Returning,0,1,0,0,0,0,0,0.0,0.0,0.0
105644,A,Mobile,Paid Search,New,0,1,0,0,0,0,0,0.0,0.0,0.0
105645,A,Mobile,Direct,New,0,1,0,0,0,0,0,0.0,0.0,0.0
105646,A,Mobile,Social,New,0,1,0,0,0,0,0,0.0,0.0,0.0
105647,B,Mobile,Organic,New,0,1,0,0,0,0,0,0.0,0.0,0.0
105648,B,Mobile,Paid Search,Returning,1,1,0,0,0,0,0,0.0,0.0,0.0
105649,A,Desktop,Organic,New,0,1,0,0,0,0,0,0.0,0.0,0.0
105650,B,Mobile,Social,New,0,1,0,0,0,0,1,0.0,0.0,0.0
105651,B,Mobile,Social,New,0,1,0,0,0,0,1,0.0,0.0,0.0
105652,A,Mobile,Social,Returning,0,1,0,0,0,0,0,0.0,0.0,0.0
105653,B,Mobile,Email,New,0,1,0,0,0,0,1,0.0,0.0,0.0
105654,A,Mobile,Paid Search,New,0,0,0,0,0,0,1,0.0,0.0,0.0
105655,B,Mobile,Organic,New,1,1,0,0,0,0,0,0.0,0.0,0.0
105656,A,Desktop,Organic,Returning,0,1,0,0,0,0,1,0.0,0.0,0.0
105657,B,Mobile,Direct,New,1,1,0,0,0,0,1,0.0,0.0,0.0
105658,A,Mobile,Organic,Returning,0,1,0,0,0,0,1,0.0,0.0,0.0
105659,A,Desktop,Social,Returning,0,1,0,0,0,0,0,0.0,0.0,0.0
105660,A,Mobile,Direct,New,0,1,0,0,0,0,0,0.0,0.0,0.0
105661,B,Mobile,Paid Search,Returning,1,1,0,0,0,0,1,0.0,0.0,0.0
105662,A,Desktop,Organic,New,0,1,0,0,0,0,0,0.0,0.0,0.0
105663,B,Mobile,Social,Returning,0,0,0,0,0,0,1,0.0,0.0,0.0
105664,B,Mobile,Organic,New,1,1,0,0,0,0,0,0.0,0.0,0.0
105665,A,Mobile,Organic,New,1,0,0,0,0,0,1,0.0,0.0,0.0
105666,B,Desktop,Social,Returning,0,0,0,0,0,0,1,0.0,0.0,0.0
105667,A,Desktop,Organic,New,0,1,0,0,0,0,0,0.0,0.0,0.0
105668,A,Desktop,Paid Search,New,0,1,0,0,0,0,0,0.0,0.0,0.0
105669,B,Mobile,Social,New,0,1,0,0,0,0,0,0.0,0.0,0.0
105670,B,Mobile,Social,New,0,1,0,0,0,0,0,0.0,0.0,0.0
105671,A,Mobile,Direct,Returning,0,1,0,0,0,0,1,0.0,0.0,0.0
105672,A,Desktop,Social,New,0,1,0,0,0,0,1,0.0,0.0,0.0
105673,B,Desktop,Organic,Returning,0,1,0,0,0,0,0,0.0,0.0,0.0
105674,B,Mobile,Organic,New,0,1,0,0,0,0,0,0.0,0.0,0.0
105675,B,Desktop,Email,New,0,1,0,0,0,0,0,0.0,0.0,0.0
105676,B,Mobile,Social,Returning,0,1,0,0,0,0,0,0.0,0.0,0.0
105677,B,Mobile,Organic,New,0,0,0,0,0,0,0,0.0,0.0,0.0
105678,A,Mobile,Social,New,0,1,1,1,1,0,1,2462.6833850288,0.0,2462.6833850288
105679,B,Mobile,Organic,New,0,1,0,0,0,0,1,0.0,0.0,0.0
105680,B,Mobile,Organic,New,0,1,1,1,1,0,0,4350.720999734625,0.0,4350.720999734625
105681,A,Mobile,Organic,Returning,0,0,0,0,0,0,0,0.0,0.0,0.0
105682,A,Mobile,Paid Search,Returning,0,1,0,0,0,0,1,0.0,0.0,0.0
105683,A,Mobile,Paid Search,Returning,0,1,0,0,0,0,0,0.0,0.0,0.0
105684,A,Desktop,Direct,New,1,0,0,0,0,0,0,0.0,0.0,0.0
105685,B,Desktop,Paid Search,New,1,1,0,0,0,0,0,0.0,0.0,0.0
105686,A,Desktop,Direct,New,0,1,0,0,0,0,0,0.0,0.0,0.0
105687,B,Mobile,Paid Search,New,0,1,0,0,0,0,1,0.0,0.0,0.0
105688,B,Desktop,Social,New,0,1,0,0,0,0,0,0.0,0.0,0.0
105689,A,Mobile,Social,New,0,1,0,0,0,0,0,0.0,0.0,0.0
105690,B,Mobile,Organic,New,0,1,0,0,0,0,0,0.0,0.0,0.0
105691,A,Mobile,Email,New,0,1,0,0,0,0,1,0.0,0.0,0.0
105692,A,Mobile,Organic,New,0,1,0,0,0,0,0,0.0,0.0,0.0
105693,B,Desktop,Social,Returning,0,0,0,0,0,0,1,0.0,0.0,0.0
105694,B,Mobile,Social,Returning,0,0,0,0,0,0,0,0.0,0.0,0.0
105695,B,Mobile,Email,New,1,1,0,0,0,0,0,0.0,0.0,0.0
105696,A,Tablet,Direct,Returning,0,1,0,0,0,0,0,0.0,0.0,0.0
105697,A,Mobile,Social,New,0,1,1,1,0,0,0,0.0,0.0,0.0
105698,A,Mobile,Paid Search,New,0,1,0,0,0,0,0,0.0,0.0,0.0
105699,B,Mobile,Direct,New,0,1,0,0,0,0,0,0.0,0.0,0.0
105700,A,Mobile,Organic,New,0,1,1,1,1,0,0,3017.2449814332826,0.0,3017.2449814332826
105701,B,Mobile,Paid Search,New,0,1,1,1,1,0,0,3874.385755787379,0.0,3874.385755787379
105702,A,Mobile,Organic,New,0,1,0,0,0,0,0,0.0,0.0,0.0
105703,A,Mobile,Paid Search,New,0,1,0,0,0,0,0,0.0,0.0,0.0
105704,B,Desktop,Social,New,0,1,1,1,1,0,1,2825.4291127795527,0.0,2825.4291127795527
105705,B,Mobile,Email,Returning,0,1,0,0,0,0,1,0.0,0.0,0.0
105706,B,Mobile,Organic,New,0,1,0,0,0,0,1,0.0,0.0,0.0
105707,A,Mobile,Direct,New,0,1,0,0,0,0,0,0.0,0.0,0.0
105708,B,Mobile,Paid Search,Returning,0,1,0,0,0,0,1,0.0,0.0,0.0
105709,B,Tablet,Social,New,0,1,0,0,0,0,0,0.0,0.0,0.0
105710,B,Desktop,Direct,Returning,0,1,0,0,0,0,1,0.0,0.0,0.0
105711,A,Tablet,Social,New,0,0,0,0,0,0,0,0.0,0.0,0.0
105712,B,Desktop,Organic,New,0,0,0,0,0,0,1,0.0,0.0,0.0
105713,B,Mobile,Paid Search,New,0,1,0,0,0,0,0,0.0,0.0,0.0
105714,A,Desktop,Organic,Returning,0,1,1,0,0,0,1,0.0,0.0,0.0
105715,B,Mobile,Organic,New,0,1,0,0,0,0,1,0.0,0.0,0.0
105716,A,Mobile,Organic,Returning,1,1,0,0,0,0,0,0.0,0.0,0.0
105717,A,Mobile,Social,New,0,1,0,0,0,0,0,0.0,0.0,0.0
105718,A,Desktop,Organic,New,0,1,0,0,0,0,1,0.0,0.0,0.0
105719,B,Mobile,Email,New,0,1,0,0,0,0,0,0.0,0.0,0.0
105720,A,Desktop,Social,New,0,1,0,0,0,0,0,0.0,0.0,0.0
105721,B,Mobile,Email,New,0,1,0,0,0,0,0,0.0,0.0,0.0
105722,A,Mobile,Paid Search,Returning,0,1,0,0,0,0,0,0.0,0.0,0.0
105723,A,Tablet,Social,Returning,0,1,1,0,0,0,0,0.0,0.0,0.0
105724,A,Mobile,Direct,New,0,1,0,0,0,0,1,0.0,0.0,0.0
105725,B,Tablet,Paid Search,Returning,1,1,0,0,0,0,0,0.0,0.0,0.0
105726,A,Mobile,Email,Returning,0,1,0,0,0,0,0,0.0,0.0,0.0
105727,A,Desktop,Email,New,0,1,0,0,0,0,0,0.0,0.0,0.0
105728,B,Mobile,Social,Returning,0,1,0,0,0,0,0,0.0,0.0,0.0
105729,A,Mobile,Social,New,0,1,1,0,0,0,0,0.0,0.0,0.0
105730,B,Desktop,Organic,Returning,0,0,0,0,0,0,1,0.0,0.0,0.0
105731,A,Desktop,Social,New,0,1,1,1,1,0,0,3194.8965604561226,0.0,3194.8965604561226
105732,A,Mobile,Social,New,0,1,0,0,0,0,0,0.0,0.0,0.0
105733,A,Mobile,Organic,Returning,0,1,0,0,0,0,0,0.0,0.0,0.0
105734,A,Mobile,Paid Search,New,1,1,0,0,0,0,0,0.0,0.0,0.0
105735,B,Mobile,Social,New,0,1,0,0,0,0,0,0.0,0.0,0.0
105736,B,Mobile,Paid Search,Returning,0,1,0,0,0,0,0,0.0,0.0,0.0
105737,B,Desktop,Organic,New,0,1,0,0,0,0,0,0.0,0.0,0.0
105738,A,Desktop,Direct,New,0,0,0,0,0,0,0,0.0,0.0,0.0
105739,B,Mobile,Paid Search,New,0,1,0,0,0,0,0,0.0,0.0,0.0
105740,A,Mobile,Social,New,0,1,0,0,0,0,1,0.0,0.0,0.0
105741,A,Mobile,Social,New,0,0,0,0,0,0,0,0.0,0.0,0.0
105742,B,Mobile,Organic,New,0,1,0,0,0,0,0,0.0,0.0,0.0
105743,A,Mobile,Direct,New,0,0,0,0,0,0,0,0.0,0.0,0.0
105744,B,Mobile,Paid Search,New,0,1,0,0,0,0,0,0.0,0.0,0.0
105745,B,Mobile,Paid Search,New,0,1,0,0,0,0,0,0.0,0.0,0.0
105746,A,Mobile,Paid Search,New,0,1,1,1,1,1,0,2862.025557664212,3694.5841654429114,6556.6097231071235
105747,A,Mobile,Paid Search,New,0,1,0,0,0,0,1,0.0,0.0,0.0
105748,A,Tablet,Email,New,0,0,0,0,0,0,0,0.0,0.0,0.0
105749,A,Desktop,Direct,Returning,0,1,0,0,0,0,0,0.0,0.0,0.0
105750,A,Mobile,Paid Search,Returning,0,1,1,0,0,0,0,0.0,0.0,0.0
105751,B,Mobile,Email,New,0,1,1,1,0,0,0,0.0,0.0,0.0
105752,B,Mobile,Paid Search,Returning,0,1,0,0,0,0,0,0.0,0.0,0.0
105753,B,Mobile,Paid Search,New,0,0,0,0,0,0,0,0.0,0.0,0.0
105754,B,Mobile,Paid Search,New,0,0,0,0,0,0,0,0.0,0.0,0.0
105755,B,Desktop,Social,New,1,1,0,0,0,0,0,0.0,0.0,0.0
105756,A,Mobile,Direct,New,0,1,0,0,0,0,0,0.0,0.0,0.0
105757,A,Desktop,Organic,New,0,0,0,0,0,0,1,0.0,0.0,0.0
105758,A,Mobile,Organic,New,0,1,0,0,0,0,0,0.0,0.0,0.0
105759,B,Desktop,Organic,New,0,1,0,0,0,0,0,0.0,0.0,0.0
105760,A,Desktop,Direct,New,0,0,0,0,0,0,1,0.0,0.0,0.0
105761,B,Mobile,Organic,New,0,1,0,0,0,0,1,0.0,0.0,0.0
105762,B,Desktop,Direct,New,0,0,0,0,0,0,0,0.0,0.0,0.0
105763,B,Mobile,Direct,New,0,1,0,0,0,0,0,0.0,0.0,0.0
105764,A,Mobile,Email,New,0,0,0,0,0,0,1,0.0,0.0,0.0
105765,B,Mobile,Paid Search,New,0,1,0,0,0,0,1,0.0,0.0,0.0
105766,A,Mobile,Social,New,0,1,0,0,0,0,0,0.0,0.0,0.0
105767,B,Mobile,Organic,New,0,1,0,0,0,0,1,0.0,0.0,0.0
105768,B,Mobile,Paid Search,New,1,1,0,0,0,0,0,0.0,0.0,0.0
105769,A,Desktop,Paid Search,New,0,1,0,0,0,0,0,0.0,0.0,0.0
105770,A,Desktop,Organic,Returning,1,0,0,0,0,0,0,0.0,0.0,0.0
105771,B,Mobile,Paid Search,New,0,0,0,0,0,0,1,0.0,0.0,0.0
105772,B,Mobile,Paid Search,Returning,0,0,0,0,0,0,0,0.0,0.0,0.0
105773,B,Desktop,Social,Returning,0,1,0,0,0,0,1,0.0,0.0,0.0
105774,A,Mobile,Direct,New,0,1,0,0,0,0,0,0.0,0.0,0.0
105775,B,Mobile,Paid Search,New,0,1,0,0,0,0,0,0.0,0.0,0.0
105776,A,Mobile,Organic,New,0,1,1,0,0,0,0,0.0,0.0,0.0
105777,A,Mobile,Organic,New,1,1,0,0,0,0,0,0.0,0.0,0.0
105778,A,Mobile,Email,New,0,1,0,0,0,0,1,0.0,0.0,0.0
105779,B,Mobile,Organic,New,0,1,0,0,0,0,1,0.0,0.0,0.0
105780,A,Mobile,Organic,New,0,1,0,0,0,0,0,0.0,0.0,0.0
105781,A,Mobile,Social,Returning,0,1,0,0,0,0,0,0.0,0.0,0.0
105782,A,Desktop,Email,New,0,1,0,0,0,0,0,0.0,0.0,0.0
105783,A,Tablet,Social,New,0,1,0,0,0,0,1,0.0,0.0,0.0
105784,A,Mobile,Organic,New,0,0,0,0,0,0,0,0.0,0.0,0.0
105785,A,Mobile,Direct,Returning,0,0,0,0,0,0,1,0.0,0.0,0.0
105786,B,Mobile,Social,New,0,1,0,0,0,0,0,0.0,0.0,0.0
105787,B,Mobile,Social,New,0,0,0,0,0,0,1,0.0,0.0,0.0
105788,B,Mobile,Email,New,0,0,0,0,0,0,0,0.0,0.0,0.0
105789,A,Desktop,Social,Returning,0,1,0,0,0,0,0,0.0,0.0,0.0
105790,B,Mobile,Email,Returning,0,1,0,0,0,0,0,0.0,0.0,0.0
105791,A,Desktop,Organic,New,0,1,0,0,0,0,1,0.0,0.0,0.0
105792,A,Desktop,Organic,New,0,1,0,0,0,0,0,0.0,0.0,0.0
105793,B,Mobile,Organic,New,0,1,0,0,0,0,0,0.0,0.0,0.0
105794,A,Mobile,Paid Search,Returning,0,1,0,0,0,0,0,0.0,0.0,0.0
105795,B,Mobile,Social,New,0,0,0,0,0,0,0,0.0,0.0,0.0
105796,B,Mobile,Direct,Returning,0,1,1,1,0,0,0,0.0,0.0,0.0
105797,B,Mobile,Organic,Returning,0,1,0,0,0,0,0,0.0,0.0,0.0
105798,A,Mobile,Paid Search,Returning,0,0,0,0,0,0,0,0.0,0.0,0.0
105799,B,Mobile,Direct,New,0,0,0,0,0,0,1,0.0,0.0,0.0
105800,B,Desktop,Email,Returning,0,1,0,0,0,0,1,0.0,0.0,0.0
105801,B,Mobile,Social,New,0,1,0,0,0,0,1,0.0,0.0,0.0
105802,B,Desktop,Organic,Returning,1,0,0,0,0,0,0,0.0,0.0,0.0
105803,A,Mobile,Social,New,0,1,0,0,0,0,0,0.0,0.0,0.0
105804,B,Mobile,Organic,New,0,0,0,0,0,0,0,0.0,0.0,0.0
105805,A,Mobile,Paid Search,Returning,0,1,0,0,0,0,1,0.0,0.0,0.0
105806,B,Desktop,Organic,New,0,1,0,0,0,0,0,0.0,0.0,0.0
105807,A,Desktop,Paid Search,New,0,1,0,0,0,0,0,0.0,0.0,0.0
105808,A,Mobile,Paid Search,New,0,1,0,0,0,0,0,0.0,0.0,0.0
105809,B,Desktop,Organic,New,0,1,0,0,0,0,0,0.0,0.0,0.0
105810,B,Desktop,Organic,New,0,1,0,0,0,0,1,0.0,0.0,0.0
105811,B,Mobile,Paid Search,New,0,1,0,0,0,0,0,0.0,0.0,0.0
105812,B,Mobile,Organic,New,0,1,0,0,0,0,1,0.0,0.0,0.0
105813,A,Mobile,Paid Search,New,0,1,0,0,0,0,0,0.0,0.0,0.0
105814,B,Mobile,Email,Returning,0,0,0,0,0,0,0,0.0,0.0,0.0
105815,A,Mobile,Organic,New,0,1,1,0,0,0,1,0.0,0.0,0.0
105816,B,Desktop,Organic,Returning,0,1,0,0,0,0,1,0.0,0.0,0.0
105817,A,Desktop,Paid Search,New,0,1,0,0,0,0,1,0.0,0.0,0.0
105818,A,Mobile,Email,New,0,0,0,0,0,0,0,0.0,0.0,0.0
105819,A,Mobile,Social,Returning,0,1,0,0,0,0,1,0.0,0.0,0.0
105820,B,Mobile,Direct,Returning,0,1,0,0,0,0,1,0.0,0.0,0.0
105821,B,Mobile,Email,New,0,1,0,0,0,0,0,0.0,0.0,0.0
105822,A,Mobile,Paid Search,New,0,0,0,0,0,0,0,0.0,0.0,0.0
105823,B,Mobile,Paid Search,New,0,0,0,0,0,0,0,0.0,0.0,0.0
105824,A,Mobile,Direct,Returning,0,0,0,0,0,0,1,0.0,0.0,0.0
105825,B,Mobile,Direct,New,0,1,0,0,0,0,1,0.0,0.0,0.0
105826,B,Mobile,Social,New,0,1,0,0,0,0,0,0.0,0.0,0.0
105827,B,Mobile,Social,New,0,1,1,1,1,0,0,3122.321567392843,0.0,3122.321567392843
105828,B,Mobile,Paid Search,New,0,1,0,0,0,0,0,0.0,0.0,0.0
105829,B,Mobile,Social,New,0,1,0,0,0,0,0,0.0,0.0,0.0
105830,B,Mobile,Social,New,0,0,0,0,0,0,0,0.0,0.0,0.0
105831,A,Mobile,Direct,New,1,0,0,0,0,0,1,0.0,0.0,0.0
105832,B,Desktop,Paid Search,New,0,1,1,0,0,0,0,0.0,0.0,0.0
105833,B,Mobile,Social,New,0,1,1,0,0,0,0,0.0,0.0,0.0
105834,B,Mobile,Organic,Returning,0,1,0,0,0,0,0,0.0,0.0,0.0
105835,B,Mobile,Direct,New,0,1,0,0,0,0,0,0.0,0.0,0.0
105836,B,Mobile,Direct,Returning,0,1,0,0,0,0,0,0.0,0.0,0.0
105837,B,Mobile,Social,New,1,1,0,0,0,0,1,0.0,0.0,0.0
105838,B,Mobile,Paid Search,New,1,1,0,0,0,0,0,0.0,0.0,0.0
105839,A,Mobile,Email,New,0,1,0,0,0,0,0,0.0,0.0,0.0
105840,A,Mobile,Organic,New,0,1,0,0,0,0,0,0.0,0.0,0.0
105841,B,Mobile,Social,New,0,1,0,0,0,0,0,0.0,0.0,0.0
105842,A,Mobile,Paid Search,New,0,1,0,0,0,0,0,0.0,0.0,0.0
105843,B,Mobile,Organic,Returning,0,1,1,1,1,0,1,3504.1006611415446,0.0,3504.1006611415446
105844,A,Mobile,Organic,New,0,1,1,0,0,0,0,0.0,0.0,0.0
105845,A,Mobile,Email,New,0,0,0,0,0,0,1,0.0,0.0,0.0
105846,B,Desktop,Paid Search,Returning,0,1,0,0,0,0,1,0.0,0.0,0.0
105847,B,Desktop,Direct,New,0,1,0,0,0,0,0,0.0,0.0,0.0
105848,B,Desktop,Social,New,0,1,1,0,0,0,0,0.0,0.0,0.0
105849,A,Mobile,Organic,Returning,0,1,1,1,0,0,0,0.0,0.0,0.0
105850,B,Mobile,Paid Search,Returning,0,1,0,0,0,0,0,0.0,0.0,0.0
105851,A,Mobile,Paid Search,New,0,0,0,0,0,0,1,0.0,0.0,0.0
105852,A,Mobile,Paid Search,New,0,0,0,0,0,0,0,0.0,0.0,0.0
105853,B,Mobile,Paid Search,New,0,1,0,0,0,0,1,0.0,0.0,0.0
105854,A,Desktop,Organic,New,0,0,0,0,0,0,0,0.0,0.0,0.0
105855,B,Mobile,Paid Search,New,0,1,0,0,0,0,1,0.0,0.0,0.0
105856,A,Mobile,Social,New,0,1,0,0,0,0,0,0.0,0.0,0.0
105857,B,Desktop,Organic,New,0,1,0,0,0,0,0,0.0,0.0,0.0
105858,B,Mobile,Organic,New,0,1,0,0,0,0,1,0.0,0.0,0.0
105859,B,Mobile,Social,New,0,1,0,0,0,0,0,0.0,0.0,0.0
105860,A,Mobile,Social,New,0,1,0,0,0,0,1,0.0,0.0,0.0
105861,B,Mobile,Social,New,0,1,0,0,0,0,1,0.0,0.0,0.0
105862,A,Mobile,Social,New,0,0,0,0,0,0,1,0.0,0.0,0.0
105863,B,Mobile,Email,New,0,1,0,0,0,0,0,0.0,0.0,0.0
105864,B,Mobile,Paid Search,New,0,0,0,0,0,0,0,0.0,0.0,0.0
105865,A,Desktop,Email,Returning,0,0,0,0,0,0,0,0.0,0.0,0.0
105866,A,Tablet,Organic,New,0,0,0,0,0,0,0,0.0,0.0,0.0
105867,B,Mobile,Organic,New,0,1,0,0,0,0,0,0.0,0.0,0.0
105868,A,Mobile,Organic,Returning,0,1,0,0,0,0,1,0.0,0.0,0.0
105869,B,Desktop,Social,Returning,0,1,0,0,0,0,0,0.0,0.0,0.0
105870,A,Mobile,Direct,New,0,0,0,0,0,0,1,0.0,0.0,0.0
105871,A,Desktop,Organic,New,0,1,0,0,0,0,0,0.0,0.0,0.0
105872,A,Mobile,Paid Search,New,0,1,0,0,0,0,0,0.0,0.0,0.0
105873,A,Mobile,Social,New,0,1,1,0,0,0,0,0.0,0.0,0.0
105874,B,Desktop,Direct,New,0,1,1,1,1,0,0,3527.8781156855543,0.0,3527.8781156855543
105875,B,Mobile,Organic,New,0,0,0,0,0,0,1,0.0,0.0,0.0
105876,B,Mobile,Social,New,0,1,1,0,0,0,0,0.0,0.0,0.0
105877,B,Desktop,Email,New,0,1,0,0,0,0,0,0.0,0.0,0.0
105878,B,Mobile,Organic,New,0,1,0,0,0,0,0,0.0,0.0,0.0
105879,B,Mobile,Organic,New,1,1,0,0,0,0,0,0.0,0.0,0.0
105880,A,Mobile,Organic,New,0,1,0,0,0,0,1,0.0,0.0,0.0
105881,B,Mobile,Social,New,0,1,0,0,0,0,0,0.0,0.0,0.0
105882,A,Desktop,Organic,Returning,0,1,0,0,0,0,0,0.0,0.0,0.0
105883,A,Desktop,Organic,Returning,0,0,0,0,0,0,0,0.0,0.0,0.0
105884,B,Mobile,Organic,New,0,1,0,0,0,0,0,0.0,0.0,0.0
105885,B,Desktop,Social,New,0,0,0,0,0,0,0,0.0,0.0,0.0
105886,A,Tablet,Social,New,0,1,1,1,1,0,0,3020.244197487318,0.0,3020.244197487318
105887,B,Mobile,Paid Search,New,1,1,1,1,1,0,0,2120.062115953686,0.0,2120.062115953686
105888,A,Desktop,Direct,New,0,1,0,0,0,0,0,0.0,0.0,0.0
105889,B,Mobile,Organic,New,0,1,1,1,1,0,1,2538.075196468002,0.0,2538.075196468002
105890,B,Mobile,Organic,New,1,1,0,0,0,0,1,0.0,0.0,0.0
105891,A,Mobile,Social,New,0,1,1,1,0,0,1,0.0,0.0,0.0
105892,B,Tablet,Direct,New,0,1,0,0,0,0,0,0.0,0.0,0.0
105893,B,Mobile,Direct,New,0,0,0,0,0,0,0,0.0,0.0,0.0
105894,B,Mobile,Social,New,0,0,0,0,0,0,0,0.0,0.0,0.0
105895,A,Mobile,Paid Search,New,1,1,0,0,0,0,0,0.0,0.0,0.0
105896,B,Desktop,Paid Search,New,0,1,0,0,0,0,1,0.0,0.0,0.0
105897,A,Mobile,Social,New,0,1,0,0,0,0,1,0.0,0.0,0.0
105898,B,Mobile,Social,Returning,0,1,0,0,0,0,1,0.0,0.0,0.0
105899,B,Mobile,Paid Search,New,0,1,0,0,0,0,0,0.0,0.0,0.0
105900,B,Tablet,Direct,New,0,0,0,0,0,0,0,0.0,0.0,0.0
105901,A,Mobile,Email,New,0,1,0,0,0,0,0,0.0,0.0,0.0
105902,B,Desktop,Direct,Returning,1,1,0,0,0,0,1,0.0,0.0,0.0
105903,A,Mobile,Paid Search,New,0,1,1,1,0,0,1,0.0,0.0,0.0
105904,B,Desktop,Organic,New,1,1,0,0,0,0,1,0.0,0.0,0.0
105905,A,Mobile,Organic,New,0,1,0,0,0,0,0,0.0,0.0,0.0
105906,A,Mobile,Social,New,0,0,0,0,0,0,1,0.0,0.0,0.0
105907,A,Mobile,Organic,New,0,1,1,0,0,0,0,0.0,0.0,0.0
105908,B,Desktop,Social,New,0,0,0,0,0,0,0,0.0,0.0,0.0
105909,B,Mobile,Direct,Returning,0,0,0,0,0,0,0,0.0,0.0,0.0
105910,A,Desktop,Organic,New,0,1,0,0,0,0,0,0.0,0.0,0.0
105911,A,Desktop,Direct,New,0,1,0,0,0,0,0,0.0,0.0,0.0
105912,B,Mobile,Organic,New,0,1,0,0,0,0,0,0.0,0.0,0.0
105913,A,Tablet,Social,New,0,1,0,0,0,0,0,0.0,0.0,0.0
105914,A,Mobile,Organic,New,0,1,1,0,0,0,1,0.0,0.0,0.0
105915,A,Mobile,Paid Search,New,0,1,0,0,0,0,1,0.0,0.0,0.0
105916,B,Mobile,Email,New,0,1,0,0,0,0,0,0.0,0.0,0.0
105917,A,Mobile,Organic,Returning,0,0,0,0,0,0,0,0.0,0.0,0.0
105918,B,Desktop,Email,New,0,1,0,0,0,0,0,0.0,0.0,0.0
105919,A,Desktop,Paid Search,Returning,1,1,0,0,0,0,1,0.0,0.0,0.0
105920,A,Mobile,Organic,New,0,1,0,0,0,0,1,0.0,0.0,0.0
105921,B,Mobile,Email,New,0,1,0,0,0,0,0,0.0,0.0,0.0
105922,A,Mobile,Organic,New,0,1,0,0,0,0,0,0.0,0.0,0.0
105923,B,Desktop,Organic,Returning,0,1,0,0,0,0,0,0.0,0.0,0.0
105924,B,Mobile,Organic,New,0,1,0,0,0,0,1,0.0,0.0,0.0
105925,A,Mobile,Email,New,0,1,0,0,0,0,0,0.0,0.0,0.0
105926,A,Mobile,Social,Returning,0,1,0,0,0,0,0,0.0,0.0,0.0
105927,B,Mobile,Paid Search,New,0,1,1,0,0,0,0,0.0,0.0,0.0
105928,B,Desktop,Paid Search,New,0,0,0,0,0,0,1,0.0,0.0,0.0
105929,A,Desktop,Organic,New,0,1,1,1,1,0,0,1873.2460844089674,0.0,1873.2460844089674
105930,A,Mobile,Organic,New,0,1,0,0,0,0,1,0.0,0.0,0.0
105931,A,Mobile,Organic,Returning,0,1,0,0,0,0,0,0.0,0.0,0.0
105932,B,Mobile,Organic,New,0,1,0,0,0,0,0,0.0,0.0,0.0
105933,A,Mobile,Organic,Returning,0,1,0,0,0,0,1,0.0,0.0,0.0
105934,A,Mobile,Paid Search,Returning,0,1,0,0,0,0,0,0.0,0.0,0.0
105935,B,Tablet,Social,New,1,0,0,0,0,0,1,0.0,0.0,0.0
105936,B,Mobile,Social,New,0,1,0,0,0,0,0,0.0,0.0,0.0
105937,B,Mobile,Email,New,0,1,1,1,1,1,1,3146.8001144836285,3917.1590085400444,7063.959123023673
105938,A,Desktop,Organic,New,0,1,0,0,0,0,0,0.0,0.0,0.0
105939,B,Desktop,Organic,New,0,1,1,1,1,0,1,3684.5236104911764,0.0,3684.5236104911764
105940,B,Desktop,Social,New,0,1,0,0,0,0,1,0.0,0.0,0.0
105941,B,Mobile,Organic,New,0,0,0,0,0,0,1,0.0,0.0,0.0
105942,A,Mobile,Organic,New,0,0,0,0,0,0,1,0.0,0.0,0.0
105943,B,Mobile,Email,New,0,0,0,0,0,0,0,0.0,0.0,0.0
105944,B,Desktop,Email,New,1,1,0,0,0,0,1,0.0,0.0,0.0
105945,B,Mobile,Organic,New,0,1,0,0,0,0,0,0.0,0.0,0.0
105946,A,Mobile,Organic,New,1,0,0,0,0,0,0,0.0,0.0,0.0
105947,A,Mobile,Paid Search,New,0,1,0,0,0,0,0,0.0,0.0,0.0
105948,A,Mobile,Paid Search,New,0,1,0,0,0,0,1,0.0,0.0,0.0
105949,B,Desktop,Direct,New,0,1,0,0,0,0,0,0.0,0.0,0.0
105950,B,Mobile,Organic,Returning,0,0,0,0,0,0,1,0.0,0.0,0.0
105951,B,Mobile,Direct,Returning,1,0,0,0,0,0,0,0.0,0.0,0.0
105952,B,Mobile,Paid Search,Returning,0,1,0,0,0,0,1,0.0,0.0,0.0
105953,B,Mobile,Organic,New,0,1,0,0,0,0,0,0.0,0.0,0.0
105954,B,Mobile,Paid Search,New,0,1,0,0,0,0,0,0.0,0.0,0.0
105955,A,Desktop,Paid Search,New,0,1,0,0,0,0,0,0.0,0.0,0.0
105956,A,Mobile,Social,New,0,1,0,0,0,0,1,0.0,0.0,0.0
105957,A,Mobile,Social,New,0,1,1,1,0,0,1,0.0,0.0,0.0
105958,A,Mobile,Organic,New,0,0,0,0,0,0,0,0.0,0.0,0.0
105959,A,Desktop,Direct,New,0,1,0,0,0,0,0,0.0,0.0,0.0
105960,A,Mobile,Organic,New,0,1,0,0,0,0,1,0.0,0.0,0.0
105961,B,Mobile,Social,New,0,0,0,0,0,0,0,0.0,0.0,0.0
105962,B,Mobile,Social,New,0,1,1,0,0,0,1,0.0,0.0,0.0
105963,A,Tablet,Paid Search,New,0,1,0,0,0,0,1,0.0,0.0,0.0
105964,B,Mobile,Email,New,0,1,0,0,0,0,1,0.0,0.0,0.0
105965,A,Desktop,Organic,Returning,0,1,0,0,0,0,0,0.0,0.0,0.0
105966,A,Tablet,Organic,New,0,1,0,0,0,0,0,0.0,0.0,0.0
105967,A,Mobile,Social,New,0,1,0,0,0,0,0,0.0,0.0,0.0
105968,A,Mobile,Social,New,0,1,0,0,0,0,0,0.0,0.0,0.0
105969,B,Mobile,Social,New,0,1,0,0,0,0,1,0.0,0.0,0.0
105970,B,Desktop,Paid Search,New,0,1,0,0,0,0,0,0.0,0.0,0.0
105971,B,Mobile,Organic,New,1,1,1,1,0,0,0,0.0,0.0,0.0
105972,B,Desktop,Paid Search,Returning,0,1,0,0,0,0,0,0.0,0.0,0.0
105973,A,Mobile,Paid Search,Returning,0,0,0,0,0,0,0,0.0,0.0,0.0
105974,B,Mobile,Direct,Returning,0,1,0,0,0,0,0,0.0,0.0,0.0
105975,B,Mobile,Paid Search,New,0,1,0,0,0,0,1,0.0,0.0,0.0
105976,A,Mobile,Organic,New,0,1,0,0,0,0,0,0.0,0.0,0.0
105977,B,Mobile,Direct,New,0,1,0,0,0,0,1,0.0,0.0,0.0
105978,B,Mobile,Direct,New,0,1,1,1,0,0,0,0.0,0.0,0.0
105979,A,Desktop,Social,Returning,0,1,0,0,0,0,1,0.0,0.0,0.0
105980,A,Mobile,Social,Returning,0,1,0,0,0,0,0,0.0,0.0,0.0
105981,A,Mobile,Direct,New,1,0,0,0,0,0,1,0.0,0.0,0.0
105982,B,Mobile,Organic,Returning,0,1,1,1,1,0,0,4255.980574809084,0.0,4255.980574809084
105983,A,Desktop,Social,New,1,1,0,0,0,0,1,0.0,0.0,0.0
105984,A,Desktop,Organic,Returning,1,1,1,0,0,0,0,0.0,0.0,0.0
105985,B,Mobile,Organic,New,0,1,0,0,0,0,1,0.0,0.0,0.0
105986,B,Desktop,Organic,New,0,1,0,0,0,0,1,0.0,0.0,0.0
105987,A,Mobile,Organic,New,0,1,0,0,0,0,0,0.0,0.0,0.0
105988,A,Mobile,Organic,New,0,1,0,0,0,0,1,0.0,0.0,0.0
105989,B,Mobile,Social,New,0,0,0,0,0,0,1,0.0,0.0,0.0
105990,B,Mobile,Social,New,0,1,0,0,0,0,0,0.0,0.0,0.0
105991,B,Desktop,Email,New,0,1,0,0,0,0,0,0.0,0.0,0.0
105992,A,Mobile,Organic,New,0,1,0,0,0,0,0,0.0,0.0,0.0
105993,B,Desktop,Paid Search,New,0,1,0,0,0,0,0,0.0,0.0,0.0
105994,B,Mobile,Paid Search,New,0,1,0,0,0,0,1,0.0,0.0,0.0
105995,A,Mobile,Paid Search,Returning,0,1,0,0,0,0,0,0.0,0.0,0.0
105996,A,Mobile,Direct,Returning,0,1,0,0,0,0,1,0.0,0.0,0.0
105997,A,Mobile,Paid Search,New,0,1,0,0,0,0,1,0.0,0.0,0.0
105998,A,Mobile,Paid Search,New,0,1,0,0,0,0,0,0.0,0.0,0.0
105999,A,Mobile,Email,New,0,1,0,0,0,0,0,0.0,0.0,0.0
106000,B,Mobile,Paid Search,Returning,0,1,1,0,0,0,1,0.0,0.0,0.0
106001,A,Mobile,Paid Search,New,0,1,0,0,0,0,0,0.0,0.0,0.0
106002,B,Mobile,Organic,New,1,1,0,0,0,0,0,0.0,0.0,0.0
106003,B,Desktop,Social,New,0,1,1,0,0,0,1,0.0,0.0,0.0
106004,B,Desktop,Social,New,0,1,0,0,0,0,1,0.0,0.0,0.0
106005,B,Mobile,Direct,New,0,0,0,0,0,0,0,0.0,0.0,0.0
106006,B,Mobile,Social,Returning,1,0,0,0,0,0,1,0.0,0.0,0.0
106007,B,Desktop,Organic,New,0,1,0,0,0,0,1,0.0,0.0,0.0
106008,B,Mobile,Email,Returning,0,1,0,0,0,0,0,0.0,0.0,0.0
106009,B,Mobile,Organic,New,0,0,0,0,0,0,0,0.0,0.0,0.0
106010,A,Mobile,Paid Search,New,0,0,0,0,0,0,0,0.0,0.0,0.0
106011,A,Mobile,Social,New,0,1,0,0,0,0,0,0.0,0.0,0.0
106012,B,Tablet,Paid Search,Returning,0,1,0,0,0,0,1,0.0,0.0,0.0
106013,A,Mobile,Social,New,0,1,0,0,0,0,0,0.0,0.0,0.0
106014,A,Desktop,Social,Returning,0,0,0,0,0,0,1,0.0,0.0,0.0
106015,A,Desktop,Social,New,0,0,0,0,0,0,1,0.0,0.0,0.0
106016,A,Mobile,Social,New,0,0,0,0,0,0,1,0.0,0.0,0.0
106017,B,Mobile,Paid Search,New,0,1,0,0,0,0,1,0.0,0.0,0.0
106018,A,Desktop,Direct,Returning,0,0,0,0,0,0,0,0.0,0.0,0.0
106019,B,Mobile,Organic,New,0,1,0,0,0,0,0,0.0,0.0,0.0
106020,A,Mobile,Paid Search,New,0,1,1,1,1,0,1,4370.705408749861,0.0,4370.705408749861
106021,B,Desktop,Direct,New,0,1,0,0,0,0,0,0.0,0.0,0.0
106022,B,Desktop,Organic,Returning,0,1,0,0,0,0,0,0.0,0.0,0.0
106023,B,Desktop,Paid Search,New,0,1,0,0,0,0,1,0.0,0.0,0.0
106024,A,Mobile,Organic,Returning,0,1,0,0,0,0,0,0.0,0.0,0.0
106025,B,Desktop,Email,New,0,1,1,1,1,0,1,2912.7919945923863,0.0,2912.7919945923863
106026,A,Mobile,Paid Search,New,0,0,0,0,0,0,0,0.0,0.0,0.0
106027,B,Mobile,Direct,New,0,1,0,0,0,0,1,0.0,0.0,0.0
106028,A,Mobile,Paid Search,New,0,1,0,0,0,0,0,0.0,0.0,0.0
106029,A,Mobile,Direct,New,0,1,0,0,0,0,0,0.0,0.0,0.0
106030,A,Mobile,Paid Search,New,0,1,0,0,0,0,0,0.0,0.0,0.0
106031,A,Desktop,Direct,New,1,1,0,0,0,0,0,0.0,0.0,0.0
106032,A,Tablet,Organic,New,0,1,0,0,0,0,1,0.0,0.0,0.0
106033,B,Mobile,Paid Search,Returning,0,1,0,0,0,0,0,0.0,0.0,0.0
106034,B,Mobile,Social,New,0,1,0,0,0,0,0,0.0,0.0,0.0
106035,B,Mobile,Email,Returning,0,0,0,0,0,0,0,0.0,0.0,0.0
106036,A,Mobile,Organic,New,0,1,0,0,0,0,1,0.0,0.0,0.0
106037,A,Mobile,Social,New,0,1,0,0,0,0,1,0.0,0.0,0.0
106038,B,Desktop,Paid Search,New,0,1,1,0,0,0,1,0.0,0.0,0.0
106039,B,Mobile,Paid Search,New,1,0,0,0,0,0,1,0.0,0.0,0.0
106040,A,Desktop,Organic,New,1,1,1,0,0,0,0,0.0,0.0,0.0
106041,A,Mobile,Organic,Returning,0,1,0,0,0,0,0,0.0,0.0,0.0
106042,A,Mobile,Social,Returning,0,1,0,0,0,0,0,0.0,0.0,0.0
106043,A,Tablet,Organic,New,0,1,0,0,0,0,0,0.0,0.0,0.0
106044,B,Desktop,Organic,New,0,0,0,0,0,0,0,0.0,0.0,0.0
106045,B,Mobile,Direct,New,0,1,0,0,0,0,1,0.0,0.0,0.0
106046,A,Mobile,Organic,Returning,0,1,0,0,0,0,0,0.0,0.0,0.0
106047,B,Tablet,Organic,New,0,0,0,0,0,0,0,0.0,0.0,0.0
106048,A,Mobile,Paid Search,New,1,0,0,0,0,0,1,0.0,0.0,0.0
106049,B,Desktop,Organic,New,0,1,1,0,0,0,0,0.0,0.0,0.0
106050,B,Mobile,Paid Search,Returning,0,1,0,0,0,0,0,0.0,0.0,0.0
106051,B,Mobile,Social,New,0,1,0,0,0,0,0,0.0,0.0,0.0
106052,A,Mobile,Organic,New,0,1,0,0,0,0,0,0.0,0.0,0.0
106053,B,Mobile,Organic,Returning,0,0,0,0,0,0,0,0.0,0.0,0.0
106054,A,Desktop,Organic,New,0,0,0,0,0,0,1,0.0,0.0,0.0
106055,A,Desktop,Organic,New,0,1,0,0,0,0,1,0.0,0.0,0.0
106056,B,Mobile,Paid Search,Returning,0,1,0,0,0,0,1,0.0,0.0,0.0
106057,B,Desktop,Organic,New,0,1,1,0,0,0,0,0.0,0.0,0.0
106058,A,Mobile,Paid Search,New,0,1,1,0,0,0,0,0.0,0.0,0.0
106059,B,Mobile,Organic,Returning,0,0,0,0,0,0,0,0.0,0.0,0.0
106060,B,Mobile,Direct,Returning,0,1,0,0,0,0,0,0.0,0.0,0.0
106061,B,Mobile,Email,New,1,1,0,0,0,0,0,0.0,0.0,0.0
106062,A,Mobile,Email,Returning,0,1,0,0,0,0,0,0.0,0.0,0.0
106063,A,Desktop,Social,New,0,1,1,0,0,0,1,0.0,0.0,0.0
106064,B,Desktop,Direct,New,0,1,0,0,0,0,1,0.0,0.0,0.0
106065,A,Tablet,Organic,New,0,1,0,0,0,0,0,0.0,0.0,0.0
106066,B,Desktop,Direct,Returning,0,1,1,0,0,0,0,0.0,0.0,0.0
106067,B,Desktop,Paid Search,New,0,1,0,0,0,0,0,0.0,0.0,0.0
106068,B,Mobile,Organic,New,0,1,0,0,0,0,1,0.0,0.0,0.0
106069,A,Mobile,Social,New,0,1,0,0,0,0,0,0.0,0.0,0.0
106070,B,Desktop,Email,New,0,1,0,0,0,0,1,0.0,0.0,0.0
106071,A,Mobile,Social,New,0,0,0,0,0,0,1,0.0,0.0,0.0
106072,A,Mobile,Paid Search,Returning,0,1,0,0,0,0,0,0.0,0.0,0.0
106073,B,Mobile,Paid Search,Returning,0,0,0,0,0,0,0,0.0,0.0,0.0
106074,A,Mobile,Social,New,0,1,1,0,0,0,0,0.0,0.0,0.0
106075,A,Desktop,Paid Search,Returning,0,1,0,0,0,0,0,0.0,0.0,0.0
106076,B,Mobile,Email,New,0,1,1,0,0,0,0,0.0,0.0,0.0
106077,A,Mobile,Paid Search,New,0,1,0,0,0,0,0,0.0,0.0,0.0
106078,A,Desktop,Organic,New,0,0,0,0,0,0,1,0.0,0.0,0.0
106079,A,Mobile,Organic,New,0,1,0,0,0,0,0,0.0,0.0,0.0
106080,A,Mobile,Organic,Returning,0,1,0,0,0,0,0,0.0,0.0,0.0
106081,B,Mobile,Social,New,0,1,0,0,0,0,0,0.0,0.0,0.0
106082,A,Desktop,Organic,New,0,1,0,0,0,0,1,0.0,0.0,0.0
106083,A,Tablet,Paid Search,New,0,1,0,0,0,0,0,0.0,0.0,0.0
106084,B,Mobile,Paid Search,New,0,0,0,0,0,0,0,0.0,0.0,0.0
106085,B,Mobile,Organic,New,1,1,0,0,0,0,0,0.0,0.0,0.0
106086,B,Mobile,Paid Search,New,1,1,0,0,0,0,0,0.0,0.0,0.0
106087,B,Mobile,Email,New,0,0,0,0,0,0,1,0.0,0.0,0.0
106088,A,Mobile,Social,New,0,1,0,0,0,0,1,0.0,0.0,0.0
106089,B,Mobile,Organic,New,1,1,1,0,0,0,0,0.0,0.0,0.0
106090,B,Mobile,Paid Search,New,0,0,0,0,0,0,0,0.0,0.0,0.0
106091,B,Tablet,Organic,New,0,1,0,0,0,0,0,0.0,0.0,0.0
106092,B,Mobile,Organic,Returning,0,1,0,0,0,0,1,0.0,0.0,0.0
106093,B,Desktop,Email,New,0,0,0,0,0,0,1,0.0,0.0,0.0
106094,B,Desktop,Email,New,0,1,1,1,1,0,1,2415.652467557952,0.0,2415.652467557952
106095,A,Mobile,Organic,New,0,0,0,0,0,0,0,0.0,0.0,0.0
106096,A,Mobile,Organic,New,0,1,1,1,1,0,1,2863.3364575198093,0.0,2863.3364575198093
106097,A,Mobile,Paid Search,Returning,0,1,0,0,0,0,1,0.0,0.0,0.0
106098,B,Desktop,Social,New,0,1,0,0,0,0,0,0.0,0.0,0.0
106099,A,Mobile,Direct,Returning,0,1,0,0,0,0,0,0.0,0.0,0.0
106100,B,Mobile,Social,Returning,0,1,0,0,0,0,0,0.0,0.0,0.0
106101,A,Mobile,Direct,New,0,1,0,0,0,0,0,0.0,0.0,0.0
106102,B,Mobile,Paid Search,New,0,1,0,0,0,0,1,0.0,0.0,0.0
106103,B,Desktop,Organic,Returning,0,1,0,0,0,0,0,0.0,0.0,0.0
106104,B,Desktop,Social,Returning,1,1,0,0,0,0,1,0.0,0.0,0.0
106105,B,Mobile,Paid Search,Returning,0,1,0,0,0,0,1,0.0,0.0,0.0
106106,B,Desktop,Email,New,0,1,0,0,0,0,1,0.0,0.0,0.0
106107,B,Mobile,Paid Search,New,0,1,1,0,0,0,1,0.0,0.0,0.0
106108,A,Desktop,Paid Search,New,0,1,0,0,0,0,0,0.0,0.0,0.0
106109,B,Mobile,Paid Search,New,0,1,0,0,0,0,1,0.0,0.0,0.0
106110,A,Desktop,Email,Returning,0,1,0,0,0,0,0,0.0,0.0,0.0
106111,A,Mobile,Direct,Returning,0,1,0,0,0,0,0,0.0,0.0,0.0
106112,A,Mobile,Organic,New,0,1,1,1,1,1,1,2639.8885019599597,3132.117088265802,5772.005590225762
106113,B,Mobile,Direct,New,0,1,0,0,0,0,0,0.0,0.0,0.0
106114,A,Mobile,Social,New,0,1,0,0,0,0,0,0.0,0.0,0.0
106115,A,Mobile,Email,New,0,0,0,0,0,0,0,0.0,0.0,0.0
106116,B,Mobile,Organic,New,0,1,0,0,0,0,0,0.0,0.0,0.0
106117,A,Desktop,Organic,New,0,1,0,0,0,0,1,0.0,0.0,0.0
106118,B,Mobile,Direct,Returning,0,1,0,0,0,0,1,0.0,0.0,0.0
106119,B,Mobile,Paid Search,New,0,1,0,0,0,0,0,0.0,0.0,0.0
106120,B,Mobile,Organic,New,1,1,0,0,0,0,0,0.0,0.0,0.0
106121,A,Mobile,Paid Search,New,0,1,0,0,0,0,0,0.0,0.0,0.0
106122,B,Mobile,Direct,New,0,1,0,0,0,0,0,0.0,0.0,0.0
106123,B,Mobile,Organic,New,1,1,0,0,0,0,0,0.0,0.0,0.0
106124,B,Mobile,Social,New,0,1,0,0,0,0,1,0.0,0.0,0.0
106125,B,Mobile,Social,Returning,0,1,0,0,0,0,0,0.0,0.0,0.0
106126,B,Mobile,Paid Search,New,0,1,0,0,0,0,1,0.0,0.0,0.0
106127,A,Mobile,Social,Returning,0,1,0,0,0,0,0,0.0,0.0,0.0
106128,B,Mobile,Paid Search,New,0,1,0,0,0,0,0,0.0,0.0,0.0
106129,B,Mobile,Direct,New,0,1,0,0,0,0,0,0.0,0.0,0.0
106130,B,Mobile,Email,New,0,1,0,0,0,0,1,0.0,0.0,0.0
106131,B,Mobile,Email,New,0,1,1,0,0,0,0,0.0,0.0,0.0
106132,B,Mobile,Organic,New,0,0,0,0,0,0,1,0.0,0.0,0.0
106133,B,Desktop,Paid Search,Returning,0,0,0,0,0,0,0,0.0,0.0,0.0
106134,A,Desktop,Social,New,0,1,0,0,0,0,0,0.0,0.0,0.0
106135,B,Mobile,Paid Search,Returning,0,1,0,0,0,0,1,0.0,0.0,0.0
106136,B,Mobile,Paid Search,New,1,1,0,0,0,0,1,0.0,0.0,0.0
106137,A,Mobile,Direct,New,0,0,0,0,0,0,0,0.0,0.0,0.0
106138,A,Desktop,Social,New,0,1,0,0,0,0,0,0.0,0.0,0.0
106139,A,Mobile,Email,New,0,1,0,0,0,0,0,0.0,0.0,0.0
106140,B,Mobile,Social,Returning,0,1,1,1,1,0,0,2188.4973267771225,0.0,2188.4973267771225
106141,B,Mobile,Social,Returning,0,1,1,1,1,0,0,2607.978622858226,0.0,2607.978622858226
106142,A,Mobile,Direct,New,0,1,0,0,0,0,0,0.0,0.0,0.0
106143,A,Mobile,Email,New,0,1,0,0,0,0,0,0.0,0.0,0.0
106144,A,Mobile,Organic,Returning,0,1,0,0,0,0,1,0.0,0.0,0.0
106145,A,Mobile,Social,New,0,0,0,0,0,0,0,0.0,0.0,0.0
106146,B,Mobile,Social,New,0,1,0,0,0,0,0,0.0,0.0,0.0
106147,B,Mobile,Organic,New,0,1,0,0,0,0,0,0.0,0.0,0.0
106148,A,Desktop,Social,New,1,0,0,0,0,0,0,0.0,0.0,0.0
106149,A,Mobile,Email,Returning,1,0,0,0,0,0,0,0.0,0.0,0.0
106150,B,Tablet,Organic,New,0,1,0,0,0,0,0,0.0,0.0,0.0
106151,B,Mobile,Paid Search,New,0,0,0,0,0,0,0,0.0,0.0,0.0
106152,B,Mobile,Direct,New,1,1,1,1,1,0,0,2197.395992507938,0.0,2197.395992507938
106153,A,Mobile,Social,Returning,0,1,0,0,0,0,0,0.0,0.0,0.0
106154,B,Mobile,Direct,New,0,0,0,0,0,0,0,0.0,0.0,0.0
106155,A,Mobile,Direct,New,0,1,0,0,0,0,1,0.0,0.0,0.0
106156,A,Mobile,Organic,New,0,0,0,0,0,0,1,0.0,0.0,0.0
106157,A,Desktop,Organic,New,0,1,0,0,0,0,0,0.0,0.0,0.0
106158,A,Mobile,Organic,Returning,0,1,1,0,0,0,0,0.0,0.0,0.0
106159,B,Mobile,Organic,Returning,0,1,0,0,0,0,1,0.0,0.0,0.0
106160,A,Mobile,Social,New,0,1,0,0,0,0,1,0.0,0.0,0.0
106161,B,Mobile,Social,New,0,0,0,0,0,0,0,0.0,0.0,0.0
106162,B,Mobile,Social,New,0,1,0,0,0,0,0,0.0,0.0,0.0
106163,B,Desktop,Email,Returning,0,1,1,1,0,0,0,0.0,0.0,0.0
106164,A,Mobile,Organic,New,0,1,1,0,0,0,1,0.0,0.0,0.0
106165,A,Tablet,Paid Search,Returning,0,1,1,1,1,0,0,3198.344500677544,0.0,3198.344500677544
106166,B,Tablet,Paid Search,New,0,1,0,0,0,0,0,0.0,0.0,0.0
106167,B,Tablet,Organic,New,0,1,0,0,0,0,1,0.0,0.0,0.0
106168,B,Desktop,Email,New,0,1,1,0,0,0,0,0.0,0.0,0.0
106169,A,Mobile,Email,New,0,1,0,0,0,0,0,0.0,0.0,0.0
106170,B,Desktop,Email,New,0,1,0,0,0,0,0,0.0,0.0,0.0
106171,A,Mobile,Organic,New,0,1,0,0,0,0,1,0.0,0.0,0.0
106172,A,Mobile,Paid Search,New,0,1,0,0,0,0,0,0.0,0.0,0.0
106173,A,Tablet,Organic,Returning,0,1,0,0,0,0,1,0.0,0.0,0.0
106174,B,Mobile,Direct,New,0,1,0,0,0,0,1,0.0,0.0,0.0
106175,B,Mobile,Paid Search,New,0,1,0,0,0,0,0,0.0,0.0,0.0
106176,A,Desktop,Organic,Returning,0,1,0,0,0,0,0,0.0,0.0,0.0
106177,B,Desktop,Organic,New,1,1,1,1,1,0,1,2510.555292400808,0.0,2510.555292400808
106178,B,Mobile,Organic,Returning,0,1,1,1,0,0,0,0.0,0.0,0.0
106179,B,Desktop,Social,Returning,0,0,0,0,0,0,0,0.0,0.0,0.0
106180,B,Mobile,Paid Search,Returning,0,1,0,0,0,0,0,0.0,0.0,0.0
106181,A,Mobile,Email,Returning,0,1,0,0,0,0,1,0.0,0.0,0.0
106182,A,Desktop,Social,Returning,0,1,0,0,0,0,1,0.0,0.0,0.0
106183,A,Mobile,Paid Search,Returning,0,1,0,0,0,0,0,0.0,0.0,0.0
106184,A,Mobile,Social,New,0,1,0,0,0,0,0,0.0,0.0,0.0
106185,A,Desktop,Email,New,0,1,1,0,0,0,0,0.0,0.0,0.0
106186,B,Mobile,Social,New,0,1,0,0,0,0,0,0.0,0.0,0.0
106187,A,Desktop,Paid Search,Returning,0,1,0,0,0,0,0,0.0,0.0,0.0
106188,B,Mobile,Email,New,0,0,0,0,0,0,1,0.0,0.0,0.0
106189,A,Mobile,Organic,Returning,0,1,0,0,0,0,1,0.0,0.0,0.0
106190,B,Mobile,Organic,Returning,1,1,0,0,0,0,1,0.0,0.0,0.0
106191,A,Desktop,Social,New,0,1,0,0,0,0,0,0.0,0.0,0.0
106192,B,Mobile,Direct,New,0,1,0,0,0,0,0,0.0,0.0,0.0
106193,A,Desktop,Organic,New,0,0,0,0,0,0,0,0.0,0.0,0.0
106194,B,Desktop,Organic,New,0,1,1,1,1,0,1,2719.7414377055256,0.0,2719.7414377055256
106195,A,Mobile,Direct,New,0,0,0,0,0,0,1,0.0,0.0,0.0
106196,B,Desktop,Social,New,1,1,0,0,0,0,1,0.0,0.0,0.0
106197,B,Mobile,Social,Returning,0,1,0,0,0,0,1,0.0,0.0,0.0
106198,B,Mobile,Paid Search,New,0,1,0,0,0,0,0,0.0,0.0,0.0
106199,B,Desktop,Direct,New,1,1,0,0,0,0,1,0.0,0.0,0.0
106200,B,Mobile,Social,New,0,1,0,0,0,0,1,0.0,0.0,0.0
106201,B,Mobile,Organic,New,0,1,1,0,0,0,0,0.0,0.0,0.0
106202,A,Mobile,Organic,Returning,0,0,0,0,0,0,1,0.0,0.0,0.0
106203,B,Tablet,Social,New,0,1,0,0,0,0,1,0.0,0.0,0.0
106204,B,Mobile,Paid Search,New,0,1,0,0,0,0,0,0.0,0.0,0.0
106205,A,Mobile,Organic,New,1,0,0,0,0,0,0,0.0,0.0,0.0
106206,B,Mobile,Paid Search,Returning,0,1,0,0,0,0,0,0.0,0.0,0.0
106207,B,Mobile,Direct,New,0,1,0,0,0,0,1,0.0,0.0,0.0
106208,B,Mobile,Organic,Returning,0,1,0,0,0,0,1,0.0,0.0,0.0
106209,A,Mobile,Email,Returning,1,0,0,0,0,0,0,0.0,0.0,0.0
106210,B,Mobile,Paid Search,New,0,1,0,0,0,0,0,0.0,0.0,0.0
106211,A,Desktop,Organic,New,0,1,0,0,0,0,0,0.0,0.0,0.0
106212,B,Mobile,Organic,New,0,1,0,0,0,0,0,0.0,0.0,0.0
106213,B,Mobile,Organic,Returning,0,1,0,0,0,0,0,0.0,0.0,0.0
106214,B,Desktop,Direct,New,0,1,1,0,0,0,0,0.0,0.0,0.0
106215,B,Mobile,Organic,Returning,0,1,0,0,0,0,0,0.0,0.0,0.0
106216,A,Desktop,Organic,New,0,1,0,0,0,0,0,0.0,0.0,0.0
106217,A,Mobile,Paid Search,New,0,1,0,0,0,0,1,0.0,0.0,0.0
106218,B,Mobile,Organic,Returning,1,1,0,0,0,0,0,0.0,0.0,0.0
106219,A,Mobile,Paid Search,New,0,0,0,0,0,0,0,0.0,0.0,0.0
106220,A,Tablet,Organic,Returning,0,1,0,0,0,0,1,0.0,0.0,0.0
106221,B,Mobile,Social,Returning,0,1,0,0,0,0,0,0.0,0.0,0.0
106222,A,Desktop,Paid Search,New,0,1,0,0,0,0,0,0.0,0.0,0.0
106223,A,Desktop,Social,New,0,1,0,0,0,0,0,0.0,0.0,0.0
106224,A,Desktop,Organic,Returning,0,0,0,0,0,0,1,0.0,0.0,0.0
106225,A,Mobile,Email,New,0,1,0,0,0,0,0,0.0,0.0,0.0
106226,B,Desktop,Social,New,1,1,0,0,0,0,0,0.0,0.0,0.0
106227,B,Mobile,Organic,New,1,1,0,0,0,0,0,0.0,0.0,0.0
106228,A,Mobile,Paid Search,New,0,1,1,0,0,0,1,0.0,0.0,0.0
106229,B,Desktop,Direct,Returning,0,1,1,1,1,0,0,3138.4373741380487,0.0,3138.4373741380487
106230,B,Mobile,Paid Search,New,1,0,0,0,0,0,1,0.0,0.0,0.0
106231,B,Mobile,Email,New,0,1,0,0,0,0,1,0.0,0.0,0.0
106232,B,Mobile,Paid Search,New,0,1,0,0,0,0,0,0.0,0.0,0.0
106233,A,Desktop,Organic,New,0,1,0,0,0,0,1,0.0,0.0,0.0
106234,A,Mobile,Email,Returning,0,0,0,0,0,0,0,0.0,0.0,0.0
106235,A,Mobile,Organic,New,0,1,0,0,0,0,0,0.0,0.0,0.0
106236,A,Mobile,Direct,New,0,1,0,0,0,0,0,0.0,0.0,0.0
106237,B,Mobile,Direct,New,0,1,0,0,0,0,0,0.0,0.0,0.0
106238,B,Desktop,Email,Returning,0,1,0,0,0,0,0,0.0,0.0,0.0
106239,A,Desktop,Organic,New,0,0,0,0,0,0,0,0.0,0.0,0.0
106240,B,Mobile,Email,New,1,1,0,0,0,0,0,0.0,0.0,0.0
106241,B,Desktop,Direct,New,0,1,1,1,1,0,0,3184.447453730554,0.0,3184.447453730554
106242,B,Mobile,Organic,New,1,1,0,0,0,0,0,0.0,0.0,0.0
106243,A,Desktop,Direct,Returning,0,0,0,0,0,0,1,0.0,0.0,0.0
106244,B,Mobile,Direct,New,1,1,0,0,0,0,1,0.0,0.0,0.0
106245,B,Mobile,Organic,New,0,0,0,0,0,0,1,0.0,0.0,0.0
106246,A,Desktop,Social,New,0,0,0,0,0,0,0,0.0,0.0,0.0
106247,A,Mobile,Email,Returning,0,0,0,0,0,0,1,0.0,0.0,0.0
106248,B,Mobile,Organic,New,0,1,0,0,0,0,0,0.0,0.0,0.0
106249,A,Desktop,Paid Search,New,0,1,0,0,0,0,0,0.0,0.0,0.0
106250,A,Mobile,Direct,Returning,0,0,0,0,0,0,1,0.0,0.0,0.0
106251,A,Desktop,Organic,New,0,0,0,0,0,0,0,0.0,0.0,0.0
106252,A,Mobile,Organic,New,0,1,0,0,0,0,0,0.0,0.0,0.0
106253,A,Mobile,Direct,New,0,1,0,0,0,0,1,0.0,0.0,0.0
106254,B,Mobile,Organic,New,0,1,0,0,0,0,0,0.0,0.0,0.0
106255,A,Desktop,Social,New,0,1,1,0,0,0,0,0.0,0.0,0.0
106256,B,Desktop,Email,New,1,0,0,0,0,0,0,0.0,0.0,0.0
106257,B,Mobile,Organic,New,0,1,0,0,0,0,0,0.0,0.0,0.0
106258,B,Desktop,Paid Search,Returning,0,1,0,0,0,0,0,0.0,0.0,0.0
106259,B,Desktop,Organic,New,0,1,1,1,1,0,0,2265.5911886531258,0.0,2265.5911886531258
106260,A,Desktop,Direct,New,0,0,0,0,0,0,0,0.0,0.0,0.0
106261,B,Desktop,Organic,New,0,1,0,0,0,0,0,0.0,0.0,0.0
106262,A,Mobile,Email,New,0,1,0,0,0,0,0,0.0,0.0,0.0
106263,B,Mobile,Organic,New,0,1,0,0,0,0,0,0.0,0.0,0.0
106264,A,Desktop,Paid Search,Returning,0,0,0,0,0,0,0,0.0,0.0,0.0
106265,B,Mobile,Direct,New,0,1,1,1,1,0,0,3899.9596875064894,0.0,3899.9596875064894
106266,A,Tablet,Direct,New,0,1,1,1,1,0,0,1277.764546025655,0.0,1277.764546025655
106267,B,Mobile,Email,Returning,0,1,0,0,0,0,0,0.0,0.0,0.0
106268,B,Desktop,Direct,New,0,0,0,0,0,0,0,0.0,0.0,0.0
106269,B,Mobile,Paid Search,New,0,1,0,0,0,0,0,0.0,0.0,0.0
106270,A,Mobile,Social,New,0,1,0,0,0,0,0,0.0,0.0,0.0
106271,B,Desktop,Organic,Returning,0,1,0,0,0,0,1,0.0,0.0,0.0
106272,B,Mobile,Direct,Returning,0,1,1,0,0,0,0,0.0,0.0,0.0
106273,A,Desktop,Organic,New,0,0,0,0,0,0,0,0.0,0.0,0.0
106274,B,Mobile,Social,New,1,1,0,0,0,0,0,0.0,0.0,0.0
106275,B,Mobile,Paid Search,New,0,1,0,0,0,0,1,0.0,0.0,0.0
106276,A,Desktop,Paid Search,New,0,0,0,0,0,0,0,0.0,0.0,0.0
106277,B,Mobile,Social,New,0,1,0,0,0,0,0,0.0,0.0,0.0
106278,A,Mobile,Organic,New,0,0,0,0,0,0,1,0.0,0.0,0.0
106279,A,Desktop,Paid Search,New,0,1,0,0,0,0,0,0.0,0.0,0.0
106280,B,Mobile,Organic,New,0,1,0,0,0,0,0,0.0,0.0,0.0
106281,A,Mobile,Direct,New,0,0,0,0,0,0,0,0.0,0.0,0.0
106282,B,Mobile,Social,Returning,0,0,0,0,0,0,1,0.0,0.0,0.0
106283,A,Mobile,Organic,Returning,0,1,0,0,0,0,1,0.0,0.0,0.0
106284,B,Mobile,Direct,New,0,1,0,0,0,0,0,0.0,0.0,0.0
106285,A,Mobile,Paid Search,New,0,0,0,0,0,0,1,0.0,0.0,0.0
106286,B,Mobile,Email,New,0,1,0,0,0,0,0,0.0,0.0,0.0
106287,A,Mobile,Organic,New,0,1,0,0,0,0,1,0.0,0.0,0.0
106288,A,Mobile,Social,New,0,1,0,0,0,0,1,0.0,0.0,0.0
106289,A,Tablet,Direct,New,0,1,0,0,0,0,0,0.0,0.0,0.0
106290,A,Desktop,Organic,New,0,1,0,0,0,0,0,0.0,0.0,0.0
106291,A,Desktop,Organic,New,0,0,0,0,0,0,1,0.0,0.0,0.0
106292,A,Mobile,Email,New,0,1,0,0,0,0,1,0.0,0.0,0.0
106293,A,Mobile,Social,New,0,1,0,0,0,0,1,0.0,0.0,0.0
106294,A,Mobile,Social,Returning,0,1,0,0,0,0,1,0.0,0.0,0.0
106295,A,Mobile,Paid Search,New,0,0,0,0,0,0,0,0.0,0.0,0.0
106296,A,Desktop,Paid Search,New,0,1,1,1,1,0,0,2884.8288254797435,0.0,2884.8288254797435
106297,B,Mobile,Email,Returning,0,0,0,0,0,0,1,0.0,0.0,0.0
106298,A,Desktop,Paid Search,New,0,1,0,0,0,0,0,0.0,0.0,0.0
106299,A,Mobile,Social,New,0,1,0,0,0,0,0,0.0,0.0,0.0
106300,A,Mobile,Paid Search,Returning,0,0,0,0,0,0,0,0.0,0.0,0.0
106301,B,Mobile,Email,Returning,0,1,0,0,0,0,0,0.0,0.0,0.0
106302,A,Mobile,Social,New,1,0,0,0,0,0,0,0.0,0.0,0.0
106303,B,Mobile,Email,New,0,1,0,0,0,0,0,0.0,0.0,0.0
106304,A,Mobile,Organic,New,0,1,0,0,0,0,1,0.0,0.0,0.0
106305,B,Mobile,Organic,Returning,1,1,0,0,0,0,0,0.0,0.0,0.0
106306,A,Mobile,Email,New,0,0,0,0,0,0,0,0.0,0.0,0.0
106307,B,Mobile,Organic,Returning,0,1,0,0,0,0,0,0.0,0.0,0.0
106308,B,Mobile,Organic,New,0,1,0,0,0,0,1,0.0,0.0,0.0
106309,A,Mobile,Direct,Returning,0,1,0,0,0,0,1,0.0,0.0,0.0
106310,A,Mobile,Social,New,0,0,0,0,0,0,0,0.0,0.0,0.0
106311,A,Mobile,Paid Search,New,1,0,0,0,0,0,0,0.0,0.0,0.0
106312,B,Tablet,Social,Returning,0,0,0,0,0,0,0,0.0,0.0,0.0
106313,B,Mobile,Email,New,0,1,0,0,0,0,1,0.0,0.0,0.0
106314,B,Mobile,Organic,New,0,1,0,0,0,0,0,0.0,0.0,0.0
106315,B,Mobile,Organic,Returning,0,0,0,0,0,0,1,0.0,0.0,0.0
106316,B,Desktop,Social,New,0,0,0,0,0,0,1,0.0,0.0,0.0
106317,A,Mobile,Organic,New,0,0,0,0,0,0,1,0.0,0.0,0.0
106318,A,Mobile,Organic,New,0,0,0,0,0,0,1,0.0,0.0,0.0
106319,A,Desktop,Direct,New,0,0,0,0,0,0,1,0.0,0.0,0.0
106320,B,Mobile,Organic,New,0,1,0,0,0,0,1,0.0,0.0,0.0
106321,A,Tablet,Paid Search,New,1,1,0,0,0,0,0,0.0,0.0,0.0
106322,A,Mobile,Paid Search,Returning,0,0,0,0,0,0,1,0.0,0.0,0.0
106323,A,Tablet,Social,New,0,1,0,0,0,0,0,0.0,0.0,0.0
106324,B,Mobile,Organic,New,0,1,0,0,0,0,0,0.0,0.0,0.0
106325,A,Desktop,Social,New,0,1,0,0,0,0,1,0.0,0.0,0.0
106326,B,Mobile,Social,New,0,1,0,0,0,0,0,0.0,0.0,0.0
106327,B,Mobile,Paid Search,New,0,0,0,0,0,0,0,0.0,0.0,0.0
106328,A,Desktop,Organic,New,0,0,0,0,0,0,1,0.0,0.0,0.0
106329,B,Mobile,Social,New,0,1,0,0,0,0,1,0.0,0.0,0.0
106330,A,Mobile,Direct,New,0,1,1,1,1,1,1,3680.9094216662934,3708.4067935640646,7389.316215230358
106331,A,Desktop,Direct,New,0,1,0,0,0,0,0,0.0,0.0,0.0
106332,B,Mobile,Organic,Returning,1,0,0,0,0,0,1,0.0,0.0,0.0
106333,B,Mobile,Organic,New,0,1,0,0,0,0,0,0.0,0.0,0.0
106334,A,Desktop,Social,New,0,1,0,0,0,0,1,0.0,0.0,0.0
106335,A,Mobile,Organic,Returning,0,1,0,0,0,0,0,0.0,0.0,0.0
106336,A,Mobile,Email,New,0,1,0,0,0,0,1,0.0,0.0,0.0
106337,A,Desktop,Email,New,1,1,0,0,0,0,0,0.0,0.0,0.0
106338,B,Desktop,Paid Search,New,0,1,0,0,0,0,0,0.0,0.0,0.0
106339,A,Mobile,Direct,New,0,1,0,0,0,0,0,0.0,0.0,0.0
106340,A,Mobile,Paid Search,New,0,1,0,0,0,0,0,0.0,0.0,0.0
106341,A,Mobile,Organic,New,0,1,0,0,0,0,1,0.0,0.0,0.0
106342,B,Mobile,Paid Search,Returning,0,1,0,0,0,0,0,0.0,0.0,0.0
106343,B,Mobile,Email,New,0,1,0,0,0,0,0,0.0,0.0,0.0
106344,B,Tablet,Direct,New,0,1,1,1,1,0,1,3144.927800026988,0.0,3144.927800026988
106345,A,Mobile,Email,Returning,0,1,0,0,0,0,0,0.0,0.0,0.0
106346,B,Mobile,Direct,Returning,0,0,0,0,0,0,0,0.0,0.0,0.0
106347,A,Mobile,Paid Search,New,1,1,0,0,0,0,0,0.0,0.0,0.0
106348,A,Mobile,Email,Returning,1,1,1,0,0,0,0,0.0,0.0,0.0
106349,A,Mobile,Email,Returning,0,1,1,1,1,0,0,1564.7930738822631,0.0,1564.7930738822631
106350,A,Mobile,Social,New,0,1,0,0,0,0,0,0.0,0.0,0.0
106351,B,Mobile,Direct,New,0,1,0,0,0,0,0,0.0,0.0,0.0
106352,A,Mobile,Paid Search,New,0,1,0,0,0,0,0,0.0,0.0,0.0
106353,B,Mobile,Paid Search,Returning,0,1,0,0,0,0,0,0.0,0.0,0.0
106354,A,Desktop,Organic,New,0,0,0,0,0,0,1,0.0,0.0,0.0
106355,A,Desktop,Social,New,0,1,0,0,0,0,1,0.0,0.0,0.0
106356,A,Mobile,Organic,New,0,0,0,0,0,0,0,0.0,0.0,0.0
106357,A,Mobile,Organic,New,1,1,0,0,0,0,0,0.0,0.0,0.0
106358,B,Mobile,Organic,New,0,1,0,0,0,0,0,0.0,0.0,0.0
106359,A,Mobile,Organic,New,0,0,0,0,0,0,1,0.0,0.0,0.0
106360,A,Mobile,Organic,Returning,0,1,0,0,0,0,1,0.0,0.0,0.0
106361,B,Mobile,Direct,New,0,1,1,0,0,0,0,0.0,0.0,0.0
106362,A,Mobile,Direct,New,0,1,1,0,0,0,0,0.0,0.0,0.0
106363,A,Mobile,Social,Returning,0,1,0,0,0,0,0,0.0,0.0,0.0
106364,B,Desktop,Paid Search,New,0,1,0,0,0,0,0,0.0,0.0,0.0
106365,A,Mobile,Organic,Returning,0,1,0,0,0,0,0,0.0,0.0,0.0
106366,B,Desktop,Paid Search,New,0,1,0,0,0,0,0,0.0,0.0,0.0
106367,A,Mobile,Direct,New,0,1,0,0,0,0,0,0.0,0.0,0.0
106368,A,Mobile,Social,New,0,1,1,1,1,0,0,1775.7956188069977,0.0,1775.7956188069977
106369,A,Mobile,Direct,New,1,1,0,0,0,0,0,0.0,0.0,0.0
106370,A,Mobile,Social,Returning,0,0,0,0,0,0,1,0.0,0.0,0.0
106371,A,Mobile,Organic,New,0,1,0,0,0,0,0,0.0,0.0,0.0
106372,A,Mobile,Organic,New,0,1,0,0,0,0,1,0.0,0.0,0.0
106373,A,Mobile,Social,Returning,0,0,0,0,0,0,1,0.0,0.0,0.0
106374,B,Desktop,Social,New,0,0,0,0,0,0,0,0.0,0.0,0.0
106375,A,Mobile,Paid Search,New,0,1,0,0,0,0,1,0.0,0.0,0.0
106376,B,Desktop,Organic,New,0,1,0,0,0,0,0,0.0,0.0,0.0
106377,B,Mobile,Direct,New,0,1,0,0,0,0,0,0.0,0.0,0.0
106378,A,Mobile,Social,New,0,0,0,0,0,0,0,0.0,0.0,0.0
106379,B,Mobile,Direct,Returning,0,1,0,0,0,0,0,0.0,0.0,0.0
106380,B,Mobile,Paid Search,Returning,1,1,0,0,0,0,0,0.0,0.0,0.0
106381,A,Mobile,Paid Search,New,1,1,0,0,0,0,0,0.0,0.0,0.0
106382,A,Tablet,Social,New,0,1,0,0,0,0,0,0.0,0.0,0.0
106383,A,Mobile,Email,New,0,1,0,0,0,0,0,0.0,0.0,0.0
106384,A,Mobile,Direct,New,1,0,0,0,0,0,1,0.0,0.0,0.0
106385,A,Mobile,Organic,New,0,1,0,0,0,0,0,0.0,0.0,0.0
106386,A,Mobile,Organic,Returning,0,1,0,0,0,0,1,0.0,0.0,0.0
106387,B,Mobile,Paid Search,New,0,0,0,0,0,0,0,0.0,0.0,0.0
106388,B,Desktop,Social,New,0,1,1,1,1,0,0,3562.2688493511964,0.0,3562.2688493511964
106389,A,Mobile,Organic,New,0,1,0,0,0,0,1,0.0,0.0,0.0
106390,A,Desktop,Direct,New,0,1,0,0,0,0,0,0.0,0.0,0.0
106391,A,Desktop,Social,New,0,0,0,0,0,0,0,0.0,0.0,0.0
106392,A,Mobile,Social,New,0,1,1,1,0,0,0,0.0,0.0,0.0
106393,B,Desktop,Email,New,0,1,0,0,0,0,1,0.0,0.0,0.0
106394,A,Desktop,Paid Search,Returning,0,1,0,0,0,0,0,0.0,0.0,0.0
106395,B,Mobile,Social,New,0,1,0,0,0,0,0,0.0,0.0,0.0
106396,A,Desktop,Organic,Returning,0,1,0,0,0,0,1,0.0,0.0,0.0
106397,A,Mobile,Organic,New,1,1,1,1,1,1,0,2733.4663431380204,2842.8459522361177,5576.312295374139
106398,B,Mobile,Direct,New,0,1,1,1,1,0,0,3059.9294680834314,0.0,3059.9294680834314
106399,A,Mobile,Organic,New,1,1,1,0,0,0,0,0.0,0.0,0.0
106400,A,Mobile,Email,New,0,1,0,0,0,0,0,0.0,0.0,0.0
106401,B,Mobile,Paid Search,New,0,1,0,0,0,0,0,0.0,0.0,0.0
106402,A,Mobile,Organic,Returning,0,0,0,0,0,0,1,0.0,0.0,0.0
106403,B,Mobile,Organic,Returning,0,1,0,0,0,0,0,0.0,0.0,0.0
106404,A,Mobile,Organic,New,0,1,0,0,0,0,0,0.0,0.0,0.0
106405,B,Mobile,Social,New,0,1,0,0,0,0,0,0.0,0.0,0.0
106406,A,Mobile,Paid Search,New,0,1,0,0,0,0,0,0.0,0.0,0.0
106407,A,Mobile,Direct,New,0,0,0,0,0,0,0,0.0,0.0,0.0
106408,A,Desktop,Direct,New,0,0,0,0,0,0,0,0.0,0.0,0.0
106409,B,Mobile,Paid Search,New,0,1,0,0,0,0,0,0.0,0.0,0.0
106410,B,Desktop,Paid Search,Returning,0,0,0,0,0,0,1,0.0,0.0,0.0
106411,B,Mobile,Organic,Returning,0,1,0,0,0,0,0,0.0,0.0,0.0
106412,B,Tablet,Social,New,0,0,0,0,0,0,0,0.0,0.0,0.0
106413,B,Mobile,Organic,New,0,0,0,0,0,0,0,0.0,0.0,0.0
106414,A,Desktop,Paid Search,New,0,1,0,0,0,0,0,0.0,0.0,0.0
106415,B,Desktop,Organic,Returning,0,1,0,0,0,0,1,0.0,0.0,0.0
106416,A,Desktop,Social,Returning,0,0,0,0,0,0,0,0.0,0.0,0.0
106417,B,Tablet,Organic,New,0,1,0,0,0,0,0,0.0,0.0,0.0
106418,A,Desktop,Paid Search,Returning,0,1,1,1,1,0,1,2967.9614362897946,0.0,2967.9614362897946
106419,B,Desktop,Paid Search,New,1,1,0,0,0,0,1,0.0,0.0,0.0
106420,A,Mobile,Paid Search,New,0,1,0,0,0,0,0,0.0,0.0,0.0
106421,A,Mobile,Paid Search,New,0,1,1,0,0,0,0,0.0,0.0,0.0
106422,A,Mobile,Paid Search,Returning,1,1,1,0,0,0,1,0.0,0.0,0.0
106423,A,Mobile,Paid Search,New,0,1,1,0,0,0,0,0.0,0.0,0.0
106424,B,Mobile,Paid Search,New,0,1,0,0,0,0,0,0.0,0.0,0.0
106425,A,Desktop,Social,New,1,1,0,0,0,0,1,0.0,0.0,0.0
106426,B,Mobile,Paid Search,New,0,1,1,0,0,0,1,0.0,0.0,0.0
106427,B,Mobile,Social,Returning,0,1,0,0,0,0,0,0.0,0.0,0.0
106428,B,Mobile,Email,New,0,1,0,0,0,0,1,0.0,0.0,0.0
106429,A,Mobile,Paid Search,New,0,1,0,0,0,0,0,0.0,0.0,0.0
106430,B,Mobile,Organic,New,0,1,0,0,0,0,1,0.0,0.0,0.0
106431,A,Desktop,Social,Returning,0,1,0,0,0,0,1,0.0,0.0,0.0
106432,B,Desktop,Paid Search,Returning,1,1,1,0,0,0,0,0.0,0.0,0.0
106433,B,Mobile,Paid Search,New,0,1,0,0,0,0,0,0.0,0.0,0.0
106434,B,Mobile,Organic,New,0,0,0,0,0,0,1,0.0,0.0,0.0
106435,B,Mobile,Organic,New,0,1,1,1,1,0,0,2464.1557499546675,0.0,2464.1557499546675
106436,B,Desktop,Organic,New,0,0,0,0,0,0,0,0.0,0.0,0.0
106437,A,Mobile,Paid Search,Returning,0,1,1,1,1,0,0,2569.0531018141796,0.0,2569.0531018141796
106438,A,Mobile,Social,Returning,0,1,1,1,1,0,0,2743.632745471259,0.0,2743.632745471259
106439,B,Desktop,Organic,Returning,0,1,0,0,0,0,0,0.0,0.0,0.0
106440,A,Mobile,Paid Search,New,0,1,0,0,0,0,0,0.0,0.0,0.0
106441,A,Mobile,Social,New,0,1,1,1,1,0,1,2546.4537347466708,0.0,2546.4537347466708
106442,A,Desktop,Email,Returning,1,0,0,0,0,0,0,0.0,0.0,0.0
106443,A,Mobile,Paid Search,New,0,0,0,0,0,0,1,0.0,0.0,0.0
106444,B,Desktop,Organic,New,0,1,0,0,0,0,1,0.0,0.0,0.0
106445,B,Mobile,Direct,Returning,0,0,0,0,0,0,0,0.0,0.0,0.0
106446,A,Mobile,Social,New,0,1,0,0,0,0,0,0.0,0.0,0.0
106447,B,Mobile,Paid Search,New,0,1,0,0,0,0,1,0.0,0.0,0.0
106448,A,Mobile,Social,Returning,1,0,0,0,0,0,0,0.0,0.0,0.0
106449,A,Mobile,Email,New,0,1,0,0,0,0,0,0.0,0.0,0.0
106450,B,Mobile,Paid Search,New,0,1,0,0,0,0,0,0.0,0.0,0.0
106451,B,Mobile,Organic,Returning,0,1,1,0,0,0,0,0.0,0.0,0.0
106452,B,Tablet,Organic,New,0,1,0,0,0,0,1,0.0,0.0,0.0
106453,A,Desktop,Organic,New,0,1,0,0,0,0,0,0.0,0.0,0.0
106454,A,Desktop,Email,Returning,0,1,0,0,0,0,1,0.0,0.0,0.0
106455,B,Desktop,Direct,Returning,0,1,0,0,0,0,0,0.0,0.0,0.0
106456,A,Desktop,Organic,New,0,1,0,0,0,0,0,0.0,0.0,0.0
106457,B,Desktop,Direct,New,0,0,0,0,0,0,0,0.0,0.0,0.0
106458,A,Mobile,Direct,New,0,1,0,0,0,0,1,0.0,0.0,0.0
106459,A,Mobile,Paid Search,Returning,0,1,0,0,0,0,1,0.0,0.0,0.0
106460,A,Mobile,Organic,New,0,1,0,0,0,0,1,0.0,0.0,0.0
106461,A,Desktop,Social,New,0,1,0,0,0,0,1,0.0,0.0,0.0
106462,B,Desktop,Organic,Returning,0,1,0,0,0,0,0,0.0,0.0,0.0
106463,A,Mobile,Organic,Returning,0,1,0,0,0,0,0,0.0,0.0,0.0
106464,A,Desktop,Social,New,0,0,0,0,0,0,1,0.0,0.0,0.0
106465,A,Desktop,Direct,New,0,1,0,0,0,0,0,0.0,0.0,0.0
106466,B,Mobile,Organic,Returning,0,1,1,1,1,1,0,2505.6907438335897,2893.066460758128,5398.757204591718
106467,A,Mobile,Social,Returning,1,1,1,1,1,0,1,2524.934248857972,0.0,2524.934248857972
106468,B,Mobile,Email,New,0,0,0,0,0,0,1,0.0,0.0,0.0
106469,B,Mobile,Organic,New,0,1,0,0,0,0,0,0.0,0.0,0.0
106470,A,Mobile,Organic,New,0,1,0,0,0,0,0,0.0,0.0,0.0
106471,A,Mobile,Direct,New,0,1,0,0,0,0,1,0.0,0.0,0.0
106472,A,Mobile,Organic,New,0,1,0,0,0,0,0,0.0,0.0,0.0
106473,A,Mobile,Paid Search,New,0,1,0,0,0,0,1,0.0,0.0,0.0
106474,A,Mobile,Organic,New,0,1,0,0,0,0,1,0.0,0.0,0.0
106475,B,Mobile,Organic,New,0,1,0,0,0,0,1,0.0,0.0,0.0
106476,B,Desktop,Paid Search,New,0,1,0,0,0,0,1,0.0,0.0,0.0
106477,A,Tablet,Organic,New,0,1,0,0,0,0,0,0.0,0.0,0.0
106478,B,Desktop,Organic,New,0,1,0,0,0,0,0,0.0,0.0,0.0
106479,A,Desktop,Direct,New,1,1,0,0,0,0,0,0.0,0.0,0.0
106480,B,Mobile,Paid Search,New,0,1,0,0,0,0,1,0.0,0.0,0.0
106481,B,Desktop,Paid Search,Returning,1,1,1,0,0,0,0,0.0,0.0,0.0
106482,A,Desktop,Paid Search,New,0,1,0,0,0,0,1,0.0,0.0,0.0
106483,B,Mobile,Organic,New,0,1,0,0,0,0,1,0.0,0.0,0.0
106484,A,Tablet,Paid Search,Returning,0,1,0,0,0,0,1,0.0,0.0,0.0
106485,A,Mobile,Social,Returning,1,1,0,0,0,0,0,0.0,0.0,0.0
106486,A,Desktop,Organic,New,0,1,1,0,0,0,0,0.0,0.0,0.0
106487,B,Mobile,Direct,Returning,0,1,1,1,1,0,1,2530.373520609207,0.0,2530.373520609207
106488,B,Mobile,Direct,New,0,1,0,0,0,0,1,0.0,0.0,0.0
106489,A,Desktop,Email,Returning,0,1,1,1,1,0,0,2404.348475410254,0.0,2404.348475410254
106490,B,Mobile,Social,New,0,1,0,0,0,0,0,0.0,0.0,0.0
106491,B,Mobile,Organic,Returning,0,1,1,0,0,0,1,0.0,0.0,0.0
106492,A,Desktop,Paid Search,New,0,0,0,0,0,0,0,0.0,0.0,0.0
106493,B,Mobile,Paid Search,New,0,1,0,0,0,0,1,0.0,0.0,0.0
106494,B,Mobile,Organic,Returning,0,1,0,0,0,0,1,0.0,0.0,0.0
106495,A,Mobile,Email,Returning,0,1,0,0,0,0,1,0.0,0.0,0.0
106496,A,Mobile,Organic,Returning,0,0,0,0,0,0,0,0.0,0.0,0.0
106497,B,Desktop,Organic,New,1,1,0,0,0,0,1,0.0,0.0,0.0
106498,B,Mobile,Direct,New,0,1,1,1,1,0,0,2906.9646210543933,0.0,2906.9646210543933
106499,B,Mobile,Direct,New,0,1,0,0,0,0,0,0.0,0.0,0.0
106500,A,Tablet,Social,Returning,0,1,0,0,0,0,1,0.0,0.0,0.0
106501,B,Desktop,Organic,New,0,1,0,0,0,0,0,0.0,0.0,0.0
106502,B,Mobile,Organic,New,0,0,0,0,0,0,1,0.0,0.0,0.0
106503,B,Tablet,Organic,New,1,1,0,0,0,0,0,0.0,0.0,0.0
106504,A,Desktop,Social,Returning,0,0,0,0,0,0,0,0.0,0.0,0.0
106505,A,Mobile,Organic,New,0,0,0,0,0,0,1,0.0,0.0,0.0
106506,A,Mobile,Paid Search,New,0,0,0,0,0,0,0,0.0,0.0,0.0
106507,A,Mobile,Organic,Returning,0,0,0,0,0,0,0,0.0,0.0,0.0
106508,B,Mobile,Organic,New,0,1,0,0,0,0,0,0.0,0.0,0.0
106509,B,Mobile,Social,New,0,1,1,0,0,0,1,0.0,0.0,0.0
106510,B,Desktop,Direct,New,0,1,0,0,0,0,1,0.0,0.0,0.0
106511,B,Mobile,Paid Search,New,0,1,0,0,0,0,1,0.0,0.0,0.0
106512,B,Mobile,Social,Returning,0,1,0,0,0,0,0,0.0,0.0,0.0
106513,A,Desktop,Organic,New,0,0,0,0,0,0,0,0.0,0.0,0.0
106514,B,Mobile,Organic,New,0,1,0,0,0,0,0,0.0,0.0,0.0
106515,A,Mobile,Organic,New,0,1,0,0,0,0,1,0.0,0.0,0.0
106516,A,Mobile,Direct,New,0,1,0,0,0,0,0,0.0,0.0,0.0
106517,A,Mobile,Organic,New,0,1,0,0,0,0,0,0.0,0.0,0.0
106518,B,Desktop,Social,Returning,0,1,0,0,0,0,0,0.0,0.0,0.0
106519,A,Mobile,Organic,Returning,0,1,0,0,0,0,0,0.0,0.0,0.0
106520,A,Desktop,Email,Returning,0,1,0,0,0,0,0,0.0,0.0,0.0
106521,A,Mobile,Direct,New,0,1,0,0,0,0,0,0.0,0.0,0.0
106522,B,Desktop,Social,New,0,0,0,0,0,0,0,0.0,0.0,0.0
106523,A,Mobile,Organic,Returning,0,1,0,0,0,0,0,0.0,0.0,0.0
106524,B,Mobile,Paid Search,New,0,1,0,0,0,0,0,0.0,0.0,0.0
106525,A,Mobile,Paid Search,New,0,1,0,0,0,0,1,0.0,0.0,0.0
106526,A,Mobile,Paid Search,New,0,1,0,0,0,0,1,0.0,0.0,0.0
106527,A,Mobile,Organic,Returning,1,1,0,0,0,0,0,0.0,0.0,0.0
106528,A,Mobile,Direct,New,1,1,1,1,0,0,0,0.0,0.0,0.0
106529,A,Desktop,Organic,New,0,1,0,0,0,0,1,0.0,0.0,0.0
106530,A,Mobile,Social,New,0,1,1,1,1,0,1,3008.1612155254115,0.0,3008.1612155254115
106531,B,Desktop,Paid Search,New,0,1,0,0,0,0,0,0.0,0.0,0.0
106532,A,Mobile,Direct,New,0,1,0,0,0,0,0,0.0,0.0,0.0
106533,B,Mobile,Social,New,0,1,0,0,0,0,1,0.0,0.0,0.0
106534,A,Mobile,Direct,Returning,0,1,0,0,0,0,0,0.0,0.0,0.0
106535,B,Desktop,Email,New,0,1,0,0,0,0,0,0.0,0.0,0.0
106536,B,Desktop,Organic,New,0,0,0,0,0,0,1,0.0,0.0,0.0
106537,A,Mobile,Organic,Returning,1,1,1,1,0,0,1,0.0,0.0,0.0
106538,B,Mobile,Paid Search,New,0,1,0,0,0,0,0,0.0,0.0,0.0
106539,A,Desktop,Paid Search,New,0,0,0,0,0,0,0,0.0,0.0,0.0
106540,A,Mobile,Organic,New,1,0,0,0,0,0,1,0.0,0.0,0.0
106541,B,Mobile,Social,New,0,0,0,0,0,0,1,0.0,0.0,0.0
106542,A,Mobile,Direct,Returning,0,1,0,0,0,0,1,0.0,0.0,0.0
106543,A,Mobile,Paid Search,Returning,0,0,0,0,0,0,0,0.0,0.0,0.0
106544,A,Mobile,Organic,New,0,0,0,0,0,0,0,0.0,0.0,0.0
106545,B,Desktop,Paid Search,New,0,1,0,0,0,0,1,0.0,0.0,0.0
106546,A,Desktop,Social,New,0,1,0,0,0,0,1,0.0,0.0,0.0
106547,A,Mobile,Direct,New,0,0,0,0,0,0,0,0.0,0.0,0.0
106548,B,Desktop,Organic,New,0,1,0,0,0,0,0,0.0,0.0,0.0
106549,B,Mobile,Organic,New,0,1,0,0,0,0,0,0.0,0.0,0.0
106550,A,Tablet,Email,New,0,1,1,0,0,0,1,0.0,0.0,0.0
106551,B,Mobile,Direct,New,0,1,0,0,0,0,0,0.0,0.0,0.0
106552,A,Desktop,Social,New,0,1,0,0,0,0,0,0.0,0.0,0.0
106553,A,Mobile,Email,New,0,1,0,0,0,0,1,0.0,0.0,0.0
106554,A,Mobile,Organic,Returning,0,1,0,0,0,0,0,0.0,0.0,0.0
106555,A,Mobile,Direct,New,0,0,0,0,0,0,0,0.0,0.0,0.0
106556,B,Mobile,Social,Returning,1,1,0,0,0,0,1,0.0,0.0,0.0
106557,A,Desktop,Direct,Returning,0,1,0,0,0,0,0,0.0,0.0,0.0
106558,B,Mobile,Paid Search,Returning,0,1,1,0,0,0,0,0.0,0.0,0.0
106559,B,Mobile,Email,New,0,1,0,0,0,0,0,0.0,0.0,0.0
106560,B,Mobile,Direct,New,0,0,0,0,0,0,0,0.0,0.0,0.0
106561,A,Mobile,Organic,New,0,1,0,0,0,0,0,0.0,0.0,0.0
106562,B,Mobile,Organic,Returning,0,1,0,0,0,0,0,0.0,0.0,0.0
106563,B,Mobile,Paid Search,New,0,0,0,0,0,0,1,0.0,0.0,0.0
106564,B,Mobile,Organic,New,1,1,0,0,0,0,1,0.0,0.0,0.0
106565,A,Mobile,Organic,New,0,1,1,1,1,1,0,2923.595545387208,3450.1356319881384,6373.731177375346
106566,A,Desktop,Direct,New,0,1,0,0,0,0,1,0.0,0.0,0.0
106567,A,Mobile,Social,New,0,1,0,0,0,0,0,0.0,0.0,0.0
106568,A,Mobile,Organic,New,0,0,0,0,0,0,0,0.0,0.0,0.0
106569,B,Mobile,Direct,New,0,1,0,0,0,0,1,0.0,0.0,0.0
106570,B,Mobile,Organic,New,0,1,1,1,1,0,1,3530.120599085866,0.0,3530.120599085866
106571,B,Mobile,Email,New,1,1,0,0,0,0,1,0.0,0.0,0.0
106572,B,Mobile,Organic,New,0,0,0,0,0,0,0,0.0,0.0,0.0
106573,A,Mobile,Paid Search,New,0,1,0,0,0,0,0,0.0,0.0,0.0
106574,A,Mobile,Paid Search,New,0,1,0,0,0,0,0,0.0,0.0,0.0
106575,B,Tablet,Paid Search,New,0,1,0,0,0,0,1,0.0,0.0,0.0
106576,A,Desktop,Paid Search,New,0,1,0,0,0,0,1,0.0,0.0,0.0
106577,B,Mobile,Organic,Returning,0,1,0,0,0,0,0,0.0,0.0,0.0
106578,A,Mobile,Direct,Returning,0,1,0,0,0,0,0,0.0,0.0,0.0
106579,B,Mobile,Social,Returning,0,1,0,0,0,0,0,0.0,0.0,0.0
106580,B,Mobile,Paid Search,New,1,1,0,0,0,0,0,0.0,0.0,0.0
106581,A,Mobile,Organic,Returning,1,1,0,0,0,0,1,0.0,0.0,0.0
106582,A,Mobile,Organic,Returning,0,1,0,0,0,0,0,0.0,0.0,0.0
106583,B,Mobile,Direct,New,1,1,0,0,0,0,0,0.0,0.0,0.0
106584,A,Mobile,Organic,Returning,0,1,0,0,0,0,0,0.0,0.0,0.0
106585,A,Mobile,Email,Returning,0,0,0,0,0,0,1,0.0,0.0,0.0
106586,B,Mobile,Direct,Returning,1,1,0,0,0,0,1,0.0,0.0,0.0
106587,B,Desktop,Social,New,0,1,1,0,0,0,0,0.0,0.0,0.0
106588,B,Mobile,Social,New,0,1,0,0,0,0,1,0.0,0.0,0.0
106589,A,Desktop,Social,New,0,1,0,0,0,0,1,0.0,0.0,0.0
106590,B,Mobile,Paid Search,Returning,0,1,0,0,0,0,1,0.0,0.0,0.0
106591,A,Mobile,Paid Search,Returning,0,0,0,0,0,0,0,0.0,0.0,0.0
106592,B,Tablet,Paid Search,New,1,1,0,0,0,0,0,0.0,0.0,0.0
106593,B,Desktop,Organic,New,0,1,0,0,0,0,0,0.0,0.0,0.0
106594,B,Mobile,Organic,Returning,0,1,0,0,0,0,0,0.0,0.0,0.0
106595,A,Mobile,Email,New,0,1,0,0,0,0,1,0.0,0.0,0.0
106596,A,Mobile,Email,New,0,1,0,0,0,0,1,0.0,0.0,0.0
106597,A,Mobile,Organic,New,0,1,0,0,0,0,1,0.0,0.0,0.0
106598,B,Mobile,Social,New,0,1,0,0,0,0,0,0.0,0.0,0.0
106599,A,Mobile,Email,New,0,0,0,0,0,0,0,0.0,0.0,0.0
106600,B,Desktop,Organic,Returning,0,1,1,0,0,0,1,0.0,0.0,0.0
106601,A,Desktop,Email,Returning,0,1,0,0,0,0,0,0.0,0.0,0.0
106602,A,Mobile,Organic,New,0,0,0,0,0,0,0,0.0,0.0,0.0
106603,B,Mobile,Paid Search,New,0,1,0,0,0,0,0,0.0,0.0,0.0
106604,B,Mobile,Organic,New,0,1,0,0,0,0,0,0.0,0.0,0.0
106605,B,Mobile,Organic,New,0,1,0,0,0,0,1,0.0,0.0,0.0
106606,A,Mobile,Organic,New,1,0,0,0,0,0,0,0.0,0.0,0.0
106607,B,Mobile,Organic,New,0,1,0,0,0,0,1,0.0,0.0,0.0
106608,B,Mobile,Paid Search,New,0,1,0,0,0,0,1,0.0,0.0,0.0
106609,A,Desktop,Email,New,0,1,0,0,0,0,1,0.0,0.0,0.0
106610,B,Mobile,Organic,New,0,1,0,0,0,0,1,0.0,0.0,0.0
106611,B,Desktop,Email,Returning,0,1,0,0,0,0,1,0.0,0.0,0.0
106612,A,Desktop,Organic,New,1,1,1,1,1,1,0,3138.542373219099,3337.799718457678,6476.342091676777
106613,A,Mobile,Paid Search,New,0,0,0,0,0,0,0,0.0,0.0,0.0
106614,B,Desktop,Social,New,0,1,0,0,0,0,0,0.0,0.0,0.0
106615,B,Tablet,Paid Search,Returning,0,1,0,0,0,0,0,0.0,0.0,0.0
106616,A,Mobile,Paid Search,New,0,1,0,0,0,0,0,0.0,0.0,0.0
106617,B,Mobile,Direct,New,0,1,0,0,0,0,1,0.0,0.0,0.0
106618,B,Mobile,Paid Search,New,0,1,0,0,0,0,1,0.0,0.0,0.0
106619,B,Tablet,Paid Search,New,0,1,1,1,1,0,0,2181.7470331122718,0.0,2181.7470331122718
106620,A,Mobile,Social,New,0,1,1,0,0,0,0,0.0,0.0,0.0
106621,B,Mobile,Organic,New,1,0,0,0,0,0,1,0.0,0.0,0.0
106622,B,Mobile,Direct,New,0,1,0,0,0,0,0,0.0,0.0,0.0
106623,A,Mobile,Organic,New,0,1,0,0,0,0,0,0.0,0.0,0.0
106624,A,Mobile,Organic,New,0,0,0,0,0,0,0,0.0,0.0,0.0
106625,A,Desktop,Organic,New,0,1,0,0,0,0,0,0.0,0.0,0.0
106626,A,Tablet,Email,Returning,0,0,0,0,0,0,0,0.0,0.0,0.0
106627,B,Desktop,Social,New,0,0,0,0,0,0,1,0.0,0.0,0.0
106628,B,Mobile,Organic,Returning,1,1,0,0,0,0,1,0.0,0.0,0.0
106629,A,Desktop,Paid Search,New,0,1,0,0,0,0,0,0.0,0.0,0.0
106630,A,Mobile,Paid Search,Returning,0,1,0,0,0,0,0,0.0,0.0,0.0
106631,A,Mobile,Paid Search,New,0,0,0,0,0,0,0,0.0,0.0,0.0
106632,B,Mobile,Paid Search,New,0,1,1,1,1,0,1,3834.637974720932,0.0,3834.637974720932
106633,A,Desktop,Social,Returning,0,0,0,0,0,0,1,0.0,0.0,0.0
106634,A,Mobile,Paid Search,New,0,1,0,0,0,0,0,0.0,0.0,0.0
106635,A,Mobile,Email,Returning,0,1,0,0,0,0,1,0.0,0.0,0.0
106636,B,Mobile,Organic,New,0,1,1,1,1,0,1,3831.630722970346,0.0,3831.630722970346
106637,B,Mobile,Social,New,0,0,0,0,0,0,0,0.0,0.0,0.0
106638,B,Mobile,Social,New,0,1,0,0,0,0,0,0.0,0.0,0.0
106639,B,Mobile,Social,Returning,0,1,0,0,0,0,0,0.0,0.0,0.0
106640,B,Mobile,Direct,Returning,0,0,0,0,0,0,0,0.0,0.0,0.0
106641,A,Mobile,Social,Returning,1,1,0,0,0,0,0,0.0,0.0,0.0
106642,A,Mobile,Paid Search,New,0,1,0,0,0,0,0,0.0,0.0,0.0
106643,B,Mobile,Organic,New,0,0,0,0,0,0,0,0.0,0.0,0.0
106644,A,Mobile,Paid Search,New,0,0,0,0,0,0,1,0.0,0.0,0.0
106645,A,Mobile,Organic,Returning,0,1,0,0,0,0,1,0.0,0.0,0.0
106646,B,Mobile,Email,Returning,0,1,1,0,0,0,0,0.0,0.0,0.0
106647,A,Desktop,Organic,New,0,1,0,0,0,0,0,0.0,0.0,0.0
106648,B,Mobile,Organic,Returning,0,1,0,0,0,0,0,0.0,0.0,0.0
106649,A,Mobile,Organic,New,0,1,0,0,0,0,0,0.0,0.0,0.0
106650,A,Mobile,Paid Search,New,0,1,1,1,1,0,0,1730.8224923619027,0.0,1730.8224923619027
106651,A,Desktop,Direct,New,0,1,0,0,0,0,0,0.0,0.0,0.0
106652,A,Desktop,Organic,New,0,1,0,0,0,0,0,0.0,0.0,0.0
106653,A,Mobile,Direct,New,1,0,0,0,0,0,0,0.0,0.0,0.0
106654,A,Mobile,Direct,New,0,1,0,0,0,0,1,0.0,0.0,0.0
106655,A,Mobile,Paid Search,New,0,1,0,0,0,0,0,0.0,0.0,0.0
106656,A,Mobile,Social,New,0,0,0,0,0,0,0,0.0,0.0,0.0
106657,B,Mobile,Organic,New,1,0,0,0,0,0,0,0.0,0.0,0.0
106658,B,Mobile,Social,Returning,0,1,0,0,0,0,1,0.0,0.0,0.0
106659,A,Desktop,Email,New,1,0,0,0,0,0,1,0.0,0.0,0.0
106660,B,Mobile,Organic,New,0,1,0,0,0,0,1,0.0,0.0,0.0
106661,B,Desktop,Social,New,0,1,0,0,0,0,1,0.0,0.0,0.0
106662,A,Mobile,Organic,New,0,1,1,0,0,0,0,0.0,0.0,0.0
106663,B,Desktop,Organic,New,0,1,0,0,0,0,0,0.0,0.0,0.0
106664,A,Desktop,Organic,New,0,1,0,0,0,0,0,0.0,0.0,0.0
106665,A,Mobile,Organic,New,0,1,0,0,0,0,0,0.0,0.0,0.0
106666,A,Desktop,Email,New,1,0,0,0,0,0,1,0.0,0.0,0.0
106667,B,Desktop,Organic,New,0,1,0,0,0,0,0,0.0,0.0,0.0
106668,B,Desktop,Organic,New,0,1,1,1,1,0,1,3491.523519412863,0.0,3491.523519412863
106669,B,Mobile,Social,Returning,0,1,0,0,0,0,0,0.0,0.0,0.0
106670,A,Mobile,Organic,New,0,1,0,0,0,0,1,0.0,0.0,0.0
106671,B,Mobile,Direct,New,0,0,0,0,0,0,1,0.0,0.0,0.0
106672,B,Mobile,Paid Search,Returning,0,1,0,0,0,0,0,0.0,0.0,0.0
106673,B,Desktop,Direct,New,0,1,0,0,0,0,0,0.0,0.0,0.0
106674,B,Mobile,Paid Search,New,0,1,0,0,0,0,0,0.0,0.0,0.0
106675,A,Mobile,Organic,Returning,0,1,0,0,0,0,1,0.0,0.0,0.0
106676,B,Mobile,Direct,New,0,1,0,0,0,0,1,0.0,0.0,0.0
106677,A,Mobile,Direct,New,0,1,0,0,0,0,1,0.0,0.0,0.0
106678,B,Mobile,Paid Search,New,0,0,0,0,0,0,0,0.0,0.0,0.0
106679,B,Mobile,Organic,New,1,1,1,0,0,0,0,0.0,0.0,0.0
106680,B,Mobile,Social,New,0,1,1,0,0,0,0,0.0,0.0,0.0
106681,B,Mobile,Email,New,0,1,0,0,0,0,0,0.0,0.0,0.0
106682,B,Mobile,Paid Search,New,0,1,0,0,0,0,0,0.0,0.0,0.0
106683,A,Desktop,Paid Search,New,0,1,0,0,0,0,1,0.0,0.0,0.0
106684,B,Mobile,Paid Search,Returning,0,1,0,0,0,0,0,0.0,0.0,0.0
106685,A,Mobile,Paid Search,Returning,0,1,0,0,0,0,0,0.0,0.0,0.0
106686,A,Mobile,Direct,Returning,0,1,0,0,0,0,0,0.0,0.0,0.0
106687,A,Mobile,Organic,Returning,0,0,0,0,0,0,1,0.0,0.0,0.0
106688,B,Mobile,Organic,New,0,1,0,0,0,0,0,0.0,0.0,0.0
106689,B,Desktop,Social,New,0,1,0,0,0,0,0,0.0,0.0,0.0
106690,B,Desktop,Social,New,0,1,0,0,0,0,0,0.0,0.0,0.0
106691,A,Mobile,Paid Search,New,0,0,0,0,0,0,0,0.0,0.0,0.0
106692,A,Tablet,Paid Search,New,0,1,0,0,0,0,1,0.0,0.0,0.0
106693,A,Mobile,Paid Search,New,0,0,0,0,0,0,0,0.0,0.0,0.0
106694,A,Mobile,Organic,New,0,0,0,0,0,0,0,0.0,0.0,0.0
106695,A,Mobile,Direct,Returning,0,1,0,0,0,0,0,0.0,0.0,0.0
106696,B,Desktop,Organic,New,0,1,0,0,0,0,0,0.0,0.0,0.0
106697,B,Mobile,Social,Returning,0,1,0,0,0,0,1,0.0,0.0,0.0
106698,A,Mobile,Organic,New,1,1,0,0,0,0,1,0.0,0.0,0.0
106699,B,Mobile,Organic,Returning,0,0,0,0,0,0,1,0.0,0.0,0.0
106700,A,Mobile,Email,New,0,1,1,1,0,0,1,0.0,0.0,0.0
106701,B,Mobile,Organic,New,0,1,0,0,0,0,0,0.0,0.0,0.0
106702,A,Mobile,Direct,Returning,0,0,0,0,0,0,0,0.0,0.0,0.0
106703,A,Desktop,Paid Search,New,0,1,1,1,1,1,1,3102.6423999338836,3237.3087848518444,6339.951184785728
106704,A,Desktop,Organic,New,1,1,0,0,0,0,1,0.0,0.0,0.0
106705,A,Mobile,Direct,Returning,0,0,0,0,0,0,0,0.0,0.0,0.0
106706,B,Mobile,Paid Search,New,0,1,0,0,0,0,0,0.0,0.0,0.0
106707,A,Mobile,Social,New,0,1,0,0,0,0,0,0.0,0.0,0.0
106708,B,Mobile,Email,New,0,1,0,0,0,0,1,0.0,0.0,0.0
106709,B,Desktop,Paid Search,New,0,0,0,0,0,0,0,0.0,0.0,0.0
106710,B,Desktop,Organic,Returning,1,1,0,0,0,0,0,0.0,0.0,0.0
106711,A,Mobile,Email,Returning,0,1,0,0,0,0,0,0.0,0.0,0.0
106712,A,Mobile,Social,New,0,1,0,0,0,0,0,0.0,0.0,0.0
106713,A,Mobile,Social,New,1,0,0,0,0,0,0,0.0,0.0,0.0
106714,B,Desktop,Organic,New,0,1,1,1,1,0,0,3944.1009497089453,0.0,3944.1009497089453
106715,A,Tablet,Direct,Returning,0,1,0,0,0,0,0,0.0,0.0,0.0
106716,B,Mobile,Paid Search,New,0,0,0,0,0,0,0,0.0,0.0,0.0
106717,B,Mobile,Social,New,0,1,0,0,0,0,0,0.0,0.0,0.0
106718,A,Mobile,Paid Search,New,1,1,0,0,0,0,1,0.0,0.0,0.0
106719,B,Mobile,Organic,New,0,1,0,0,0,0,1,0.0,0.0,0.0
106720,A,Mobile,Paid Search,New,0,1,0,0,0,0,0,0.0,0.0,0.0
106721,B,Tablet,Email,Returning,1,1,0,0,0,0,0,0.0,0.0,0.0
106722,B,Mobile,Direct,New,0,1,1,1,0,0,0,0.0,0.0,0.0
106723,B,Mobile,Direct,Returning,0,1,1,1,0,0,1,0.0,0.0,0.0
106724,A,Mobile,Paid Search,New,0,1,0,0,0,0,1,0.0,0.0,0.0
106725,A,Mobile,Organic,New,0,0,0,0,0,0,0,0.0,0.0,0.0
106726,B,Mobile,Organic,Returning,0,1,0,0,0,0,1,0.0,0.0,0.0
106727,A,Desktop,Direct,New,0,0,0,0,0,0,0,0.0,0.0,0.0
106728,A,Mobile,Social,Returning,0,1,1,1,0,0,0,0.0,0.0,0.0
106729,A,Mobile,Paid Search,Returning,0,1,0,0,0,0,1,0.0,0.0,0.0
106730,B,Mobile,Social,New,0,1,0,0,0,0,0,0.0,0.0,0.0
106731,B,Desktop,Organic,Returning,0,1,1,1,1,0,0,1817.2033929025895,0.0,1817.2033929025895
106732,B,Mobile,Social,New,0,1,1,1,1,0,0,2602.731720244929,0.0,2602.731720244929
106733,A,Desktop,Social,New,0,1,0,0,0,0,0,0.0,0.0,0.0
106734,A,Mobile,Organic,New,0,0,0,0,0,0,0,0.0,0.0,0.0
106735,B,Mobile,Paid Search,New,0,1,0,0,0,0,0,0.0,0.0,0.0
106736,A,Desktop,Organic,New,0,1,0,0,0,0,0,0.0,0.0,0.0
106737,A,Desktop,Direct,Returning,0,1,1,0,0,0,1,0.0,0.0,0.0
106738,B,Mobile,Paid Search,New,0,0,0,0,0,0,0,0.0,0.0,0.0
106739,B,Mobile,Paid Search,Returning,0,1,1,1,1,0,0,1103.8022309911119,0.0,1103.8022309911119
106740,A,Mobile,Paid Search,New,0,1,0,0,0,0,0,0.0,0.0,0.0
106741,B,Mobile,Direct,New,0,1,0,0,0,0,0,0.0,0.0,0.0
106742,A,Desktop,Paid Search,New,0,1,0,0,0,0,0,0.0,0.0,0.0
106743,A,Mobile,Paid Search,Returning,0,1,1,0,0,0,0,0.0,0.0,0.0
106744,B,Mobile,Paid Search,New,0,1,1,0,0,0,0,0.0,0.0,0.0
106745,A,Mobile,Organic,New,0,1,0,0,0,0,0,0.0,0.0,0.0
106746,B,Desktop,Paid Search,Returning,1,0,0,0,0,0,1,0.0,0.0,0.0
106747,A,Desktop,Organic,Returning,0,1,0,0,0,0,1,0.0,0.0,0.0
106748,B,Desktop,Paid Search,New,0,1,0,0,0,0,0,0.0,0.0,0.0
106749,A,Mobile,Social,Returning,0,1,1,0,0,0,0,0.0,0.0,0.0
106750,A,Mobile,Social,New,0,0,0,0,0,0,0,0.0,0.0,0.0
106751,A,Mobile,Organic,Returning,0,1,0,0,0,0,0,0.0,0.0,0.0
106752,A,Mobile,Organic,New,1,1,0,0,0,0,0,0.0,0.0,0.0
106753,A,Mobile,Paid Search,New,0,0,0,0,0,0,0,0.0,0.0,0.0
106754,B,Mobile,Organic,New,0,1,0,0,0,0,0,0.0,0.0,0.0
106755,B,Desktop,Organic,New,1,1,0,0,0,0,1,0.0,0.0,0.0
106756,B,Mobile,Direct,Returning,0,1,0,0,0,0,0,0.0,0.0,0.0
106757,A,Mobile,Social,New,0,1,0,0,0,0,0,0.0,0.0,0.0
106758,A,Desktop,Organic,Returning,1,1,0,0,0,0,1,0.0,0.0,0.0
106759,A,Mobile,Paid Search,New,0,1,0,0,0,0,0,0.0,0.0,0.0
106760,B,Mobile,Organic,New,0,1,0,0,0,0,0,0.0,0.0,0.0
106761,B,Mobile,Social,New,1,1,0,0,0,0,1,0.0,0.0,0.0
106762,A,Desktop,Direct,Returning,1,0,0,0,0,0,1,0.0,0.0,0.0
106763,B,Mobile,Direct,Returning,0,1,0,0,0,0,1,0.0,0.0,0.0
106764,B,Mobile,Organic,Returning,0,0,0,0,0,0,0,0.0,0.0,0.0
106765,B,Desktop,Social,New,0,1,0,0,0,0,0,0.0,0.0,0.0
106766,A,Desktop,Organic,Returning,0,0,0,0,0,0,0,0.0,0.0,0.0
106767,A,Desktop,Direct,New,0,0,0,0,0,0,0,0.0,0.0,0.0
106768,A,Mobile,Organic,Returning,0,1,0,0,0,0,0,0.0,0.0,0.0
106769,A,Desktop,Organic,New,0,1,0,0,0,0,0,0.0,0.0,0.0
106770,B,Desktop,Organic,Returning,0,1,1,1,1,0,1,2791.0204280978287,0.0,2791.0204280978287
106771,A,Desktop,Organic,New,0,1,0,0,0,0,0,0.0,0.0,0.0
106772,B,Mobile,Organic,New,0,1,0,0,0,0,1,0.0,0.0,0.0
106773,A,Mobile,Email,New,0,0,0,0,0,0,0,0.0,0.0,0.0
106774,B,Tablet,Social,Returning,0,1,0,0,0,0,0,0.0,0.0,0.0
106775,B,Desktop,Organic,New,0,1,0,0,0,0,0,0.0,0.0,0.0
106776,B,Desktop,Paid Search,New,0,1,1,0,0,0,0,0.0,0.0,0.0
106777,A,Mobile,Paid Search,New,0,1,0,0,0,0,0,0.0,0.0,0.0
106778,A,Mobile,Paid Search,Returning,0,1,0,0,0,0,1,0.0,0.0,0.0
106779,A,Mobile,Organic,Returning,0,1,0,0,0,0,1,0.0,0.0,0.0
106780,B,Desktop,Email,New,0,1,0,0,0,0,0,0.0,0.0,0.0
106781,B,Mobile,Paid Search,Returning,0,1,0,0,0,0,1,0.0,0.0,0.0
106782,B,Mobile,Organic,New,0,1,0,0,0,0,1,0.0,0.0,0.0
106783,B,Mobile,Direct,New,0,1,1,0,0,0,0,0.0,0.0,0.0
106784,A,Mobile,Paid Search,New,1,1,0,0,0,0,0,0.0,0.0,0.0
106785,A,Desktop,Paid Search,New,1,1,0,0,0,0,1,0.0,0.0,0.0
106786,B,Desktop,Social,New,1,1,0,0,0,0,0,0.0,0.0,0.0
106787,A,Mobile,Organic,New,0,1,0,0,0,0,0,0.0,0.0,0.0
106788,B,Mobile,Paid Search,New,1,1,0,0,0,0,0,0.0,0.0,0.0
106789,B,Desktop,Paid Search,New,0,1,1,1,1,0,0,1641.1652882460478,0.0,1641.1652882460478
106790,B,Desktop,Paid Search,New,0,1,0,0,0,0,0,0.0,0.0,0.0
106791,A,Mobile,Email,New,0,0,0,0,0,0,1,0.0,0.0,0.0
106792,A,Desktop,Organic,New,0,0,0,0,0,0,0,0.0,0.0,0.0
106793,B,Mobile,Paid Search,New,0,1,0,0,0,0,0,0.0,0.0,0.0
106794,A,Mobile,Paid Search,New,0,0,0,0,0,0,1,0.0,0.0,0.0
106795,B,Desktop,Direct,Returning,0,1,0,0,0,0,1,0.0,0.0,0.0
106796,A,Mobile,Email,New,0,1,0,0,0,0,0,0.0,0.0,0.0
106797,B,Mobile,Email,Returning,0,1,0,0,0,0,0,0.0,0.0,0.0
106798,B,Mobile,Paid Search,Returning,0,1,0,0,0,0,0,0.0,0.0,0.0
106799,A,Mobile,Organic,New,0,1,0,0,0,0,0,0.0,0.0,0.0
106800,A,Mobile,Email,Returning,0,0,0,0,0,0,1,0.0,0.0,0.0
106801,B,Mobile,Social,New,0,1,0,0,0,0,1,0.0,0.0,0.0
106802,A,Desktop,Social,New,0,1,0,0,0,0,1,0.0,0.0,0.0
106803,B,Mobile,Direct,Returning,0,1,0,0,0,0,0,0.0,0.0,0.0
106804,B,Desktop,Organic,Returning,0,1,0,0,0,0,1,0.0,0.0,0.0
106805,A,Mobile,Email,New,1,0,0,0,0,0,1,0.0,0.0,0.0
106806,B,Mobile,Organic,New,0,1,0,0,0,0,0,0.0,0.0,0.0
106807,A,Mobile,Organic,New,0,1,0,0,0,0,0,0.0,0.0,0.0
106808,A,Desktop,Direct,New,0,1,0,0,0,0,1,0.0,0.0,0.0
106809,B,Mobile,Paid Search,New,0,1,0,0,0,0,1,0.0,0.0,0.0
106810,A,Mobile,Paid Search,New,0,1,0,0,0,0,0,0.0,0.0,0.0
106811,A,Mobile,Social,New,1,1,1,0,0,0,1,0.0,0.0,0.0
106812,A,Mobile,Direct,New,0,1,0,0,0,0,1,0.0,0.0,0.0
106813,B,Mobile,Social,Returning,0,1,0,0,0,0,1,0.0,0.0,0.0
106814,A,Desktop,Organic,New,0,1,0,0,0,0,0,0.0,0.0,0.0
106815,B,Mobile,Paid Search,New,0,1,0,0,0,0,0,0.0,0.0,0.0
106816,A,Mobile,Organic,Returning,0,1,0,0,0,0,0,0.0,0.0,0.0
106817,B,Mobile,Paid Search,Returning,1,0,0,0,0,0,0,0.0,0.0,0.0
106818,B,Tablet,Organic,Returning,0,1,0,0,0,0,0,0.0,0.0,0.0
106819,B,Desktop,Social,New,0,1,0,0,0,0,0,0.0,0.0,0.0
106820,A,Desktop,Social,New,0,0,0,0,0,0,1,0.0,0.0,0.0
106821,A,Desktop,Email,New,0,1,0,0,0,0,1,0.0,0.0,0.0
106822,B,Desktop,Social,New,0,0,0,0,0,0,0,0.0,0.0,0.0
106823,A,Mobile,Direct,New,0,1,0,0,0,0,1,0.0,0.0,0.0
106824,A,Desktop,Organic,New,0,0,0,0,0,0,1,0.0,0.0,0.0
106825,A,Desktop,Paid Search,New,0,1,0,0,0,0,1,0.0,0.0,0.0
106826,A,Desktop,Organic,New,0,0,0,0,0,0,1,0.0,0.0,0.0
106827,A,Mobile,Organic,Returning,0,1,0,0,0,0,0,0.0,0.0,0.0
106828,B,Mobile,Social,Returning,0,1,1,0,0,0,0,0.0,0.0,0.0
106829,B,Mobile,Email,Returning,0,1,0,0,0,0,1,0.0,0.0,0.0
106830,A,Desktop,Paid Search,New,0,1,0,0,0,0,0,0.0,0.0,0.0
106831,B,Mobile,Organic,Returning,1,1,0,0,0,0,1,0.0,0.0,0.0
106832,B,Desktop,Organic,Returning,0,0,0,0,0,0,0,0.0,0.0,0.0
106833,B,Desktop,Organic,New,0,1,0,0,0,0,0,0.0,0.0,0.0
106834,A,Mobile,Paid Search,New,0,1,0,0,0,0,0,0.0,0.0,0.0
106835,B,Mobile,Organic,New,0,1,0,0,0,0,1,0.0,0.0,0.0
106836,B,Mobile,Organic,New,0,1,0,0,0,0,0,0.0,0.0,0.0
106837,B,Mobile,Paid Search,New,0,0,0,0,0,0,1,0.0,0.0,0.0
106838,B,Mobile,Social,New,0,1,0,0,0,0,1,0.0,0.0,0.0
106839,B,Mobile,Organic,New,0,1,0,0,0,0,0,0.0,0.0,0.0
106840,A,Desktop,Organic,New,0,1,0,0,0,0,0,0.0,0.0,0.0
106841,A,Desktop,Organic,New,1,1,0,0,0,0,1,0.0,0.0,0.0
106842,A,Tablet,Organic,New,0,1,0,0,0,0,0,0.0,0.0,0.0
106843,A,Mobile,Organic,New,0,1,0,0,0,0,0,0.0,0.0,0.0
106844,B,Tablet,Direct,New,0,1,1,0,0,0,0,0.0,0.0,0.0
106845,B,Mobile,Paid Search,New,0,0,0,0,0,0,1,0.0,0.0,0.0
106846,A,Desktop,Organic,New,0,1,0,0,0,0,0,0.0,0.0,0.0
106847,B,Mobile,Social,New,0,1,1,0,0,0,0,0.0,0.0,0.0
106848,A,Desktop,Paid Search,Returning,0,1,0,0,0,0,0,0.0,0.0,0.0
106849,A,Mobile,Social,Returning,0,1,0,0,0,0,0,0.0,0.0,0.0
106850,A,Desktop,Paid Search,New,0,0,0,0,0,0,1,0.0,0.0,0.0
106851,B,Mobile,Organic,New,0,1,0,0,0,0,1,0.0,0.0,0.0
106852,A,Desktop,Social,New,0,1,0,0,0,0,1,0.0,0.0,0.0
106853,B,Desktop,Direct,Returning,0,1,0,0,0,0,1,0.0,0.0,0.0
106854,B,Mobile,Organic,New,0,1,0,0,0,0,0,0.0,0.0,0.0
106855,B,Mobile,Organic,Returning,0,1,0,0,0,0,1,0.0,0.0,0.0
106856,B,Mobile,Direct,New,0,1,0,0,0,0,0,0.0,0.0,0.0
106857,B,Mobile,Social,New,0,1,0,0,0,0,0,0.0,0.0,0.0
106858,B,Mobile,Social,New,0,1,0,0,0,0,0,0.0,0.0,0.0
106859,A,Tablet,Organic,Returning,0,1,0,0,0,0,0,0.0,0.0,0.0
106860,A,Desktop,Paid Search,New,1,1,0,0,0,0,0,0.0,0.0,0.0
106861,B,Mobile,Social,New,0,1,1,1,1,0,1,2784.655309596872,0.0,2784.655309596872
106862,B,Mobile,Organic,New,0,1,0,0,0,0,0,0.0,0.0,0.0
106863,B,Mobile,Organic,New,0,1,0,0,0,0,1,0.0,0.0,0.0
106864,A,Mobile,Social,Returning,0,1,0,0,0,0,1,0.0,0.0,0.0
106865,B,Desktop,Organic,New,0,1,0,0,0,0,0,0.0,0.0,0.0
106866,B,Mobile,Direct,New,0,1,1,0,0,0,1,0.0,0.0,0.0
106867,B,Mobile,Paid Search,New,1,1,0,0,0,0,1,0.0,0.0,0.0
106868,A,Desktop,Organic,Returning,0,1,0,0,0,0,0,0.0,0.0,0.0
106869,B,Mobile,Social,Returning,0,1,1,1,0,0,0,0.0,0.0,0.0
106870,A,Tablet,Paid Search,Returning,0,1,1,1,1,0,0,2790.7950757218464,0.0,2790.7950757218464
106871,A,Mobile,Email,New,1,1,0,0,0,0,0,0.0,0.0,0.0
106872,A,Tablet,Direct,New,0,1,0,0,0,0,0,0.0,0.0,0.0
106873,B,Tablet,Organic,New,0,1,1,0,0,0,0,0.0,0.0,0.0
106874,B,Mobile,Paid Search,New,0,1,1,1,1,0,0,3546.668974721916,0.0,3546.668974721916
106875,B,Desktop,Organic,New,0,1,0,0,0,0,0,0.0,0.0,0.0
106876,A,Desktop,Social,Returning,0,1,1,1,0,0,0,0.0,0.0,0.0
106877,B,Desktop,Email,Returning,0,0,0,0,0,0,0,0.0,0.0,0.0
106878,A,Mobile,Direct,New,0,1,1,0,0,0,0,0.0,0.0,0.0
106879,B,Desktop,Email,New,0,1,1,1,1,0,0,3572.174151934849,0.0,3572.174151934849
106880,A,Mobile,Paid Search,Returning,0,1,0,0,0,0,1,0.0,0.0,0.0
106881,A,Mobile,Email,New,0,0,0,0,0,0,1,0.0,0.0,0.0
106882,A,Desktop,Email,New,0,1,0,0,0,0,1,0.0,0.0,0.0
106883,A,Tablet,Social,New,0,1,0,0,0,0,0,0.0,0.0,0.0
106884,A,Desktop,Paid Search,Returning,0,1,0,0,0,0,1,0.0,0.0,0.0
106885,A,Mobile,Social,Returning,0,1,0,0,0,0,1,0.0,0.0,0.0
106886,B,Tablet,Organic,New,0,1,0,0,0,0,1,0.0,0.0,0.0
106887,B,Desktop,Organic,New,1,1,1,1,1,0,0,2872.5003148493656,0.0,2872.5003148493656
106888,A,Tablet,Organic,Returning,1,1,0,0,0,0,1,0.0,0.0,0.0
106889,B,Desktop,Direct,Returning,0,1,0,0,0,0,0,0.0,0.0,0.0
106890,B,Mobile,Paid Search,New,0,1,0,0,0,0,0,0.0,0.0,0.0
106891,B,Desktop,Organic,New,0,1,0,0,0,0,1,0.0,0.0,0.0
106892,A,Mobile,Email,New,0,1,0,0,0,0,1,0.0,0.0,0.0
106893,B,Mobile,Organic,New,0,1,0,0,0,0,0,0.0,0.0,0.0
106894,A,Mobile,Organic,New,0,0,0,0,0,0,0,0.0,0.0,0.0
106895,B,Mobile,Organic,New,1,1,0,0,0,0,0,0.0,0.0,0.0
106896,A,Mobile,Social,New,0,0,0,0,0,0,0,0.0,0.0,0.0
106897,B,Mobile,Paid Search,New,0,1,0,0,0,0,1,0.0,0.0,0.0
106898,B,Mobile,Direct,New,0,1,1,1,1,0,1,2691.881626776641,0.0,2691.881626776641
106899,B,Mobile,Organic,New,0,1,0,0,0,0,0,0.0,0.0,0.0
106900,A,Mobile,Direct,Returning,0,1,0,0,0,0,1,0.0,0.0,0.0
106901,A,Desktop,Paid Search,Returning,0,1,0,0,0,0,1,0.0,0.0,0.0
106902,B,Mobile,Paid Search,New,0,1,0,0,0,0,0,0.0,0.0,0.0
106903,B,Mobile,Paid Search,New,0,1,0,0,0,0,0,0.0,0.0,0.0
106904,A,Mobile,Direct,New,0,1,0,0,0,0,1,0.0,0.0,0.0
106905,B,Mobile,Social,Returning,0,0,0,0,0,0,0,0.0,0.0,0.0
106906,B,Tablet,Organic,New,0,1,0,0,0,0,0,0.0,0.0,0.0
106907,B,Desktop,Organic,New,1,1,0,0,0,0,0,0.0,0.0,0.0
106908,B,Mobile,Direct,New,0,1,0,0,0,0,0,0.0,0.0,0.0
106909,B,Mobile,Social,New,0,1,0,0,0,0,0,0.0,0.0,0.0
106910,B,Mobile,Paid Search,New,0,1,0,0,0,0,0,0.0,0.0,0.0
106911,B,Mobile,Social,Returning,1,1,0,0,0,0,0,0.0,0.0,0.0
106912,A,Mobile,Email,New,0,1,0,0,0,0,1,0.0,0.0,0.0
106913,B,Mobile,Organic,New,0,0,0,0,0,0,0,0.0,0.0,0.0
106914,A,Desktop,Paid Search,New,0,1,0,0,0,0,0,0.0,0.0,0.0
106915,A,Mobile,Organic,New,0,1,0,0,0,0,0,0.0,0.0,0.0
106916,B,Mobile,Paid Search,New,0,1,0,0,0,0,0,0.0,0.0,0.0
106917,A,Mobile,Direct,Returning,0,1,0,0,0,0,1,0.0,0.0,0.0
106918,B,Mobile,Direct,New,0,1,1,0,0,0,0,0.0,0.0,0.0
106919,A,Mobile,Paid Search,New,0,1,0,0,0,0,0,0.0,0.0,0.0
106920,B,Desktop,Email,Returning,0,1,0,0,0,0,0,0.0,0.0,0.0
106921,B,Mobile,Paid Search,Returning,0,0,0,0,0,0,1,0.0,0.0,0.0
106922,A,Desktop,Organic,Returning,0,1,0,0,0,0,0,0.0,0.0,0.0
106923,B,Desktop,Organic,Returning,0,0,0,0,0,0,0,0.0,0.0,0.0
106924,B,Mobile,Paid Search,Returning,0,1,0,0,0,0,1,0.0,0.0,0.0
106925,A,Mobile,Paid Search,New,0,1,0,0,0,0,0,0.0,0.0,0.0
106926,A,Mobile,Organic,New,0,0,0,0,0,0,0,0.0,0.0,0.0
106927,B,Desktop,Organic,New,0,1,0,0,0,0,1,0.0,0.0,0.0
106928,A,Desktop,Paid Search,New,0,0,0,0,0,0,0,0.0,0.0,0.0
106929,B,Desktop,Organic,New,0,1,0,0,0,0,0,0.0,0.0,0.0
106930,B,Desktop,Organic,Returning,0,1,0,0,0,0,1,0.0,0.0,0.0
106931,B,Mobile,Organic,New,1,0,0,0,0,0,1,0.0,0.0,0.0
106932,A,Desktop,Organic,New,0,1,0,0,0,0,0,0.0,0.0,0.0
106933,B,Tablet,Paid Search,New,0,1,0,0,0,0,0,0.0,0.0,0.0
106934,B,Mobile,Social,New,0,1,0,0,0,0,0,0.0,0.0,0.0
106935,A,Mobile,Organic,New,0,1,1,0,0,0,0,0.0,0.0,0.0
106936,B,Desktop,Social,New,1,1,0,0,0,0,0,0.0,0.0,0.0
106937,B,Desktop,Email,Returning,0,0,0,0,0,0,0,0.0,0.0,0.0
106938,A,Mobile,Organic,New,0,1,0,0,0,0,1,0.0,0.0,0.0
106939,B,Mobile,Paid Search,New,0,1,0,0,0,0,1,0.0,0.0,0.0
106940,A,Mobile,Direct,New,1,1,1,0,0,0,0,0.0,0.0,0.0
106941,A,Mobile,Email,New,0,1,1,0,0,0,0,0.0,0.0,0.0
106942,A,Desktop,Social,New,0,1,1,1,1,0,1,2813.37463912709,0.0,2813.37463912709
106943,A,Desktop,Organic,Returning,0,1,0,0,0,0,0,0.0,0.0,0.0
106944,B,Mobile,Paid Search,New,0,0,0,0,0,0,1,0.0,0.0,0.0
106945,B,Mobile,Organic,New,0,1,0,0,0,0,0,0.0,0.0,0.0
106946,A,Mobile,Paid Search,New,0,1,0,0,0,0,0,0.0,0.0,0.0
106947,A,Desktop,Organic,New,0,0,0,0,0,0,0,0.0,0.0,0.0
106948,A,Mobile,Email,New,0,1,0,0,0,0,0,0.0,0.0,0.0
106949,A,Desktop,Paid Search,New,0,1,0,0,0,0,0,0.0,0.0,0.0
106950,B,Desktop,Email,Returning,0,0,0,0,0,0,1,0.0,0.0,0.0
106951,A,Mobile,Organic,Returning,0,1,0,0,0,0,0,0.0,0.0,0.0
106952,A,Desktop,Paid Search,New,0,1,0,0,0,0,1,0.0,0.0,0.0
106953,A,Desktop,Social,New,0,1,1,1,1,0,0,3188.281546595388,0.0,3188.281546595388
106954,B,Mobile,Email,Returning,0,1,0,0,0,0,1,0.0,0.0,0.0
106955,A,Mobile,Organic,New,0,0,0,0,0,0,0,0.0,0.0,0.0
106956,B,Desktop,Organic,New,0,1,0,0,0,0,1,0.0,0.0,0.0
106957,B,Mobile,Social,New,0,0,0,0,0,0,1,0.0,0.0,0.0
106958,B,Mobile,Social,New,0,1,0,0,0,0,0,0.0,0.0,0.0
106959,B,Desktop,Social,Returning,0,1,0,0,0,0,1,0.0,0.0,0.0
106960,A,Desktop,Paid Search,New,0,1,0,0,0,0,0,0.0,0.0,0.0
106961,A,Desktop,Social,New,0,0,0,0,0,0,0,0.0,0.0,0.0
106962,A,Desktop,Organic,New,0,0,0,0,0,0,0,0.0,0.0,0.0
106963,B,Mobile,Paid Search,Returning,0,1,0,0,0,0,0,0.0,0.0,0.0
106964,B,Desktop,Social,Returning,0,0,0,0,0,0,1,0.0,0.0,0.0
106965,A,Desktop,Organic,Returning,0,1,0,0,0,0,0,0.0,0.0,0.0
106966,B,Mobile,Paid Search,New,0,1,0,0,0,0,0,0.0,0.0,0.0
106967,A,Mobile,Organic,New,0,1,0,0,0,0,1,0.0,0.0,0.0
106968,B,Mobile,Paid Search,New,0,0,0,0,0,0,0,0.0,0.0,0.0
106969,B,Tablet,Email,New,0,1,0,0,0,0,0,0.0,0.0,0.0
106970,B,Mobile,Paid Search,New,1,1,0,0,0,0,0,0.0,0.0,0.0
106971,A,Mobile,Social,New,0,0,0,0,0,0,1,0.0,0.0,0.0
106972,A,Mobile,Paid Search,Returning,0,1,0,0,0,0,1,0.0,0.0,0.0
106973,A,Mobile,Organic,New,0,1,0,0,0,0,0,0.0,0.0,0.0
106974,A,Desktop,Email,Returning,0,1,0,0,0,0,0,0.0,0.0,0.0
106975,A,Desktop,Paid Search,New,0,1,0,0,0,0,0,0.0,0.0,0.0
106976,B,Desktop,Organic,New,0,1,0,0,0,0,1,0.0,0.0,0.0
106977,A,Desktop,Paid Search,New,0,1,0,0,0,0,0,0.0,0.0,0.0
106978,A,Desktop,Paid Search,New,0,0,0,0,0,0,0,0.0,0.0,0.0
106979,A,Desktop,Organic,New,1,1,1,1,0,0,0,0.0,0.0,0.0
106980,B,Mobile,Social,Returning,0,1,0,0,0,0,1,0.0,0.0,0.0
106981,A,Mobile,Organic,New,0,0,0,0,0,0,0,0.0,0.0,0.0
106982,A,Mobile,Organic,New,0,1,0,0,0,0,0,0.0,0.0,0.0
106983,A,Mobile,Direct,Returning,0,0,0,0,0,0,1,0.0,0.0,0.0
106984,B,Mobile,Direct,New,0,1,1,0,0,0,0,0.0,0.0,0.0
106985,A,Desktop,Direct,New,0,0,0,0,0,0,1,0.0,0.0,0.0
106986,B,Mobile,Paid Search,New,0,1,0,0,0,0,0,0.0,0.0,0.0
106987,A,Mobile,Paid Search,New,0,1,0,0,0,0,0,0.0,0.0,0.0
106988,B,Mobile,Organic,Returning,0,1,0,0,0,0,0,0.0,0.0,0.0
106989,A,Desktop,Social,Returning,0,0,0,0,0,0,0,0.0,0.0,0.0
106990,A,Mobile,Organic,New,0,0,0,0,0,0,0,0.0,0.0,0.0
106991,B,Desktop,Paid Search,New,1,1,0,0,0,0,1,0.0,0.0,0.0
106992,B,Desktop,Email,New,0,1,0,0,0,0,0,0.0,0.0,0.0
106993,B,Mobile,Organic,Returning,0,1,0,0,0,0,1,0.0,0.0,0.0
106994,A,Mobile,Organic,New,1,1,0,0,0,0,0,0.0,0.0,0.0
106995,B,Mobile,Paid Search,Returning,0,0,0,0,0,0,1,0.0,0.0,0.0
106996,B,Mobile,Paid Search,New,0,1,0,0,0,0,0,0.0,0.0,0.0
106997,B,Mobile,Paid Search,New,0,1,0,0,0,0,0,0.0,0.0,0.0
106998,A,Mobile,Organic,New,0,0,0,0,0,0,0,0.0,0.0,0.0
106999,A,Desktop,Organic,Returning,0,1,0,0,0,0,1,0.0,0.0,0.0
107000,B,Mobile,Paid Search,Returning,0,1,0,0,0,0,1,0.0,0.0,0.0
107001,B,Mobile,Organic,New,0,1,0,0,0,0,1,0.0,0.0,0.0
107002,B,Mobile,Paid Search,New,0,1,0,0,0,0,1,0.0,0.0,0.0
107003,A,Tablet,Social,New,1,1,1,1,1,0,0,3063.777287457703,0.0,3063.777287457703
107004,A,Mobile,Organic,New,1,1,0,0,0,0,1,0.0,0.0,0.0
107005,B,Desktop,Email,New,0,1,0,0,0,0,0,0.0,0.0,0.0
107006,A,Desktop,Organic,New,0,1,0,0,0,0,0,0.0,0.0,0.0
107007,A,Mobile,Email,Returning,0,1,0,0,0,0,0,0.0,0.0,0.0
107008,A,Mobile,Organic,New,0,1,0,0,0,0,0,0.0,0.0,0.0
107009,A,Mobile,Organic,New,0,1,1,0,0,0,1,0.0,0.0,0.0
107010,B,Mobile,Organic,New,0,1,0,0,0,0,0,0.0,0.0,0.0
107011,A,Mobile,Direct,Returning,0,1,0,0,0,0,0,0.0,0.0,0.0
107012,A,Mobile,Paid Search,New,0,0,0,0,0,0,0,0.0,0.0,0.0
107013,A,Desktop,Email,New,0,1,1,1,1,0,0,3706.762096351191,0.0,3706.762096351191
107014,A,Desktop,Social,Returning,1,1,1,1,0,0,1,0.0,0.0,0.0
107015,A,Mobile,Direct,Returning,1,1,0,0,0,0,1,0.0,0.0,0.0
107016,B,Mobile,Organic,New,0,1,1,0,0,0,0,0.0,0.0,0.0
107017,B,Mobile,Organic,New,0,1,0,0,0,0,1,0.0,0.0,0.0
107018,A,Mobile,Paid Search,New,0,1,0,0,0,0,1,0.0,0.0,0.0
107019,A,Mobile,Paid Search,New,0,1,0,0,0,0,0,0.0,0.0,0.0
107020,A,Mobile,Paid Search,New,0,1,0,0,0,0,0,0.0,0.0,0.0
107021,B,Mobile,Social,New,1,1,1,0,0,0,1,0.0,0.0,0.0
107022,B,Mobile,Social,New,0,0,0,0,0,0,0,0.0,0.0,0.0
107023,B,Desktop,Paid Search,Returning,0,1,0,0,0,0,0,0.0,0.0,0.0
107024,B,Mobile,Direct,New,0,1,0,0,0,0,0,0.0,0.0,0.0
107025,B,Desktop,Paid Search,New,0,1,0,0,0,0,0,0.0,0.0,0.0
107026,A,Desktop,Paid Search,New,1,1,0,0,0,0,0,0.0,0.0,0.0
107027,B,Desktop,Paid Search,New,0,1,0,0,0,0,0,0.0,0.0,0.0
107028,A,Desktop,Direct,New,0,0,0,0,0,0,1,0.0,0.0,0.0
107029,A,Mobile,Social,New,0,1,1,1,1,0,1,3170.218253333089,0.0,3170.218253333089
107030,B,Desktop,Organic,New,0,1,1,1,0,0,1,0.0,0.0,0.0
107031,A,Mobile,Social,Returning,0,0,0,0,0,0,1,0.0,0.0,0.0
107032,A,Desktop,Organic,Returning,0,1,1,1,1,1,0,2476.0240972774527,2507.097064161007,4983.121161438459
107033,B,Mobile,Direct,New,0,1,0,0,0,0,0,0.0,0.0,0.0
107034,B,Desktop,Email,New,0,1,1,1,0,0,1,0.0,0.0,0.0
107035,B,Mobile,Organic,New,0,1,0,0,0,0,0,0.0,0.0,0.0
107036,B,Desktop,Email,New,0,0,0,0,0,0,1,0.0,0.0,0.0
107037,A,Mobile,Social,New,0,1,0,0,0,0,1,0.0,0.0,0.0
107038,B,Tablet,Organic,New,0,0,0,0,0,0,1,0.0,0.0,0.0
107039,A,Tablet,Organic,New,0,1,0,0,0,0,1,0.0,0.0,0.0
107040,A,Mobile,Paid Search,New,0,1,0,0,0,0,0,0.0,0.0,0.0
107041,B,Desktop,Social,New,0,1,1,0,0,0,1,0.0,0.0,0.0
107042,B,Mobile,Direct,New,0,1,0,0,0,0,0,0.0,0.0,0.0
107043,A,Mobile,Direct,New,0,1,1,0,0,0,0,0.0,0.0,0.0
107044,A,Desktop,Paid Search,Returning,0,1,0,0,0,0,1,0.0,0.0,0.0
107045,A,Desktop,Organic,New,0,1,0,0,0,0,0,0.0,0.0,0.0
107046,A,Mobile,Direct,New,0,1,0,0,0,0,0,0.0,0.0,0.0
107047,B,Mobile,Social,Returning,1,0,0,0,0,0,0,0.0,0.0,0.0
107048,B,Mobile,Paid Search,Returning,1,1,1,1,1,0,1,2165.7676397788564,0.0,2165.7676397788564
107049,B,Mobile,Direct,Returning,0,1,0,0,0,0,0,0.0,0.0,0.0
107050,A,Mobile,Direct,New,0,0,0,0,0,0,0,0.0,0.0,0.0
107051,A,Desktop,Paid Search,New,0,1,0,0,0,0,1,0.0,0.0,0.0
107052,B,Mobile,Organic,New,0,0,0,0,0,0,0,0.0,0.0,0.0
107053,A,Mobile,Organic,Returning,0,0,0,0,0,0,0,0.0,0.0,0.0
107054,A,Mobile,Direct,New,0,1,0,0,0,0,1,0.0,0.0,0.0
107055,B,Mobile,Organic,New,1,1,0,0,0,0,0,0.0,0.0,0.0
107056,A,Mobile,Email,Returning,0,1,0,0,0,0,1,0.0,0.0,0.0
107057,A,Mobile,Paid Search,New,0,1,0,0,0,0,0,0.0,0.0,0.0
107058,B,Desktop,Organic,New,0,1,1,1,0,0,1,0.0,0.0,0.0
107059,A,Mobile,Direct,New,0,1,0,0,0,0,0,0.0,0.0,0.0
107060,A,Tablet,Social,Returning,0,0,0,0,0,0,1,0.0,0.0,0.0
107061,B,Desktop,Organic,Returning,0,1,0,0,0,0,0,0.0,0.0,0.0
107062,A,Mobile,Email,New,0,1,0,0,0,0,1,0.0,0.0,0.0
107063,A,Mobile,Direct,New,0,1,0,0,0,0,0,0.0,0.0,0.0
107064,B,Mobile,Organic,Returning,0,0,0,0,0,0,1,0.0,0.0,0.0
107065,A,Tablet,Organic,New,0,1,0,0,0,0,0,0.0,0.0,0.0
107066,B,Mobile,Direct,New,0,0,0,0,0,0,1,0.0,0.0,0.0
107067,B,Mobile,Paid Search,New,0,0,0,0,0,0,0,0.0,0.0,0.0
107068,A,Mobile,Organic,Returning,0,1,0,0,0,0,1,0.0,0.0,0.0
107069,A,Mobile,Organic,Returning,0,1,0,0,0,0,0,0.0,0.0,0.0
107070,A,Tablet,Organic,New,0,1,0,0,0,0,0,0.0,0.0,0.0
107071,B,Mobile,Organic,New,0,1,0,0,0,0,0,0.0,0.0,0.0
107072,A,Mobile,Social,Returning,0,1,0,0,0,0,1,0.0,0.0,0.0
107073,B,Mobile,Social,Returning,0,1,0,0,0,0,1,0.0,0.0,0.0
107074,A,Desktop,Organic,Returning,0,0,0,0,0,0,0,0.0,0.0,0.0
107075,B,Desktop,Organic,New,0,1,0,0,0,0,0,0.0,0.0,0.0
107076,A,Desktop,Organic,New,0,1,1,1,1,0,0,1828.474919076657,0.0,1828.474919076657
107077,B,Desktop,Social,New,0,1,0,0,0,0,1,0.0,0.0,0.0
107078,A,Mobile,Organic,New,0,1,1,1,0,0,0,0.0,0.0,0.0
107079,B,Mobile,Organic,Returning,0,1,0,0,0,0,0,0.0,0.0,0.0
107080,B,Mobile,Email,Returning,0,1,0,0,0,0,0,0.0,0.0,0.0
107081,A,Mobile,Organic,Returning,0,1,0,0,0,0,0,0.0,0.0,0.0
107082,A,Mobile,Social,Returning,0,1,0,0,0,0,1,0.0,0.0,0.0
107083,B,Desktop,Email,New,0,1,0,0,0,0,1,0.0,0.0,0.0
107084,A,Mobile,Social,Returning,1,1,0,0,0,0,0,0.0,0.0,0.0
107085,B,Mobile,Social,New,0,1,0,0,0,0,0,0.0,0.0,0.0
107086,B,Mobile,Organic,New,0,1,1,1,1,1,0,3966.645654701051,4085.495185136375,8052.140839837426
107087,A,Tablet,Organic,New,0,1,0,0,0,0,1,0.0,0.0,0.0
107088,B,Mobile,Social,Returning,0,0,0,0,0,0,0,0.0,0.0,0.0
107089,A,Desktop,Email,Returning,0,1,1,1,1,0,0,900.0,0.0,900.0
107090,B,Tablet,Email,New,0,1,0,0,0,0,1,0.0,0.0,0.0
107091,A,Mobile,Organic,New,0,0,0,0,0,0,1,0.0,0.0,0.0
107092,B,Mobile,Organic,Returning,0,1,0,0,0,0,1,0.0,0.0,0.0
107093,B,Mobile,Organic,New,0,0,0,0,0,0,1,0.0,0.0,0.0
107094,B,Mobile,Direct,New,0,1,0,0,0,0,1,0.0,0.0,0.0
107095,A,Mobile,Organic,New,1,1,0,0,0,0,0,0.0,0.0,0.0
107096,A,Mobile,Organic,New,0,1,1,0,0,0,0,0.0,0.0,0.0
107097,A,Mobile,Paid Search,Returning,1,1,0,0,0,0,1,0.0,0.0,0.0
107098,B,Tablet,Direct,New,0,0,0,0,0,0,1,0.0,0.0,0.0
107099,B,Desktop,Paid Search,New,0,0,0,0,0,0,0,0.0,0.0,0.0
107100,B,Mobile,Paid Search,Returning,0,1,1,1,0,0,0,0.0,0.0,0.0
107101,A,Desktop,Direct,New,1,1,0,0,0,0,1,0.0,0.0,0.0
107102,A,Mobile,Social,New,0,1,0,0,0,0,1,0.0,0.0,0.0
107103,B,Mobile,Organic,Returning,0,1,0,0,0,0,1,0.0,0.0,0.0
107104,B,Mobile,Social,New,0,1,0,0,0,0,1,0.0,0.0,0.0
107105,A,Mobile,Organic,New,0,0,0,0,0,0,0,0.0,0.0,0.0
107106,B,Mobile,Email,Returning,0,1,0,0,0,0,1,0.0,0.0,0.0
107107,A,Desktop,Social,New,0,1,0,0,0,0,1,0.0,0.0,0.0
107108,B,Mobile,Paid Search,Returning,0,1,0,0,0,0,1,0.0,0.0,0.0
107109,A,Mobile,Email,Returning,0,0,0,0,0,0,0,0.0,0.0,0.0
107110,A,Mobile,Organic,New,0,0,0,0,0,0,0,0.0,0.0,0.0
107111,A,Mobile,Social,New,0,1,0,0,0,0,0,0.0,0.0,0.0
107112,A,Tablet,Organic,New,1,1,0,0,0,0,0,0.0,0.0,0.0
107113,B,Mobile,Organic,New,0,0,0,0,0,0,0,0.0,0.0,0.0
107114,A,Desktop,Organic,New,0,1,1,1,1,0,0,3016.0701677443076,0.0,3016.0701677443076
107115,A,Mobile,Direct,New,0,0,0,0,0,0,1,0.0,0.0,0.0
107116,A,Mobile,Organic,New,0,0,0,0,0,0,0,0.0,0.0,0.0
107117,B,Mobile,Email,Returning,0,1,0,0,0,0,0,0.0,0.0,0.0
107118,B,Desktop,Social,New,0,1,0,0,0,0,0,0.0,0.0,0.0
107119,A,Mobile,Social,New,0,1,1,1,1,0,0,2815.600674132546,0.0,2815.600674132546
107120,B,Mobile,Paid Search,Returning,0,0,0,0,0,0,0,0.0,0.0,0.0
107121,B,Mobile,Paid Search,New,1,1,0,0,0,0,0,0.0,0.0,0.0
107122,A,Mobile,Paid Search,New,0,0,0,0,0,0,1,0.0,0.0,0.0
107123,A,Mobile,Organic,New,0,1,0,0,0,0,0,0.0,0.0,0.0
107124,B,Mobile,Organic,New,0,0,0,0,0,0,1,0.0,0.0,0.0
107125,B,Desktop,Paid Search,New,0,1,0,0,0,0,0,0.0,0.0,0.0
107126,B,Tablet,Paid Search,New,1,1,0,0,0,0,1,0.0,0.0,0.0
107127,B,Mobile,Organic,New,0,1,0,0,0,0,0,0.0,0.0,0.0
107128,A,Tablet,Social,New,0,1,0,0,0,0,0,0.0,0.0,0.0
107129,B,Mobile,Organic,New,1,1,0,0,0,0,0,0.0,0.0,0.0
107130,A,Mobile,Paid Search,New,0,0,0,0,0,0,0,0.0,0.0,0.0
107131,A,Mobile,Organic,New,0,1,1,1,1,0,0,4127.800519253025,0.0,4127.800519253025
107132,B,Mobile,Social,New,1,0,0,0,0,0,0,0.0,0.0,0.0
107133,A,Mobile,Social,New,0,1,0,0,0,0,0,0.0,0.0,0.0
107134,A,Desktop,Organic,Returning,1,1,0,0,0,0,0,0.0,0.0,0.0
107135,B,Mobile,Organic,New,0,0,0,0,0,0,0,0.0,0.0,0.0
107136,A,Mobile,Organic,New,0,1,0,0,0,0,0,0.0,0.0,0.0
107137,A,Mobile,Organic,New,0,0,0,0,0,0,0,0.0,0.0,0.0
107138,A,Mobile,Email,Returning,0,0,0,0,0,0,0,0.0,0.0,0.0
107139,A,Mobile,Email,New,1,1,0,0,0,0,1,0.0,0.0,0.0
107140,A,Mobile,Email,New,0,0,0,0,0,0,1,0.0,0.0,0.0
107141,B,Mobile,Paid Search,New,0,1,0,0,0,0,0,0.0,0.0,0.0
107142,A,Mobile,Social,New,0,1,0,0,0,0,0,0.0,0.0,0.0
107143,B,Mobile,Paid Search,Returning,0,1,1,1,1,0,1,1564.377787029046,0.0,1564.377787029046
107144,A,Desktop,Social,New,0,0,0,0,0,0,1,0.0,0.0,0.0
107145,A,Mobile,Direct,Returning,0,1,0,0,0,0,0,0.0,0.0,0.0
107146,B,Mobile,Organic,Returning,0,1,0,0,0,0,0,0.0,0.0,0.0
107147,A,Mobile,Organic,Returning,0,0,0,0,0,0,0,0.0,0.0,0.0
107148,B,Desktop,Paid Search,New,0,1,1,1,1,0,0,2227.0555292623903,0.0,2227.0555292623903
107149,B,Mobile,Organic,New,0,0,0,0,0,0,0,0.0,0.0,0.0
107150,B,Mobile,Direct,Returning,0,1,0,0,0,0,0,0.0,0.0,0.0
107151,A,Mobile,Email,New,0,1,0,0,0,0,1,0.0,0.0,0.0
107152,B,Desktop,Paid Search,Returning,0,1,0,0,0,0,1,0.0,0.0,0.0
107153,B,Mobile,Social,New,0,1,0,0,0,0,0,0.0,0.0,0.0
107154,A,Mobile,Paid Search,New,0,1,0,0,0,0,0,0.0,0.0,0.0
107155,A,Mobile,Social,New,0,1,0,0,0,0,0,0.0,0.0,0.0
107156,B,Mobile,Paid Search,New,0,0,0,0,0,0,1,0.0,0.0,0.0
107157,B,Mobile,Email,Returning,0,1,0,0,0,0,0,0.0,0.0,0.0
107158,B,Desktop,Organic,Returning,1,1,1,0,0,0,0,0.0,0.0,0.0
107159,A,Desktop,Social,New,0,1,0,0,0,0,1,0.0,0.0,0.0
107160,B,Desktop,Social,New,0,1,1,0,0,0,0,0.0,0.0,0.0
107161,A,Mobile,Organic,New,0,1,0,0,0,0,0,0.0,0.0,0.0
107162,B,Mobile,Organic,New,0,1,0,0,0,0,0,0.0,0.0,0.0
107163,A,Mobile,Paid Search,New,0,0,0,0,0,0,1,0.0,0.0,0.0
107164,A,Mobile,Organic,New,0,0,0,0,0,0,1,0.0,0.0,0.0
107165,A,Tablet,Paid Search,Returning,0,0,0,0,0,0,0,0.0,0.0,0.0
107166,A,Mobile,Organic,New,0,1,1,1,1,0,0,2065.537987762938,0.0,2065.537987762938
107167,A,Mobile,Organic,Returning,0,1,0,0,0,0,0,0.0,0.0,0.0
107168,B,Mobile,Paid Search,New,0,1,0,0,0,0,0,0.0,0.0,0.0
107169,A,Mobile,Organic,New,0,1,0,0,0,0,0,0.0,0.0,0.0
107170,B,Desktop,Email,New,0,1,0,0,0,0,0,0.0,0.0,0.0
107171,B,Mobile,Paid Search,New,0,0,0,0,0,0,0,0.0,0.0,0.0
107172,B,Mobile,Direct,Returning,0,1,0,0,0,0,1,0.0,0.0,0.0
107173,A,Desktop,Social,New,0,1,0,0,0,0,0,0.0,0.0,0.0
107174,B,Desktop,Direct,New,0,1,0,0,0,0,0,0.0,0.0,0.0
107175,B,Mobile,Direct,New,0,0,0,0,0,0,1,0.0,0.0,0.0
107176,A,Mobile,Email,New,0,1,0,0,0,0,1,0.0,0.0,0.0
107177,A,Mobile,Email,New,0,0,0,0,0,0,1,0.0,0.0,0.0
107178,A,Mobile,Social,New,0,1,1,0,0,0,1,0.0,0.0,0.0
107179,A,Mobile,Organic,New,1,1,0,0,0,0,1,0.0,0.0,0.0
107180,A,Mobile,Direct,Returning,0,0,0,0,0,0,0,0.0,0.0,0.0
107181,B,Mobile,Organic,Returning,0,1,0,0,0,0,0,0.0,0.0,0.0
107182,A,Mobile,Social,New,0,1,0,0,0,0,0,0.0,0.0,0.0
107183,A,Mobile,Organic,New,0,1,0,0,0,0,1,0.0,0.0,0.0
107184,B,Desktop,Organic,New,0,1,0,0,0,0,0,0.0,0.0,0.0
107185,A,Mobile,Social,New,0,1,0,0,0,0,0,0.0,0.0,0.0
107186,A,Mobile,Paid Search,New,1,0,0,0,0,0,0,0.0,0.0,0.0
107187,B,Desktop,Social,New,0,0,0,0,0,0,1,0.0,0.0,0.0
107188,A,Tablet,Email,New,0,1,0,0,0,0,1,0.0,0.0,0.0
107189,A,Mobile,Organic,Returning,0,1,0,0,0,0,1,0.0,0.0,0.0
107190,B,Mobile,Email,New,0,1,0,0,0,0,1,0.0,0.0,0.0
107191,B,Desktop,Organic,New,0,1,0,0,0,0,0,0.0,0.0,0.0
107192,A,Desktop,Direct,New,0,1,1,1,0,0,1,0.0,0.0,0.0
107193,A,Mobile,Social,New,0,1,1,1,1,1,0,2556.219267231597,2652.4466981714113,5208.665965403008
107194,A,Desktop,Paid Search,Returning,0,0,0,0,0,0,0,0.0,0.0,0.0
107195,B,Desktop,Paid Search,New,0,1,0,0,0,0,1,0.0,0.0,0.0
107196,B,Mobile,Organic,Returning,0,1,0,0,0,0,0,0.0,0.0,0.0
107197,A,Mobile,Paid Search,New,0,0,0,0,0,0,1,0.0,0.0,0.0
107198,A,Mobile,Organic,Returning,0,1,0,0,0,0,0,0.0,0.0,0.0
107199,A,Mobile,Social,New,0,1,0,0,0,0,0,0.0,0.0,0.0
107200,B,Mobile,Social,New,0,1,0,0,0,0,0,0.0,0.0,0.0
107201,B,Mobile,Direct,New,0,1,0,0,0,0,0,0.0,0.0,0.0
107202,A,Desktop,Email,Returning,1,1,0,0,0,0,0,0.0,0.0,0.0
107203,A,Mobile,Direct,New,0,1,1,1,1,0,1,2548.6641014975626,0.0,2548.6641014975626
107204,A,Desktop,Organic,New,0,1,0,0,0,0,1,0.0,0.0,0.0
107205,B,Mobile,Social,New,0,1,1,1,0,0,0,0.0,0.0,0.0
107206,A,Mobile,Organic,New,0,1,0,0,0,0,0,0.0,0.0,0.0
107207,A,Mobile,Organic,Returning,0,1,0,0,0,0,0,0.0,0.0,0.0
107208,A,Mobile,Paid Search,New,1,1,0,0,0,0,0,0.0,0.0,0.0
107209,B,Mobile,Paid Search,Returning,0,1,0,0,0,0,1,0.0,0.0,0.0
107210,A,Desktop,Direct,New,0,1,0,0,0,0,0,0.0,0.0,0.0
107211,B,Mobile,Social,New,0,1,0,0,0,0,1,0.0,0.0,0.0
107212,A,Mobile,Paid Search,Returning,0,1,0,0,0,0,0,0.0,0.0,0.0
107213,A,Mobile,Social,New,1,1,0,0,0,0,1,0.0,0.0,0.0
107214,B,Mobile,Organic,New,0,1,0,0,0,0,0,0.0,0.0,0.0
107215,B,Mobile,Direct,New,0,1,0,0,0,0,1,0.0,0.0,0.0
107216,A,Mobile,Organic,New,0,0,0,0,0,0,0,0.0,0.0,0.0
107217,B,Mobile,Organic,New,1,1,1,1,1,1,0,2096.575621147323,1726.0281157592742,3822.603736906597
107218,B,Mobile,Paid Search,New,0,1,1,0,0,0,1,0.0,0.0,0.0
107219,A,Desktop,Paid Search,New,0,1,1,1,1,0,1,2256.616677719846,0.0,2256.616677719846
107220,A,Mobile,Social,Returning,0,1,0,0,0,0,1,0.0,0.0,0.0
107221,B,Mobile,Social,New,0,1,0,0,0,0,0,0.0,0.0,0.0
107222,B,Mobile,Paid Search,New,0,1,0,0,0,0,0,0.0,0.0,0.0
107223,B,Desktop,Social,New,0,1,0,0,0,0,0,0.0,0.0,0.0
107224,B,Mobile,Organic,New,0,0,0,0,0,0,0,0.0,0.0,0.0
107225,A,Mobile,Email,New,0,1,1,1,1,1,1,1751.977073194923,2226.226251893689,3978.203325088612
107226,A,Desktop,Paid Search,New,1,0,0,0,0,0,1,0.0,0.0,0.0
107227,A,Mobile,Organic,New,0,1,0,0,0,0,0,0.0,0.0,0.0
107228,A,Mobile,Organic,New,0,1,1,1,1,1,0,3316.183767617509,3633.644481916119,6949.828249533628
107229,A,Mobile,Email,New,1,1,0,0,0,0,1,0.0,0.0,0.0
107230,A,Mobile,Direct,New,0,1,1,1,1,0,0,3995.2789004109927,0.0,3995.2789004109927
107231,A,Desktop,Email,New,0,1,1,0,0,0,1,0.0,0.0,0.0
107232,B,Mobile,Social,New,0,1,0,0,0,0,1,0.0,0.0,0.0
107233,B,Mobile,Organic,Returning,0,1,0,0,0,0,0,0.0,0.0,0.0
107234,B,Mobile,Organic,New,0,1,1,1,1,0,0,2581.3873718158984,0.0,2581.3873718158984
107235,B,Mobile,Paid Search,New,0,1,0,0,0,0,0,0.0,0.0,0.0
107236,B,Mobile,Paid Search,Returning,0,1,0,0,0,0,1,0.0,0.0,0.0
107237,A,Desktop,Direct,New,0,1,0,0,0,0,0,0.0,0.0,0.0
107238,A,Mobile,Paid Search,New,0,0,0,0,0,0,0,0.0,0.0,0.0
107239,B,Tablet,Paid Search,Returning,0,1,0,0,0,0,1,0.0,0.0,0.0
107240,A,Mobile,Paid Search,New,1,0,0,0,0,0,1,0.0,0.0,0.0
107241,B,Mobile,Paid Search,New,0,1,1,1,1,0,1,3401.307802602171,0.0,3401.307802602171
107242,B,Mobile,Paid Search,Returning,1,1,0,0,0,0,0,0.0,0.0,0.0
107243,B,Mobile,Email,Returning,0,1,0,0,0,0,1,0.0,0.0,0.0
107244,A,Mobile,Paid Search,New,0,1,0,0,0,0,0,0.0,0.0,0.0
107245,A,Mobile,Direct,New,0,1,0,0,0,0,1,0.0,0.0,0.0
107246,B,Tablet,Organic,Returning,0,1,0,0,0,0,0,0.0,0.0,0.0
107247,A,Tablet,Paid Search,New,0,1,0,0,0,0,0,0.0,0.0,0.0
107248,A,Mobile,Paid Search,Returning,0,1,0,0,0,0,0,0.0,0.0,0.0
107249,B,Desktop,Organic,New,0,1,0,0,0,0,0,0.0,0.0,0.0
107250,B,Desktop,Direct,New,0,1,0,0,0,0,0,0.0,0.0,0.0
107251,B,Mobile,Social,New,0,1,0,0,0,0,0,0.0,0.0,0.0
107252,A,Desktop,Paid Search,New,0,0,0,0,0,0,0,0.0,0.0,0.0
107253,B,Desktop,Organic,New,0,1,1,1,1,0,0,3163.541481035851,0.0,3163.541481035851
107254,A,Mobile,Direct,New,0,1,0,0,0,0,1,0.0,0.0,0.0
107255,A,Desktop,Paid Search,Returning,0,1,0,0,0,0,1,0.0,0.0,0.0
107256,A,Mobile,Paid Search,New,0,1,0,0,0,0,0,0.0,0.0,0.0
107257,A,Mobile,Organic,Returning,0,0,0,0,0,0,1,0.0,0.0,0.0
107258,A,Mobile,Direct,New,0,1,0,0,0,0,1,0.0,0.0,0.0
107259,A,Mobile,Paid Search,New,0,1,0,0,0,0,0,0.0,0.0,0.0
107260,B,Desktop,Social,New,0,1,0,0,0,0,1,0.0,0.0,0.0
107261,B,Desktop,Paid Search,New,1,1,0,0,0,0,0,0.0,0.0,0.0
107262,B,Desktop,Direct,Returning,0,1,0,0,0,0,0,0.0,0.0,0.0
107263,B,Mobile,Organic,Returning,0,1,0,0,0,0,0,0.0,0.0,0.0
107264,A,Mobile,Direct,Returning,0,1,0,0,0,0,1,0.0,0.0,0.0
107265,A,Desktop,Social,Returning,0,1,0,0,0,0,1,0.0,0.0,0.0
107266,A,Mobile,Email,New,1,0,0,0,0,0,0,0.0,0.0,0.0
107267,B,Desktop,Paid Search,Returning,0,1,0,0,0,0,1,0.0,0.0,0.0
107268,A,Desktop,Organic,New,0,1,0,0,0,0,0,0.0,0.0,0.0
107269,A,Mobile,Paid Search,New,0,1,0,0,0,0,1,0.0,0.0,0.0
107270,A,Mobile,Email,New,0,1,0,0,0,0,0,0.0,0.0,0.0
107271,B,Mobile,Paid Search,New,0,1,1,1,0,0,0,0.0,0.0,0.0
107272,B,Desktop,Email,New,0,1,0,0,0,0,0,0.0,0.0,0.0
107273,B,Mobile,Email,New,0,1,0,0,0,0,1,0.0,0.0,0.0
107274,B,Mobile,Email,Returning,0,1,0,0,0,0,1,0.0,0.0,0.0
107275,B,Mobile,Paid Search,Returning,0,1,0,0,0,0,0,0.0,0.0,0.0
107276,A,Mobile,Paid Search,New,0,1,0,0,0,0,1,0.0,0.0,0.0
107277,A,Mobile,Paid Search,New,0,1,0,0,0,0,0,0.0,0.0,0.0
107278,A,Desktop,Paid Search,New,0,1,1,1,1,0,0,2130.238332093615,0.0,2130.238332093615
107279,A,Mobile,Organic,New,0,1,1,1,1,0,0,3153.01427963015,0.0,3153.01427963015
107280,B,Mobile,Paid Search,New,0,0,0,0,0,0,0,0.0,0.0,0.0
107281,B,Mobile,Paid Search,Returning,1,1,0,0,0,0,0,0.0,0.0,0.0
107282,B,Mobile,Social,New,0,1,0,0,0,0,1,0.0,0.0,0.0
107283,B,Desktop,Direct,Returning,0,0,0,0,0,0,0,0.0,0.0,0.0
107284,B,Desktop,Social,New,1,1,1,1,1,0,0,2733.8153632031494,0.0,2733.8153632031494
107285,B,Mobile,Paid Search,New,0,0,0,0,0,0,0,0.0,0.0,0.0
107286,B,Mobile,Organic,New,0,0,0,0,0,0,0,0.0,0.0,0.0
107287,B,Desktop,Email,Returning,0,0,0,0,0,0,1,0.0,0.0,0.0
107288,B,Desktop,Paid Search,New,0,0,0,0,0,0,0,0.0,0.0,0.0
107289,B,Tablet,Direct,New,0,1,0,0,0,0,0,0.0,0.0,0.0
107290,A,Mobile,Organic,Returning,0,1,0,0,0,0,0,0.0,0.0,0.0
107291,B,Mobile,Paid Search,New,0,0,0,0,0,0,1,0.0,0.0,0.0
107292,A,Mobile,Social,New,0,0,0,0,0,0,0,0.0,0.0,0.0
107293,B,Desktop,Organic,New,0,1,0,0,0,0,1,0.0,0.0,0.0
107294,A,Mobile,Organic,New,0,1,0,0,0,0,0,0.0,0.0,0.0
107295,B,Desktop,Paid Search,New,0,1,1,1,1,0,1,3466.37322935667,0.0,3466.37322935667
107296,B,Mobile,Direct,New,0,0,0,0,0,0,1,0.0,0.0,0.0
107297,A,Mobile,Paid Search,Returning,0,1,0,0,0,0,0,0.0,0.0,0.0
107298,A,Mobile,Paid Search,Returning,0,1,0,0,0,0,0,0.0,0.0,0.0
107299,B,Tablet,Paid Search,New,0,1,0,0,0,0,0,0.0,0.0,0.0
107300,A,Desktop,Direct,New,0,1,0,0,0,0,1,0.0,0.0,0.0
107301,B,Mobile,Organic,New,0,0,0,0,0,0,0,0.0,0.0,0.0
107302,B,Mobile,Organic,New,0,1,0,0,0,0,0,0.0,0.0,0.0
107303,A,Mobile,Social,New,0,1,0,0,0,0,0,0.0,0.0,0.0
107304,B,Mobile,Social,New,0,1,0,0,0,0,0,0.0,0.0,0.0
107305,B,Mobile,Organic,New,0,1,0,0,0,0,1,0.0,0.0,0.0
107306,A,Mobile,Organic,Returning,0,1,0,0,0,0,0,0.0,0.0,0.0
107307,B,Desktop,Social,Returning,1,1,0,0,0,0,0,0.0,0.0,0.0
107308,B,Mobile,Direct,New,1,1,1,1,1,0,1,2740.2766248751273,0.0,2740.2766248751273
107309,B,Tablet,Paid Search,New,0,0,0,0,0,0,0,0.0,0.0,0.0
107310,A,Mobile,Paid Search,New,0,1,0,0,0,0,1,0.0,0.0,0.0
107311,B,Mobile,Organic,New,0,1,0,0,0,0,1,0.0,0.0,0.0
107312,A,Mobile,Direct,Returning,0,1,1,1,1,0,1,3529.832458314947,0.0,3529.832458314947
107313,A,Desktop,Organic,New,0,0,0,0,0,0,1,0.0,0.0,0.0
107314,A,Desktop,Paid Search,New,0,1,0,0,0,0,0,0.0,0.0,0.0
107315,B,Desktop,Organic,New,0,1,0,0,0,0,0,0.0,0.0,0.0
107316,A,Mobile,Paid Search,Returning,0,0,0,0,0,0,1,0.0,0.0,0.0
107317,B,Desktop,Direct,Returning,0,0,0,0,0,0,0,0.0,0.0,0.0
107318,B,Mobile,Social,New,0,1,0,0,0,0,0,0.0,0.0,0.0
107319,B,Mobile,Organic,New,0,1,0,0,0,0,0,0.0,0.0,0.0
107320,A,Mobile,Direct,Returning,0,1,1,1,1,0,1,1917.8851309834672,0.0,1917.8851309834672
107321,A,Tablet,Social,New,1,1,0,0,0,0,0,0.0,0.0,0.0
107322,A,Desktop,Social,New,0,1,0,0,0,0,0,0.0,0.0,0.0
107323,B,Desktop,Paid Search,New,0,1,1,1,1,0,1,1299.686162044527,0.0,1299.686162044527
107324,A,Desktop,Organic,New,0,1,0,0,0,0,0,0.0,0.0,0.0
107325,B,Mobile,Email,Returning,0,1,0,0,0,0,1,0.0,0.0,0.0
107326,A,Desktop,Direct,New,0,0,0,0,0,0,1,0.0,0.0,0.0
107327,A,Mobile,Organic,New,0,1,0,0,0,0,1,0.0,0.0,0.0
107328,B,Mobile,Organic,New,0,0,0,0,0,0,0,0.0,0.0,0.0
107329,B,Desktop,Social,New,0,1,0,0,0,0,0,0.0,0.0,0.0
107330,A,Mobile,Direct,New,0,1,0,0,0,0,0,0.0,0.0,0.0
107331,A,Mobile,Paid Search,Returning,0,1,0,0,0,0,0,0.0,0.0,0.0
107332,A,Mobile,Social,New,0,1,0,0,0,0,1,0.0,0.0,0.0
107333,B,Mobile,Organic,New,0,1,0,0,0,0,1,0.0,0.0,0.0
107334,B,Tablet,Email,New,0,1,1,1,1,0,0,2261.9532825970264,0.0,2261.9532825970264
107335,A,Desktop,Social,Returning,0,1,0,0,0,0,0,0.0,0.0,0.0
107336,B,Mobile,Social,New,0,1,0,0,0,0,0,0.0,0.0,0.0
107337,B,Desktop,Paid Search,New,0,1,0,0,0,0,1,0.0,0.0,0.0
107338,B,Mobile,Social,Returning,0,1,1,1,0,0,1,0.0,0.0,0.0
107339,B,Mobile,Organic,New,0,1,0,0,0,0,1,0.0,0.0,0.0
107340,B,Mobile,Direct,New,0,1,0,0,0,0,1,0.0,0.0,0.0
107341,B,Mobile,Social,Returning,0,1,0,0,0,0,0,0.0,0.0,0.0
107342,B,Mobile,Paid Search,New,1,1,0,0,0,0,1,0.0,0.0,0.0
107343,B,Mobile,Direct,New,0,1,0,0,0,0,1,0.0,0.0,0.0
107344,A,Desktop,Social,New,0,0,0,0,0,0,0,0.0,0.0,0.0
107345,A,Mobile,Direct,Returning,0,1,0,0,0,0,1,0.0,0.0,0.0
107346,A,Mobile,Organic,Returning,0,1,0,0,0,0,1,0.0,0.0,0.0
107347,B,Mobile,Organic,New,0,1,0,0,0,0,0,0.0,0.0,0.0
107348,B,Mobile,Organic,New,0,1,0,0,0,0,0,0.0,0.0,0.0
107349,A,Desktop,Email,New,0,1,0,0,0,0,0,0.0,0.0,0.0
107350,B,Mobile,Social,New,0,1,0,0,0,0,1,0.0,0.0,0.0
107351,B,Mobile,Direct,New,0,1,0,0,0,0,0,0.0,0.0,0.0
107352,A,Mobile,Organic,New,0,0,0,0,0,0,0,0.0,0.0,0.0
107353,B,Desktop,Social,New,0,1,0,0,0,0,1,0.0,0.0,0.0
107354,A,Desktop,Organic,New,0,1,0,0,0,0,1,0.0,0.0,0.0
107355,A,Mobile,Direct,New,0,0,0,0,0,0,1,0.0,0.0,0.0
107356,A,Desktop,Email,New,0,1,0,0,0,0,1,0.0,0.0,0.0
107357,B,Desktop,Email,New,0,1,0,0,0,0,1,0.0,0.0,0.0
107358,B,Desktop,Organic,Returning,0,1,0,0,0,0,1,0.0,0.0,0.0
107359,A,Desktop,Paid Search,New,0,1,0,0,0,0,1,0.0,0.0,0.0
107360,B,Desktop,Direct,New,0,0,0,0,0,0,1,0.0,0.0,0.0
107361,B,Desktop,Social,Returning,0,1,0,0,0,0,1,0.0,0.0,0.0
107362,A,Desktop,Organic,Returning,0,1,0,0,0,0,0,0.0,0.0,0.0
107363,A,Mobile,Email,Returning,0,1,0,0,0,0,1,0.0,0.0,0.0
107364,A,Mobile,Paid Search,New,0,1,0,0,0,0,0,0.0,0.0,0.0
107365,B,Tablet,Organic,Returning,0,1,1,1,1,0,0,2838.981033173087,0.0,2838.981033173087
107366,B,Tablet,Paid Search,New,0,1,1,1,1,0,0,3222.5503727525015,0.0,3222.5503727525015
107367,A,Desktop,Organic,New,0,1,0,0,0,0,0,0.0,0.0,0.0
107368,A,Mobile,Organic,New,0,1,0,0,0,0,0,0.0,0.0,0.0
107369,A,Mobile,Paid Search,New,0,0,0,0,0,0,0,0.0,0.0,0.0
107370,A,Mobile,Email,New,1,0,0,0,0,0,0,0.0,0.0,0.0
107371,B,Mobile,Organic,New,0,0,0,0,0,0,0,0.0,0.0,0.0
107372,B,Mobile,Paid Search,New,0,1,0,0,0,0,0,0.0,0.0,0.0
107373,A,Mobile,Social,New,0,0,0,0,0,0,0,0.0,0.0,0.0
107374,B,Mobile,Direct,New,0,0,0,0,0,0,0,0.0,0.0,0.0
107375,A,Mobile,Social,New,0,1,0,0,0,0,1,0.0,0.0,0.0
107376,B,Desktop,Paid Search,Returning,0,1,1,0,0,0,0,0.0,0.0,0.0
107377,A,Mobile,Paid Search,New,0,1,1,1,0,0,1,0.0,0.0,0.0
107378,A,Mobile,Social,New,0,0,0,0,0,0,0,0.0,0.0,0.0
107379,A,Mobile,Social,Returning,1,0,0,0,0,0,1,0.0,0.0,0.0
107380,B,Mobile,Direct,New,0,0,0,0,0,0,0,0.0,0.0,0.0
107381,B,Mobile,Paid Search,New,0,1,0,0,0,0,1,0.0,0.0,0.0
107382,B,Mobile,Organic,Returning,0,0,0,0,0,0,1,0.0,0.0,0.0
107383,B,Mobile,Paid Search,New,0,1,1,0,0,0,0,0.0,0.0,0.0
107384,B,Mobile,Social,New,1,1,0,0,0,0,0,0.0,0.0,0.0
107385,B,Mobile,Paid Search,Returning,0,1,1,1,1,0,1,3425.181080736592,0.0,3425.181080736592
107386,A,Mobile,Email,Returning,0,0,0,0,0,0,0,0.0,0.0,0.0
107387,A,Desktop,Direct,New,0,0,0,0,0,0,1,0.0,0.0,0.0
107388,A,Desktop,Social,New,0,1,0,0,0,0,1,0.0,0.0,0.0
107389,B,Mobile,Direct,New,0,1,0,0,0,0,1,0.0,0.0,0.0
107390,A,Mobile,Organic,New,0,1,0,0,0,0,0,0.0,0.0,0.0
107391,B,Mobile,Paid Search,Returning,0,1,0,0,0,0,0,0.0,0.0,0.0
107392,B,Mobile,Organic,Returning,0,0,0,0,0,0,0,0.0,0.0,0.0
107393,A,Mobile,Social,Returning,0,1,0,0,0,0,0,0.0,0.0,0.0
107394,B,Mobile,Social,Returning,0,1,0,0,0,0,0,0.0,0.0,0.0
107395,B,Mobile,Organic,Returning,0,1,0,0,0,0,1,0.0,0.0,0.0
107396,A,Mobile,Organic,New,0,1,0,0,0,0,0,0.0,0.0,0.0
107397,A,Mobile,Direct,Returning,0,0,0,0,0,0,0,0.0,0.0,0.0
107398,B,Tablet,Email,New,0,1,0,0,0,0,0,0.0,0.0,0.0
107399,A,Desktop,Organic,New,0,1,0,0,0,0,0,0.0,0.0,0.0
107400,A,Mobile,Paid Search,Returning,0,0,0,0,0,0,0,0.0,0.0,0.0
107401,A,Desktop,Organic,New,0,1,1,0,0,0,0,0.0,0.0,0.0
107402,B,Mobile,Paid Search,New,0,1,0,0,0,0,0,0.0,0.0,0.0
107403,A,Mobile,Organic,New,1,1,0,0,0,0,1,0.0,0.0,0.0
107404,A,Mobile,Paid Search,New,0,0,0,0,0,0,1,0.0,0.0,0.0
107405,B,Mobile,Organic,New,1,1,1,1,1,0,0,3680.11793193976,0.0,3680.11793193976
107406,B,Mobile,Direct,New,0,1,0,0,0,0,1,0.0,0.0,0.0
107407,B,Desktop,Organic,New,0,1,0,0,0,0,0,0.0,0.0,0.0
107408,A,Desktop,Social,New,0,1,0,0,0,0,0,0.0,0.0,0.0
107409,B,Tablet,Paid Search,New,0,1,0,0,0,0,1,0.0,0.0,0.0
107410,A,Desktop,Direct,Returning,0,1,0,0,0,0,0,0.0,0.0,0.0
107411,B,Mobile,Organic,New,0,1,0,0,0,0,0,0.0,0.0,0.0
107412,A,Desktop,Email,New,0,1,0,0,0,0,0,0.0,0.0,0.0
107413,B,Mobile,Organic,New,1,1,0,0,0,0,1,0.0,0.0,0.0
107414,A,Mobile,Direct,New,1,1,1,0,0,0,0,0.0,0.0,0.0
107415,A,Mobile,Paid Search,New,0,1,0,0,0,0,1,0.0,0.0,0.0
107416,B,Desktop,Organic,New,1,0,0,0,0,0,0,0.0,0.0,0.0
107417,B,Mobile,Organic,New,0,1,0,0,0,0,0,0.0,0.0,0.0
107418,B,Desktop,Social,New,1,0,0,0,0,0,0,0.0,0.0,0.0
107419,B,Desktop,Paid Search,Returning,0,0,0,0,0,0,1,0.0,0.0,0.0
107420,A,Desktop,Direct,New,0,0,0,0,0,0,0,0.0,0.0,0.0
107421,A,Mobile,Paid Search,New,0,1,1,0,0,0,0,0.0,0.0,0.0
107422,A,Desktop,Direct,Returning,0,1,0,0,0,0,0,0.0,0.0,0.0
107423,A,Mobile,Organic,New,0,1,0,0,0,0,0,0.0,0.0,0.0
107424,B,Mobile,Paid Search,New,1,1,0,0,0,0,0,0.0,0.0,0.0
107425,A,Mobile,Paid Search,Returning,0,1,0,0,0,0,1,0.0,0.0,0.0
107426,A,Mobile,Organic,New,0,1,1,1,1,0,1,3062.447070842407,0.0,3062.447070842407
107427,B,Mobile,Paid Search,New,0,1,0,0,0,0,1,0.0,0.0,0.0
107428,A,Desktop,Organic,Returning,0,0,0,0,0,0,1,0.0,0.0,0.0
107429,A,Mobile,Direct,Returning,0,1,0,0,0,0,0,0.0,0.0,0.0
107430,A,Desktop,Email,New,0,0,0,0,0,0,0,0.0,0.0,0.0
107431,B,Mobile,Organic,Returning,0,1,0,0,0,0,0,0.0,0.0,0.0
107432,B,Tablet,Organic,New,0,1,0,0,0,0,0,0.0,0.0,0.0
107433,A,Mobile,Email,New,0,1,0,0,0,0,1,0.0,0.0,0.0
107434,B,Mobile,Social,New,0,1,0,0,0,0,1,0.0,0.0,0.0
107435,B,Mobile,Organic,Returning,1,0,0,0,0,0,1,0.0,0.0,0.0
107436,A,Mobile,Paid Search,Returning,0,1,1,1,1,0,0,2596.2845197621455,0.0,2596.2845197621455
107437,A,Mobile,Direct,New,0,1,0,0,0,0,1,0.0,0.0,0.0
107438,A,Desktop,Email,New,0,1,0,0,0,0,1,0.0,0.0,0.0
107439,A,Mobile,Social,New,0,1,1,0,0,0,0,0.0,0.0,0.0
107440,B,Mobile,Email,New,0,0,0,0,0,0,1,0.0,0.0,0.0
107441,B,Desktop,Direct,New,0,0,0,0,0,0,0,0.0,0.0,0.0
107442,B,Mobile,Social,New,0,1,1,1,1,1,0,2573.509685502653,2306.722639398296,4880.23232490095
107443,B,Desktop,Social,New,1,1,0,0,0,0,0,0.0,0.0,0.0
107444,A,Mobile,Paid Search,New,0,1,0,0,0,0,0,0.0,0.0,0.0
107445,B,Desktop,Email,New,0,1,0,0,0,0,0,0.0,0.0,0.0
107446,B,Mobile,Social,New,0,1,0,0,0,0,1,0.0,0.0,0.0
107447,B,Mobile,Paid Search,New,0,1,0,0,0,0,0,0.0,0.0,0.0
107448,B,Desktop,Direct,Returning,0,1,0,0,0,0,1,0.0,0.0,0.0
107449,B,Mobile,Paid Search,Returning,1,0,0,0,0,0,0,0.0,0.0,0.0
107450,A,Mobile,Direct,Returning,0,1,0,0,0,0,1,0.0,0.0,0.0
107451,B,Desktop,Organic,New,0,1,0,0,0,0,0,0.0,0.0,0.0
107452,B,Tablet,Email,New,0,1,0,0,0,0,0,0.0,0.0,0.0
107453,A,Mobile,Paid Search,New,0,0,0,0,0,0,1,0.0,0.0,0.0
107454,B,Desktop,Social,New,1,1,0,0,0,0,1,0.0,0.0,0.0
107455,B,Desktop,Organic,Returning,0,1,0,0,0,0,1,0.0,0.0,0.0
107456,B,Tablet,Paid Search,Returning,0,1,1,1,1,0,0,1980.3487520217427,0.0,1980.3487520217427
107457,A,Mobile,Paid Search,Returning,0,1,0,0,0,0,1,0.0,0.0,0.0
107458,A,Mobile,Email,New,0,1,0,0,0,0,0,0.0,0.0,0.0
107459,A,Mobile,Social,New,0,1,0,0,0,0,1,0.0,0.0,0.0
107460,B,Desktop,Paid Search,Returning,0,1,0,0,0,0,0,0.0,0.0,0.0
107461,A,Mobile,Email,New,1,1,0,0,0,0,0,0.0,0.0,0.0
107462,B,Mobile,Social,New,0,1,1,1,1,0,0,1950.4804279479126,0.0,1950.4804279479126
107463,A,Desktop,Direct,Returning,0,1,0,0,0,0,0,0.0,0.0,0.0
107464,A,Desktop,Organic,New,0,1,1,1,1,0,0,2451.1408424749266,0.0,2451.1408424749266
107465,B,Mobile,Paid Search,Returning,0,1,0,0,0,0,1,0.0,0.0,0.0
107466,A,Mobile,Social,New,0,1,0,0,0,0,0,0.0,0.0,0.0
107467,A,Mobile,Direct,New,0,0,0,0,0,0,0,0.0,0.0,0.0
107468,B,Mobile,Social,New,0,1,0,0,0,0,1,0.0,0.0,0.0
107469,B,Desktop,Social,Returning,0,1,0,0,0,0,0,0.0,0.0,0.0
107470,B,Mobile,Organic,New,0,1,0,0,0,0,0,0.0,0.0,0.0
107471,B,Mobile,Social,New,0,1,0,0,0,0,0,0.0,0.0,0.0
107472,A,Desktop,Social,Returning,0,1,1,0,0,0,0,0.0,0.0,0.0
107473,A,Desktop,Email,New,0,1,0,0,0,0,0,0.0,0.0,0.0
107474,A,Desktop,Paid Search,New,0,1,0,0,0,0,0,0.0,0.0,0.0
107475,A,Desktop,Organic,New,0,1,0,0,0,0,1,0.0,0.0,0.0
107476,B,Mobile,Organic,New,0,1,0,0,0,0,0,0.0,0.0,0.0
107477,B,Mobile,Email,New,1,1,0,0,0,0,1,0.0,0.0,0.0
107478,A,Mobile,Organic,New,0,1,0,0,0,0,1,0.0,0.0,0.0
107479,A,Desktop,Social,New,0,1,0,0,0,0,0,0.0,0.0,0.0
107480,B,Desktop,Paid Search,New,0,1,0,0,0,0,0,0.0,0.0,0.0
107481,B,Mobile,Paid Search,Returning,1,1,0,0,0,0,1,0.0,0.0,0.0
107482,B,Desktop,Email,Returning,0,1,0,0,0,0,0,0.0,0.0,0.0
107483,B,Mobile,Organic,New,0,1,0,0,0,0,0,0.0,0.0,0.0
107484,B,Mobile,Social,New,0,0,0,0,0,0,0,0.0,0.0,0.0
107485,A,Desktop,Paid Search,Returning,0,1,1,1,1,1,0,900.0,1098.0933178473936,1998.0933178473936
107486,A,Mobile,Organic,New,0,1,0,0,0,0,1,0.0,0.0,0.0
107487,A,Mobile,Email,New,1,0,0,0,0,0,0,0.0,0.0,0.0
107488,A,Mobile,Paid Search,New,0,0,0,0,0,0,0,0.0,0.0,0.0
107489,B,Mobile,Organic,New,1,1,0,0,0,0,0,0.0,0.0,0.0
107490,A,Desktop,Email,New,0,0,0,0,0,0,0,0.0,0.0,0.0
107491,B,Mobile,Organic,New,0,1,0,0,0,0,0,0.0,0.0,0.0
107492,B,Mobile,Direct,New,0,0,0,0,0,0,0,0.0,0.0,0.0
107493,B,Desktop,Organic,Returning,0,1,0,0,0,0,1,0.0,0.0,0.0
107494,A,Mobile,Paid Search,New,1,1,0,0,0,0,0,0.0,0.0,0.0
107495,B,Mobile,Paid Search,New,0,0,0,0,0,0,0,0.0,0.0,0.0
107496,A,Desktop,Social,Returning,0,1,0,0,0,0,1,0.0,0.0,0.0
107497,A,Desktop,Direct,New,0,0,0,0,0,0,0,0.0,0.0,0.0
107498,A,Mobile,Organic,New,0,1,0,0,0,0,0,0.0,0.0,0.0
107499,B,Mobile,Organic,New,0,1,0,0,0,0,1,0.0,0.0,0.0
107500,A,Mobile,Social,New,0,0,0,0,0,0,1,0.0,0.0,0.0
107501,B,Desktop,Organic,New,0,1,1,0,0,0,0,0.0,0.0,0.0
107502,A,Mobile,Organic,New,0,0,0,0,0,0,1,0.0,0.0,0.0
107503,B,Desktop,Email,New,0,0,0,0,0,0,1,0.0,0.0,0.0
107504,B,Desktop,Social,New,0,1,0,0,0,0,0,0.0,0.0,0.0
107505,A,Desktop,Social,New,1,1,0,0,0,0,0,0.0,0.0,0.0
107506,B,Desktop,Social,New,0,1,0,0,0,0,1,0.0,0.0,0.0
107507,A,Mobile,Direct,New,1,1,0,0,0,0,0,0.0,0.0,0.0
107508,A,Mobile,Social,New,0,1,1,0,0,0,1,0.0,0.0,0.0
107509,A,Mobile,Social,New,0,1,0,0,0,0,1,0.0,0.0,0.0
107510,B,Mobile,Email,Returning,0,0,0,0,0,0,0,0.0,0.0,0.0
107511,B,Mobile,Direct,Returning,0,1,0,0,0,0,1,0.0,0.0,0.0
107512,B,Mobile,Email,New,0,1,0,0,0,0,0,0.0,0.0,0.0
107513,A,Desktop,Social,Returning,0,1,1,0,0,0,1,0.0,0.0,0.0
107514,B,Mobile,Organic,New,0,1,0,0,0,0,1,0.0,0.0,0.0
107515,B,Mobile,Paid Search,New,0,1,0,0,0,0,0,0.0,0.0,0.0
107516,A,Mobile,Paid Search,Returning,1,1,0,0,0,0,0,0.0,0.0,0.0
107517,A,Desktop,Social,New,0,1,0,0,0,0,1,0.0,0.0,0.0
107518,A,Desktop,Social,New,0,1,1,0,0,0,0,0.0,0.0,0.0
107519,B,Desktop,Social,New,0,0,0,0,0,0,0,0.0,0.0,0.0
107520,B,Mobile,Organic,Returning,0,0,0,0,0,0,0,0.0,0.0,0.0
107521,B,Mobile,Organic,New,0,1,1,0,0,0,1,0.0,0.0,0.0
107522,A,Mobile,Organic,New,0,0,0,0,0,0,0,0.0,0.0,0.0
107523,A,Mobile,Direct,New,0,0,0,0,0,0,1,0.0,0.0,0.0
107524,A,Desktop,Organic,New,0,1,0,0,0,0,0,0.0,0.0,0.0
107525,A,Mobile,Paid Search,New,0,0,0,0,0,0,1,0.0,0.0,0.0
107526,A,Mobile,Organic,New,0,1,0,0,0,0,0,0.0,0.0,0.0
107527,A,Mobile,Paid Search,New,0,1,1,0,0,0,0,0.0,0.0,0.0
107528,B,Tablet,Organic,New,0,1,1,1,1,1,1,3360.292517423945,3186.9044747075977,6547.196992131543
107529,A,Tablet,Social,New,0,0,0,0,0,0,0,0.0,0.0,0.0
107530,B,Mobile,Social,New,0,0,0,0,0,0,0,0.0,0.0,0.0
107531,B,Desktop,Social,Returning,0,0,0,0,0,0,0,0.0,0.0,0.0
107532,A,Desktop,Organic,New,0,0,0,0,0,0,0,0.0,0.0,0.0
107533,A,Mobile,Direct,New,0,1,0,0,0,0,1,0.0,0.0,0.0
107534,B,Tablet,Paid Search,New,1,1,0,0,0,0,1,0.0,0.0,0.0
107535,B,Mobile,Organic,New,0,1,0,0,0,0,1,0.0,0.0,0.0
107536,A,Mobile,Social,New,0,1,0,0,0,0,0,0.0,0.0,0.0
107537,A,Tablet,Email,New,0,1,0,0,0,0,0,0.0,0.0,0.0
107538,B,Mobile,Paid Search,New,0,0,0,0,0,0,0,0.0,0.0,0.0
107539,B,Mobile,Email,New,0,1,0,0,0,0,0,0.0,0.0,0.0
107540,A,Desktop,Organic,New,0,1,0,0,0,0,0,0.0,0.0,0.0
107541,B,Tablet,Organic,New,0,0,0,0,0,0,1,0.0,0.0,0.0
107542,A,Desktop,Paid Search,New,0,0,0,0,0,0,1,0.0,0.0,0.0
107543,B,Desktop,Paid Search,New,1,1,0,0,0,0,1,0.0,0.0,0.0
107544,B,Mobile,Social,Returning,0,1,1,1,1,0,0,3532.926523283791,0.0,3532.926523283791
107545,A,Tablet,Paid Search,Returning,0,1,0,0,0,0,1,0.0,0.0,0.0
107546,A,Mobile,Direct,New,0,1,0,0,0,0,0,0.0,0.0,0.0
107547,A,Mobile,Paid Search,New,0,1,0,0,0,0,0,0.0,0.0,0.0
107548,A,Mobile,Organic,New,0,1,0,0,0,0,0,0.0,0.0,0.0
107549,A,Desktop,Email,New,0,1,0,0,0,0,0,0.0,0.0,0.0
107550,A,Mobile,Paid Search,New,0,1,0,0,0,0,0,0.0,0.0,0.0
107551,B,Mobile,Paid Search,New,0,1,1,1,1,0,0,3490.5278610926534,0.0,3490.5278610926534
107552,A,Mobile,Email,Returning,0,1,1,1,1,0,0,2753.3380547722727,0.0,2753.3380547722727
107553,A,Mobile,Organic,New,1,1,0,0,0,0,0,0.0,0.0,0.0
107554,A,Mobile,Email,Returning,0,1,0,0,0,0,0,0.0,0.0,0.0
107555,A,Mobile,Organic,New,0,1,0,0,0,0,0,0.0,0.0,0.0
107556,A,Mobile,Organic,New,1,1,0,0,0,0,0,0.0,0.0,0.0
107557,B,Mobile,Social,Returning,0,1,1,1,1,0,0,4310.500609875139,0.0,4310.500609875139
107558,B,Mobile,Organic,New,0,0,0,0,0,0,0,0.0,0.0,0.0
107559,A,Mobile,Social,Returning,0,1,0,0,0,0,1,0.0,0.0,0.0
107560,B,Desktop,Organic,Returning,0,1,0,0,0,0,1,0.0,0.0,0.0
107561,B,Mobile,Organic,New,0,1,0,0,0,0,0,0.0,0.0,0.0
107562,A,Mobile,Organic,Returning,0,1,1,0,0,0,1,0.0,0.0,0.0
107563,A,Mobile,Organic,New,0,1,0,0,0,0,0,0.0,0.0,0.0
107564,B,Mobile,Social,New,0,1,1,1,1,0,0,1816.9869149083966,0.0,1816.9869149083966
107565,A,Mobile,Organic,New,0,0,0,0,0,0,1,0.0,0.0,0.0
107566,A,Desktop,Organic,New,0,1,0,0,0,0,0,0.0,0.0,0.0
107567,B,Mobile,Direct,New,0,1,0,0,0,0,1,0.0,0.0,0.0
107568,A,Desktop,Direct,New,0,1,0,0,0,0,1,0.0,0.0,0.0
107569,A,Mobile,Organic,New,0,0,0,0,0,0,1,0.0,0.0,0.0
107570,B,Mobile,Organic,New,1,0,0,0,0,0,1,0.0,0.0,0.0
107571,A,Tablet,Email,Returning,0,1,0,0,0,0,0,0.0,0.0,0.0
107572,B,Mobile,Social,New,0,1,0,0,0,0,0,0.0,0.0,0.0
107573,A,Desktop,Organic,Returning,0,0,0,0,0,0,1,0.0,0.0,0.0
107574,A,Mobile,Email,Returning,0,0,0,0,0,0,0,0.0,0.0,0.0
107575,B,Desktop,Email,New,1,1,0,0,0,0,0,0.0,0.0,0.0
107576,B,Desktop,Organic,New,0,0,0,0,0,0,0,0.0,0.0,0.0
107577,A,Mobile,Paid Search,New,0,1,0,0,0,0,0,0.0,0.0,0.0
107578,B,Mobile,Paid Search,New,0,1,0,0,0,0,0,0.0,0.0,0.0
107579,A,Desktop,Organic,Returning,0,1,0,0,0,0,0,0.0,0.0,0.0
107580,B,Desktop,Paid Search,Returning,0,1,0,0,0,0,0,0.0,0.0,0.0
107581,B,Mobile,Organic,New,0,0,0,0,0,0,1,0.0,0.0,0.0
107582,B,Desktop,Organic,New,0,1,0,0,0,0,1,0.0,0.0,0.0
107583,A,Mobile,Organic,New,0,1,1,0,0,0,1,0.0,0.0,0.0
107584,B,Desktop,Social,New,0,1,0,0,0,0,0,0.0,0.0,0.0
107585,B,Mobile,Email,New,0,1,0,0,0,0,0,0.0,0.0,0.0
107586,A,Mobile,Organic,New,0,1,0,0,0,0,1,0.0,0.0,0.0
107587,B,Mobile,Organic,Returning,0,1,0,0,0,0,0,0.0,0.0,0.0
107588,A,Mobile,Social,New,0,1,0,0,0,0,1,0.0,0.0,0.0
107589,B,Tablet,Paid Search,Returning,0,1,0,0,0,0,0,0.0,0.0,0.0
107590,A,Desktop,Paid Search,New,1,1,0,0,0,0,1,0.0,0.0,0.0
107591,B,Mobile,Paid Search,New,0,1,0,0,0,0,0,0.0,0.0,0.0
107592,A,Desktop,Paid Search,New,0,1,1,1,1,0,0,3135.78442373845,0.0,3135.78442373845
107593,A,Mobile,Email,Returning,0,0,0,0,0,0,0,0.0,0.0,0.0
107594,B,Mobile,Email,New,0,1,0,0,0,0,1,0.0,0.0,0.0
107595,B,Mobile,Social,New,0,1,0,0,0,0,0,0.0,0.0,0.0
107596,B,Mobile,Organic,New,0,1,0,0,0,0,0,0.0,0.0,0.0
107597,A,Mobile,Organic,New,1,1,0,0,0,0,0,0.0,0.0,0.0
107598,B,Desktop,Social,New,0,0,0,0,0,0,1,0.0,0.0,0.0
107599,A,Mobile,Paid Search,Returning,0,1,1,0,0,0,0,0.0,0.0,0.0
107600,B,Mobile,Organic,New,0,1,0,0,0,0,1,0.0,0.0,0.0
107601,B,Mobile,Social,New,0,1,0,0,0,0,1,0.0,0.0,0.0
107602,A,Desktop,Paid Search,Returning,0,1,0,0,0,0,0,0.0,0.0,0.0
107603,B,Tablet,Paid Search,New,0,1,0,0,0,0,1,0.0,0.0,0.0
107604,A,Tablet,Email,New,0,1,0,0,0,0,1,0.0,0.0,0.0
107605,B,Mobile,Social,New,0,1,1,1,1,0,0,2752.1154378743604,0.0,2752.1154378743604
107606,B,Mobile,Paid Search,New,0,1,0,0,0,0,1,0.0,0.0,0.0
107607,A,Mobile,Direct,New,0,1,1,1,0,0,0,0.0,0.0,0.0
107608,A,Tablet,Social,New,0,0,0,0,0,0,0,0.0,0.0,0.0
107609,B,Mobile,Direct,New,0,0,0,0,0,0,0,0.0,0.0,0.0
107610,A,Desktop,Paid Search,New,0,1,0,0,0,0,0,0.0,0.0,0.0
107611,A,Mobile,Social,Returning,0,1,0,0,0,0,0,0.0,0.0,0.0
107612,A,Mobile,Paid Search,New,0,1,0,0,0,0,1,0.0,0.0,0.0
107613,A,Mobile,Organic,Returning,1,1,0,0,0,0,0,0.0,0.0,0.0
107614,B,Mobile,Direct,New,0,0,0,0,0,0,1,0.0,0.0,0.0
107615,B,Mobile,Social,New,0,1,1,1,1,1,1,2874.5617531938124,2369.260998170323,5243.822751364136
107616,B,Desktop,Paid Search,Returning,0,1,0,0,0,0,1,0.0,0.0,0.0
107617,A,Tablet,Organic,New,0,1,1,1,1,0,1,3241.518850214148,0.0,3241.518850214148
107618,B,Mobile,Organic,New,0,1,1,1,1,0,0,2182.606252359527,0.0,2182.606252359527
107619,A,Mobile,Direct,New,0,1,0,0,0,0,0,0.0,0.0,0.0
107620,B,Mobile,Paid Search,New,0,0,0,0,0,0,1,0.0,0.0,0.0
107621,A,Mobile,Email,Returning,0,1,0,0,0,0,0,0.0,0.0,0.0
107622,A,Desktop,Organic,New,0,1,0,0,0,0,0,0.0,0.0,0.0
107623,A,Mobile,Organic,Returning,0,0,0,0,0,0,1,0.0,0.0,0.0
107624,B,Mobile,Email,New,0,1,1,0,0,0,0,0.0,0.0,0.0
107625,B,Mobile,Social,New,0,1,0,0,0,0,0,0.0,0.0,0.0
107626,B,Mobile,Direct,New,0,1,0,0,0,0,1,0.0,0.0,0.0
107627,B,Mobile,Email,New,0,1,0,0,0,0,0,0.0,0.0,0.0
107628,B,Mobile,Paid Search,New,0,1,0,0,0,0,0,0.0,0.0,0.0
107629,B,Mobile,Social,New,0,1,0,0,0,0,0,0.0,0.0,0.0
107630,A,Mobile,Email,New,0,1,1,0,0,0,0,0.0,0.0,0.0
107631,A,Mobile,Direct,New,0,1,0,0,0,0,1,0.0,0.0,0.0
107632,B,Mobile,Paid Search,Returning,0,1,0,0,0,0,1,0.0,0.0,0.0
107633,B,Desktop,Email,Returning,0,0,0,0,0,0,1,0.0,0.0,0.0
107634,B,Mobile,Organic,New,0,1,0,0,0,0,1,0.0,0.0,0.0
107635,A,Desktop,Social,New,0,1,0,0,0,0,1,0.0,0.0,0.0
107636,B,Mobile,Social,New,0,0,0,0,0,0,1,0.0,0.0,0.0
107637,A,Mobile,Organic,New,0,1,0,0,0,0,1,0.0,0.0,0.0
107638,B,Desktop,Social,New,0,1,0,0,0,0,1,0.0,0.0,0.0
107639,A,Desktop,Paid Search,Returning,0,1,0,0,0,0,0,0.0,0.0,0.0
107640,B,Desktop,Paid Search,New,0,1,0,0,0,0,1,0.0,0.0,0.0
107641,A,Mobile,Social,New,1,0,0,0,0,0,0,0.0,0.0,0.0
107642,A,Mobile,Social,New,0,1,0,0,0,0,1,0.0,0.0,0.0
107643,A,Mobile,Social,Returning,1,0,0,0,0,0,0,0.0,0.0,0.0
107644,A,Mobile,Paid Search,Returning,0,1,0,0,0,0,1,0.0,0.0,0.0
107645,A,Mobile,Organic,New,0,1,0,0,0,0,0,0.0,0.0,0.0
107646,B,Desktop,Social,New,0,1,0,0,0,0,1,0.0,0.0,0.0
107647,B,Mobile,Direct,New,0,1,1,1,1,1,0,2713.0971250524467,2470.775351301482,5183.8724763539285
107648,B,Desktop,Email,Returning,0,1,0,0,0,0,0,0.0,0.0,0.0
107649,B,Mobile,Organic,New,0,1,0,0,0,0,0,0.0,0.0,0.0
107650,B,Desktop,Paid Search,Returning,1,1,1,0,0,0,1,0.0,0.0,0.0
107651,A,Mobile,Paid Search,New,0,0,0,0,0,0,0,0.0,0.0,0.0
107652,B,Mobile,Direct,New,0,0,0,0,0,0,1,0.0,0.0,0.0
107653,A,Mobile,Email,Returning,0,1,0,0,0,0,0,0.0,0.0,0.0
107654,B,Desktop,Organic,Returning,0,0,0,0,0,0,0,0.0,0.0,0.0
107655,A,Mobile,Organic,New,0,1,0,0,0,0,0,0.0,0.0,0.0
107656,A,Desktop,Email,Returning,0,1,0,0,0,0,0,0.0,0.0,0.0
107657,A,Mobile,Social,New,0,1,1,1,1,0,0,1934.7997795846477,0.0,1934.7997795846477
107658,A,Tablet,Email,Returning,0,1,0,0,0,0,1,0.0,0.0,0.0
107659,B,Mobile,Organic,New,0,1,0,0,0,0,1,0.0,0.0,0.0
107660,B,Mobile,Social,Returning,0,1,0,0,0,0,0,0.0,0.0,0.0
107661,B,Mobile,Direct,New,0,0,0,0,0,0,0,0.0,0.0,0.0
107662,A,Mobile,Social,Returning,0,1,0,0,0,0,0,0.0,0.0,0.0
107663,B,Desktop,Email,New,1,0,0,0,0,0,0,0.0,0.0,0.0
107664,B,Mobile,Organic,New,0,1,0,0,0,0,1,0.0,0.0,0.0
107665,A,Desktop,Email,Returning,1,1,0,0,0,0,0,0.0,0.0,0.0
107666,A,Desktop,Organic,New,0,1,0,0,0,0,1,0.0,0.0,0.0
107667,A,Mobile,Paid Search,Returning,0,1,0,0,0,0,0,0.0,0.0,0.0
107668,B,Desktop,Organic,Returning,1,1,0,0,0,0,1,0.0,0.0,0.0
107669,A,Desktop,Direct,New,0,1,0,0,0,0,0,0.0,0.0,0.0
107670,B,Tablet,Social,Returning,0,1,0,0,0,0,0,0.0,0.0,0.0
107671,B,Mobile,Direct,New,0,1,0,0,0,0,1,0.0,0.0,0.0
107672,A,Desktop,Email,Returning,0,1,0,0,0,0,0,0.0,0.0,0.0
107673,A,Mobile,Paid Search,Returning,0,1,1,0,0,0,0,0.0,0.0,0.0
107674,A,Desktop,Direct,New,0,0,0,0,0,0,0,0.0,0.0,0.0
107675,B,Mobile,Organic,New,0,1,0,0,0,0,1,0.0,0.0,0.0
107676,B,Mobile,Direct,New,0,1,1,1,1,0,0,2293.9147552892405,0.0,2293.9147552892405
107677,B,Desktop,Organic,New,0,1,0,0,0,0,1,0.0,0.0,0.0
107678,A,Desktop,Paid Search,New,0,1,1,1,0,0,0,0.0,0.0,0.0
107679,B,Mobile,Direct,New,1,1,0,0,0,0,0,0.0,0.0,0.0
107680,A,Mobile,Social,Returning,1,1,0,0,0,0,1,0.0,0.0,0.0
107681,B,Desktop,Email,New,0,0,0,0,0,0,0,0.0,0.0,0.0
107682,B,Mobile,Social,Returning,0,1,0,0,0,0,0,0.0,0.0,0.0
107683,A,Desktop,Paid Search,New,0,1,1,1,1,0,0,3744.788846572927,0.0,3744.788846572927
107684,B,Desktop,Email,New,0,1,0,0,0,0,0,0.0,0.0,0.0
107685,B,Mobile,Paid Search,New,0,1,0,0,0,0,0,0.0,0.0,0.0
107686,A,Mobile,Social,Returning,0,1,1,0,0,0,0,0.0,0.0,0.0
107687,A,Mobile,Organic,New,0,1,0,0,0,0,1,0.0,0.0,0.0
107688,B,Mobile,Organic,New,0,1,0,0,0,0,1,0.0,0.0,0.0
107689,A,Mobile,Direct,New,0,1,0,0,0,0,0,0.0,0.0,0.0
107690,B,Mobile,Paid Search,New,0,1,0,0,0,0,1,0.0,0.0,0.0
107691,A,Mobile,Social,New,1,1,0,0,0,0,1,0.0,0.0,0.0
107692,B,Mobile,Organic,New,0,1,0,0,0,0,1,0.0,0.0,0.0
107693,B,Mobile,Organic,New,1,0,0,0,0,0,0,0.0,0.0,0.0
107694,A,Mobile,Paid Search,New,0,0,0,0,0,0,1,0.0,0.0,0.0
107695,A,Mobile,Organic,Returning,0,1,1,1,1,0,0,3815.9312213865837,0.0,3815.9312213865837
107696,B,Mobile,Paid Search,New,0,1,0,0,0,0,0,0.0,0.0,0.0
107697,A,Desktop,Paid Search,New,0,1,0,0,0,0,0,0.0,0.0,0.0
107698,A,Mobile,Social,Returning,0,0,0,0,0,0,0,0.0,0.0,0.0
107699,A,Desktop,Email,Returning,0,1,0,0,0,0,0,0.0,0.0,0.0
107700,B,Mobile,Paid Search,New,0,1,0,0,0,0,1,0.0,0.0,0.0
107701,A,Desktop,Social,New,0,1,0,0,0,0,0,0.0,0.0,0.0
107702,A,Mobile,Organic,Returning,0,0,0,0,0,0,1,0.0,0.0,0.0
107703,A,Mobile,Organic,New,0,1,0,0,0,0,1,0.0,0.0,0.0
107704,B,Desktop,Email,New,1,0,0,0,0,0,0,0.0,0.0,0.0
107705,B,Mobile,Email,Returning,0,1,1,0,0,0,0,0.0,0.0,0.0
107706,A,Tablet,Organic,New,0,1,0,0,0,0,0,0.0,0.0,0.0
107707,A,Desktop,Direct,New,0,1,1,0,0,0,0,0.0,0.0,0.0
107708,A,Desktop,Direct,New,0,1,0,0,0,0,0,0.0,0.0,0.0
107709,B,Tablet,Email,Returning,1,1,0,0,0,0,0,0.0,0.0,0.0
107710,B,Mobile,Organic,New,0,1,0,0,0,0,0,0.0,0.0,0.0
107711,B,Tablet,Organic,New,1,1,0,0,0,0,0,0.0,0.0,0.0
107712,B,Mobile,Social,New,0,1,0,0,0,0,0,0.0,0.0,0.0
107713,A,Mobile,Organic,New,0,1,1,1,0,0,0,0.0,0.0,0.0
107714,A,Mobile,Social,New,0,1,0,0,0,0,0,0.0,0.0,0.0
107715,B,Mobile,Paid Search,New,0,1,1,1,1,0,0,2807.3360393811727,0.0,2807.3360393811727
107716,A,Mobile,Paid Search,Returning,0,1,0,0,0,0,1,0.0,0.0,0.0
107717,A,Mobile,Social,Returning,1,0,0,0,0,0,0,0.0,0.0,0.0
107718,B,Mobile,Social,New,0,0,0,0,0,0,0,0.0,0.0,0.0
107719,B,Desktop,Organic,New,0,0,0,0,0,0,0,0.0,0.0,0.0
107720,A,Desktop,Organic,New,0,1,0,0,0,0,0,0.0,0.0,0.0
107721,B,Mobile,Social,New,0,1,0,0,0,0,0,0.0,0.0,0.0
107722,B,Desktop,Organic,New,0,0,0,0,0,0,1,0.0,0.0,0.0
107723,B,Mobile,Direct,New,0,1,1,1,1,1,1,3391.7998279137964,3260.9570768672083,6652.756904781005
107724,B,Mobile,Paid Search,Returning,0,1,0,0,0,0,0,0.0,0.0,0.0
107725,A,Mobile,Direct,New,0,1,0,0,0,0,1,0.0,0.0,0.0
107726,A,Mobile,Email,Returning,0,1,0,0,0,0,0,0.0,0.0,0.0
107727,B,Mobile,Social,New,0,1,0,0,0,0,1,0.0,0.0,0.0
107728,A,Mobile,Email,Returning,0,0,0,0,0,0,1,0.0,0.0,0.0
107729,B,Mobile,Organic,New,0,1,0,0,0,0,1,0.0,0.0,0.0
107730,B,Desktop,Social,New,0,1,1,0,0,0,0,0.0,0.0,0.0
107731,A,Mobile,Paid Search,Returning,0,1,0,0,0,0,1,0.0,0.0,0.0
107732,A,Mobile,Email,New,0,0,0,0,0,0,1,0.0,0.0,0.0
107733,A,Tablet,Direct,New,0,1,0,0,0,0,0,0.0,0.0,0.0
107734,A,Desktop,Paid Search,New,0,0,0,0,0,0,0,0.0,0.0,0.0
107735,A,Mobile,Paid Search,New,0,1,0,0,0,0,0,0.0,0.0,0.0
107736,A,Tablet,Social,New,0,0,0,0,0,0,0,0.0,0.0,0.0
107737,A,Mobile,Organic,New,0,0,0,0,0,0,0,0.0,0.0,0.0
107738,A,Mobile,Social,Returning,1,1,1,0,0,0,0,0.0,0.0,0.0
107739,A,Desktop,Organic,Returning,0,1,0,0,0,0,1,0.0,0.0,0.0
107740,A,Mobile,Paid Search,New,0,1,0,0,0,0,1,0.0,0.0,0.0
107741,A,Desktop,Direct,Returning,0,0,0,0,0,0,0,0.0,0.0,0.0
107742,B,Mobile,Social,New,0,0,0,0,0,0,0,0.0,0.0,0.0
107743,A,Desktop,Social,New,0,1,0,0,0,0,0,0.0,0.0,0.0
107744,B,Mobile,Social,Returning,0,1,1,0,0,0,0,0.0,0.0,0.0
107745,B,Tablet,Social,New,0,0,0,0,0,0,0,0.0,0.0,0.0
107746,B,Mobile,Social,New,1,0,0,0,0,0,1,0.0,0.0,0.0
107747,B,Mobile,Organic,New,0,1,0,0,0,0,1,0.0,0.0,0.0
107748,A,Mobile,Organic,Returning,0,0,0,0,0,0,0,0.0,0.0,0.0
107749,B,Mobile,Direct,New,0,1,0,0,0,0,0,0.0,0.0,0.0
107750,B,Mobile,Organic,Returning,0,1,0,0,0,0,1,0.0,0.0,0.0
107751,B,Mobile,Organic,New,0,1,0,0,0,0,0,0.0,0.0,0.0
107752,A,Desktop,Organic,New,0,1,0,0,0,0,1,0.0,0.0,0.0
107753,B,Mobile,Email,New,0,1,1,0,0,0,0,0.0,0.0,0.0
107754,B,Desktop,Social,New,0,1,0,0,0,0,0,0.0,0.0,0.0
107755,A,Desktop,Organic,New,0,1,1,1,1,1,0,2216.55766159596,2088.4426562216786,4305.0003178176385
107756,B,Mobile,Social,New,0,1,0,0,0,0,0,0.0,0.0,0.0
107757,B,Mobile,Paid Search,New,0,1,0,0,0,0,0,0.0,0.0,0.0
107758,A,Desktop,Paid Search,New,0,0,0,0,0,0,0,0.0,0.0,0.0
107759,B,Tablet,Paid Search,New,0,0,0,0,0,0,0,0.0,0.0,0.0
107760,B,Desktop,Direct,Returning,0,1,0,0,0,0,1,0.0,0.0,0.0
107761,A,Mobile,Organic,New,0,0,0,0,0,0,1,0.0,0.0,0.0
107762,B,Mobile,Organic,New,0,1,0,0,0,0,1,0.0,0.0,0.0
107763,B,Mobile,Organic,New,0,1,0,0,0,0,1,0.0,0.0,0.0
107764,B,Mobile,Direct,New,0,1,0,0,0,0,0,0.0,0.0,0.0
107765,B,Mobile,Organic,New,0,1,1,1,0,0,0,0.0,0.0,0.0
107766,A,Desktop,Organic,Returning,0,0,0,0,0,0,0,0.0,0.0,0.0
107767,A,Desktop,Direct,New,0,1,0,0,0,0,1,0.0,0.0,0.0
107768,B,Mobile,Direct,New,0,1,0,0,0,0,0,0.0,0.0,0.0
107769,B,Tablet,Email,Returning,0,1,0,0,0,0,1,0.0,0.0,0.0
107770,B,Desktop,Social,Returning,1,1,1,0,0,0,0,0.0,0.0,0.0
107771,A,Desktop,Organic,Returning,0,1,0,0,0,0,0,0.0,0.0,0.0
107772,A,Tablet,Organic,Returning,0,1,1,1,1,0,1,2360.2159922874635,0.0,2360.2159922874635
107773,A,Mobile,Paid Search,Returning,0,1,0,0,0,0,0,0.0,0.0,0.0
107774,B,Mobile,Social,New,0,1,0,0,0,0,0,0.0,0.0,0.0
107775,B,Tablet,Paid Search,New,0,1,0,0,0,0,0,0.0,0.0,0.0
107776,A,Mobile,Email,New,1,1,0,0,0,0,1,0.0,0.0,0.0
107777,A,Mobile,Paid Search,New,0,1,0,0,0,0,0,0.0,0.0,0.0
107778,B,Desktop,Social,New,0,1,0,0,0,0,0,0.0,0.0,0.0
107779,B,Desktop,Paid Search,New,0,1,0,0,0,0,1,0.0,0.0,0.0
107780,B,Mobile,Paid Search,New,0,1,1,1,1,0,1,4410.421200943261,0.0,4410.421200943261
107781,B,Desktop,Email,New,0,0,0,0,0,0,1,0.0,0.0,0.0
107782,A,Mobile,Social,New,0,1,0,0,0,0,0,0.0,0.0,0.0
107783,B,Desktop,Paid Search,Returning,0,0,0,0,0,0,0,0.0,0.0,0.0
107784,B,Mobile,Organic,New,0,1,0,0,0,0,0,0.0,0.0,0.0
107785,B,Mobile,Direct,New,0,1,0,0,0,0,1,0.0,0.0,0.0
107786,A,Mobile,Social,Returning,0,1,0,0,0,0,1,0.0,0.0,0.0
107787,B,Desktop,Social,New,0,1,1,0,0,0,0,0.0,0.0,0.0
107788,A,Mobile,Paid Search,Returning,0,1,0,0,0,0,1,0.0,0.0,0.0
107789,B,Mobile,Social,Returning,1,1,0,0,0,0,0,0.0,0.0,0.0
107790,A,Desktop,Paid Search,New,0,1,0,0,0,0,1,0.0,0.0,0.0
107791,B,Mobile,Organic,Returning,0,1,0,0,0,0,0,0.0,0.0,0.0
107792,B,Mobile,Social,New,0,1,0,0,0,0,1,0.0,0.0,0.0
107793,B,Mobile,Social,Returning,1,0,0,0,0,0,0,0.0,0.0,0.0
107794,B,Tablet,Organic,New,0,0,0,0,0,0,0,0.0,0.0,0.0
107795,A,Tablet,Social,New,0,1,0,0,0,0,1,0.0,0.0,0.0
107796,A,Mobile,Direct,New,0,1,0,0,0,0,0,0.0,0.0,0.0
107797,A,Mobile,Paid Search,New,0,1,1,0,0,0,1,0.0,0.0,0.0
107798,B,Mobile,Paid Search,Returning,0,0,0,0,0,0,0,0.0,0.0,0.0
107799,B,Desktop,Organic,New,0,1,0,0,0,0,0,0.0,0.0,0.0
107800,A,Mobile,Social,New,0,1,0,0,0,0,0,0.0,0.0,0.0
107801,A,Mobile,Organic,New,0,0,0,0,0,0,0,0.0,0.0,0.0
107802,B,Mobile,Social,New,0,1,1,1,1,0,1,2756.7389473620997,0.0,2756.7389473620997
107803,A,Mobile,Email,New,0,1,0,0,0,0,0,0.0,0.0,0.0
107804,A,Mobile,Paid Search,Returning,0,0,0,0,0,0,0,0.0,0.0,0.0
107805,B,Mobile,Organic,New,0,0,0,0,0,0,1,0.0,0.0,0.0
107806,B,Mobile,Email,Returning,0,1,0,0,0,0,1,0.0,0.0,0.0
107807,B,Mobile,Organic,New,0,1,0,0,0,0,1,0.0,0.0,0.0
107808,B,Desktop,Paid Search,New,1,1,0,0,0,0,0,0.0,0.0,0.0
107809,A,Desktop,Organic,Returning,0,1,0,0,0,0,0,0.0,0.0,0.0
107810,B,Mobile,Paid Search,New,1,1,0,0,0,0,1,0.0,0.0,0.0
107811,A,Mobile,Organic,Returning,0,1,1,0,0,0,1,0.0,0.0,0.0
107812,B,Tablet,Paid Search,Returning,0,1,1,1,0,0,0,0.0,0.0,0.0
107813,A,Mobile,Social,New,0,1,0,0,0,0,0,0.0,0.0,0.0
107814,A,Mobile,Social,New,1,0,0,0,0,0,1,0.0,0.0,0.0
107815,A,Mobile,Direct,New,0,0,0,0,0,0,0,0.0,0.0,0.0
107816,B,Mobile,Direct,Returning,0,1,0,0,0,0,1,0.0,0.0,0.0
107817,B,Tablet,Email,New,0,1,0,0,0,0,0,0.0,0.0,0.0
107818,A,Desktop,Paid Search,New,0,1,0,0,0,0,1,0.0,0.0,0.0
107819,A,Mobile,Organic,Returning,0,1,0,0,0,0,0,0.0,0.0,0.0
107820,A,Mobile,Paid Search,New,0,1,0,0,0,0,0,0.0,0.0,0.0
107821,A,Mobile,Paid Search,New,1,1,0,0,0,0,0,0.0,0.0,0.0
107822,B,Mobile,Organic,New,0,1,0,0,0,0,0,0.0,0.0,0.0
107823,A,Mobile,Organic,Returning,0,1,0,0,0,0,0,0.0,0.0,0.0
107824,B,Mobile,Paid Search,New,0,1,1,1,1,0,0,2332.5627911229126,0.0,2332.5627911229126
107825,A,Mobile,Direct,Returning,0,0,0,0,0,0,1,0.0,0.0,0.0
107826,A,Desktop,Social,New,0,1,0,0,0,0,1,0.0,0.0,0.0
107827,B,Mobile,Paid Search,New,0,1,0,0,0,0,1,0.0,0.0,0.0
107828,B,Mobile,Paid Search,New,1,1,0,0,0,0,0,0.0,0.0,0.0
107829,A,Mobile,Direct,Returning,0,0,0,0,0,0,1,0.0,0.0,0.0
107830,A,Desktop,Direct,Returning,0,1,0,0,0,0,1,0.0,0.0,0.0
107831,A,Mobile,Direct,New,0,1,0,0,0,0,0,0.0,0.0,0.0
107832,A,Mobile,Direct,Returning,0,1,1,0,0,0,0,0.0,0.0,0.0
107833,A,Desktop,Social,New,0,1,0,0,0,0,0,0.0,0.0,0.0
107834,A,Mobile,Paid Search,New,0,1,0,0,0,0,0,0.0,0.0,0.0
107835,A,Mobile,Organic,New,0,0,0,0,0,0,0,0.0,0.0,0.0
107836,A,Mobile,Direct,New,0,1,0,0,0,0,0,0.0,0.0,0.0
107837,B,Mobile,Paid Search,New,0,1,0,0,0,0,0,0.0,0.0,0.0
107838,A,Mobile,Social,New,0,1,0,0,0,0,0,0.0,0.0,0.0
107839,B,Mobile,Paid Search,New,0,1,0,0,0,0,0,0.0,0.0,0.0
107840,A,Mobile,Organic,Returning,0,1,0,0,0,0,1,0.0,0.0,0.0
107841,A,Desktop,Social,Returning,1,1,0,0,0,0,1,0.0,0.0,0.0
107842,A,Desktop,Email,New,1,0,0,0,0,0,0,0.0,0.0,0.0
107843,A,Mobile,Direct,Returning,0,1,0,0,0,0,1,0.0,0.0,0.0
107844,B,Mobile,Direct,Returning,0,0,0,0,0,0,0,0.0,0.0,0.0
107845,A,Desktop,Organic,New,0,0,0,0,0,0,0,0.0,0.0,0.0
107846,B,Desktop,Direct,Returning,0,1,0,0,0,0,1,0.0,0.0,0.0
107847,B,Desktop,Direct,New,0,1,0,0,0,0,1,0.0,0.0,0.0
107848,B,Mobile,Social,New,0,0,0,0,0,0,1,0.0,0.0,0.0
107849,B,Desktop,Organic,New,0,1,0,0,0,0,0,0.0,0.0,0.0
107850,A,Mobile,Direct,New,0,1,0,0,0,0,0,0.0,0.0,0.0
107851,B,Mobile,Social,New,0,0,0,0,0,0,0,0.0,0.0,0.0
107852,B,Tablet,Organic,New,0,1,0,0,0,0,0,0.0,0.0,0.0
107853,A,Mobile,Email,New,0,1,0,0,0,0,0,0.0,0.0,0.0
107854,B,Mobile,Paid Search,New,0,1,0,0,0,0,0,0.0,0.0,0.0
107855,B,Desktop,Direct,New,0,1,0,0,0,0,1,0.0,0.0,0.0
107856,A,Desktop,Organic,New,0,1,0,0,0,0,1,0.0,0.0,0.0
107857,B,Mobile,Paid Search,Returning,0,1,0,0,0,0,0,0.0,0.0,0.0
107858,A,Mobile,Direct,New,0,1,0,0,0,0,0,0.0,0.0,0.0
107859,B,Mobile,Social,New,0,0,0,0,0,0,1,0.0,0.0,0.0
107860,B,Mobile,Paid Search,New,0,1,0,0,0,0,0,0.0,0.0,0.0
107861,B,Mobile,Organic,New,0,1,1,0,0,0,1,0.0,0.0,0.0
107862,A,Mobile,Social,Returning,0,1,0,0,0,0,1,0.0,0.0,0.0
107863,A,Mobile,Paid Search,New,0,1,0,0,0,0,0,0.0,0.0,0.0
107864,A,Mobile,Social,New,0,1,1,1,1,1,0,2599.0024680322686,2187.233166482936,4786.235634515205
107865,B,Mobile,Paid Search,Returning,0,1,0,0,0,0,0,0.0,0.0,0.0
107866,B,Mobile,Paid Search,Returning,0,1,0,0,0,0,0,0.0,0.0,0.0
107867,B,Desktop,Organic,New,0,0,0,0,0,0,0,0.0,0.0,0.0
107868,A,Mobile,Direct,New,0,1,0,0,0,0,0,0.0,0.0,0.0
107869,B,Mobile,Email,Returning,1,1,0,0,0,0,0,0.0,0.0,0.0
107870,A,Desktop,Direct,New,0,0,0,0,0,0,0,0.0,0.0,0.0
107871,A,Desktop,Social,New,0,1,1,0,0,0,0,0.0,0.0,0.0
107872,B,Tablet,Social,New,0,1,0,0,0,0,1,0.0,0.0,0.0
107873,B,Mobile,Organic,New,0,1,0,0,0,0,0,0.0,0.0,0.0
107874,B,Mobile,Paid Search,New,0,1,0,0,0,0,1,0.0,0.0,0.0
107875,A,Mobile,Organic,New,0,1,0,0,0,0,1,0.0,0.0,0.0
107876,A,Mobile,Organic,Returning,0,0,0,0,0,0,0,0.0,0.0,0.0
107877,A,Mobile,Organic,Returning,0,1,1,0,0,0,0,0.0,0.0,0.0
107878,B,Mobile,Paid Search,Returning,0,0,0,0,0,0,0,0.0,0.0,0.0
107879,B,Mobile,Organic,New,1,1,0,0,0,0,0,0.0,0.0,0.0
107880,B,Desktop,Paid Search,Returning,0,1,1,1,0,0,0,0.0,0.0,0.0
107881,B,Mobile,Direct,New,0,1,0,0,0,0,1,0.0,0.0,0.0
107882,B,Mobile,Organic,New,0,1,0,0,0,0,0,0.0,0.0,0.0
107883,B,Mobile,Organic,Returning,1,1,0,0,0,0,0,0.0,0.0,0.0
107884,B,Mobile,Social,New,0,1,1,1,0,0,0,0.0,0.0,0.0
107885,A,Mobile,Organic,New,1,1,0,0,0,0,1,0.0,0.0,0.0
107886,A,Mobile,Paid Search,New,0,1,1,1,1,0,0,2785.106600361945,0.0,2785.106600361945
107887,B,Tablet,Paid Search,Returning,0,1,0,0,0,0,1,0.0,0.0,0.0
107888,A,Mobile,Direct,New,0,1,0,0,0,0,0,0.0,0.0,0.0
107889,A,Desktop,Paid Search,Returning,0,1,0,0,0,0,0,0.0,0.0,0.0
107890,A,Mobile,Direct,New,0,1,0,0,0,0,0,0.0,0.0,0.0
107891,A,Desktop,Organic,New,0,1,0,0,0,0,0,0.0,0.0,0.0
107892,A,Desktop,Organic,New,0,1,0,0,0,0,0,0.0,0.0,0.0
107893,A,Desktop,Social,New,1,1,0,0,0,0,0,0.0,0.0,0.0
107894,A,Mobile,Email,New,0,1,0,0,0,0,1,0.0,0.0,0.0
107895,A,Mobile,Social,New,1,1,0,0,0,0,0,0.0,0.0,0.0
107896,B,Desktop,Organic,Returning,0,1,0,0,0,0,0,0.0,0.0,0.0
107897,B,Mobile,Email,New,0,0,0,0,0,0,0,0.0,0.0,0.0
107898,B,Mobile,Email,New,0,0,0,0,0,0,0,0.0,0.0,0.0
107899,B,Mobile,Paid Search,New,1,1,1,1,0,0,0,0.0,0.0,0.0
107900,A,Desktop,Direct,New,1,1,1,0,0,0,0,0.0,0.0,0.0
107901,B,Desktop,Direct,Returning,0,1,0,0,0,0,0,0.0,0.0,0.0
107902,B,Mobile,Social,Returning,0,1,1,1,0,0,0,0.0,0.0,0.0
107903,B,Desktop,Organic,New,0,1,0,0,0,0,0,0.0,0.0,0.0
107904,B,Desktop,Email,New,0,1,0,0,0,0,1,0.0,0.0,0.0
107905,B,Mobile,Direct,New,0,1,1,0,0,0,0,0.0,0.0,0.0
107906,B,Desktop,Paid Search,New,0,1,0,0,0,0,0,0.0,0.0,0.0
107907,B,Mobile,Organic,Returning,0,1,0,0,0,0,1,0.0,0.0,0.0
107908,A,Desktop,Paid Search,New,0,1,0,0,0,0,0,0.0,0.0,0.0
107909,B,Desktop,Social,New,0,0,0,0,0,0,0,0.0,0.0,0.0
107910,A,Mobile,Paid Search,New,0,0,0,0,0,0,0,0.0,0.0,0.0
107911,B,Mobile,Direct,Returning,0,1,0,0,0,0,1,0.0,0.0,0.0
107912,A,Desktop,Email,Returning,0,0,0,0,0,0,1,0.0,0.0,0.0
107913,B,Tablet,Direct,New,0,0,0,0,0,0,1,0.0,0.0,0.0
107914,B,Desktop,Organic,New,0,1,1,1,1,0,1,2874.5654373511375,0.0,2874.5654373511375
107915,B,Desktop,Organic,Returning,0,1,0,0,0,0,1,0.0,0.0,0.0
107916,A,Desktop,Organic,New,0,0,0,0,0,0,1,0.0,0.0,0.0
107917,B,Desktop,Email,New,1,1,0,0,0,0,0,0.0,0.0,0.0
107918,A,Tablet,Social,Returning,0,1,0,0,0,0,0,0.0,0.0,0.0
107919,B,Mobile,Paid Search,Returning,0,1,0,0,0,0,0,0.0,0.0,0.0
107920,B,Desktop,Paid Search,New,0,1,0,0,0,0,0,0.0,0.0,0.0
107921,A,Mobile,Paid Search,New,0,1,0,0,0,0,0,0.0,0.0,0.0
107922,A,Mobile,Organic,Returning,0,0,0,0,0,0,0,0.0,0.0,0.0
107923,B,Mobile,Paid Search,New,0,1,0,0,0,0,1,0.0,0.0,0.0
107924,A,Mobile,Email,New,0,1,1,1,0,0,0,0.0,0.0,0.0
107925,B,Mobile,Paid Search,New,0,1,0,0,0,0,0,0.0,0.0,0.0
107926,B,Mobile,Organic,New,1,1,0,0,0,0,0,0.0,0.0,0.0
107927,A,Mobile,Social,New,0,1,0,0,0,0,0,0.0,0.0,0.0
107928,B,Mobile,Organic,New,0,1,0,0,0,0,0,0.0,0.0,0.0
107929,B,Mobile,Organic,Returning,0,1,0,0,0,0,0,0.0,0.0,0.0
107930,B,Tablet,Paid Search,New,0,1,0,0,0,0,0,0.0,0.0,0.0
107931,B,Mobile,Social,New,0,0,0,0,0,0,0,0.0,0.0,0.0
107932,A,Desktop,Organic,Returning,0,0,0,0,0,0,0,0.0,0.0,0.0
107933,B,Mobile,Paid Search,New,0,1,0,0,0,0,1,0.0,0.0,0.0
107934,A,Mobile,Email,Returning,0,1,0,0,0,0,1,0.0,0.0,0.0
107935,A,Desktop,Email,Returning,1,1,0,0,0,0,0,0.0,0.0,0.0
107936,B,Desktop,Organic,New,0,0,0,0,0,0,0,0.0,0.0,0.0
107937,A,Mobile,Social,New,0,0,0,0,0,0,0,0.0,0.0,0.0
107938,B,Mobile,Email,New,0,1,1,0,0,0,1,0.0,0.0,0.0
107939,B,Desktop,Social,New,0,0,0,0,0,0,1,0.0,0.0,0.0
107940,A,Mobile,Email,Returning,0,1,0,0,0,0,0,0.0,0.0,0.0
107941,B,Tablet,Organic,New,0,1,0,0,0,0,1,0.0,0.0,0.0
107942,B,Desktop,Social,Returning,0,1,0,0,0,0,0,0.0,0.0,0.0
107943,A,Mobile,Email,New,1,1,1,0,0,0,0,0.0,0.0,0.0
107944,B,Mobile,Social,Returning,0,1,0,0,0,0,1,0.0,0.0,0.0
107945,B,Desktop,Paid Search,Returning,0,1,0,0,0,0,1,0.0,0.0,0.0
107946,B,Mobile,Social,New,0,1,1,1,0,0,0,0.0,0.0,0.0
107947,B,Mobile,Organic,New,0,0,0,0,0,0,1,0.0,0.0,0.0
107948,B,Mobile,Paid Search,New,0,1,0,0,0,0,1,0.0,0.0,0.0
107949,A,Mobile,Email,New,0,1,1,1,1,0,1,3090.20239195373,0.0,3090.20239195373
107950,B,Mobile,Social,New,0,1,0,0,0,0,0,0.0,0.0,0.0
107951,B,Mobile,Organic,New,0,1,0,0,0,0,0,0.0,0.0,0.0
107952,B,Mobile,Paid Search,New,0,1,0,0,0,0,1,0.0,0.0,0.0
107953,A,Mobile,Social,Returning,0,1,1,1,1,0,0,3256.709253090109,0.0,3256.709253090109
107954,B,Desktop,Social,New,0,1,1,0,0,0,0,0.0,0.0,0.0
107955,A,Mobile,Social,New,0,0,0,0,0,0,0,0.0,0.0,0.0
107956,A,Mobile,Email,New,1,1,0,0,0,0,0,0.0,0.0,0.0
107957,B,Mobile,Organic,Returning,1,1,0,0,0,0,0,0.0,0.0,0.0
107958,B,Mobile,Social,Returning,0,1,0,0,0,0,0,0.0,0.0,0.0
107959,B,Mobile,Paid Search,New,0,1,1,0,0,0,0,0.0,0.0,0.0
107960,B,Desktop,Organic,New,0,0,0,0,0,0,1,0.0,0.0,0.0
107961,B,Desktop,Organic,New,0,1,1,1,0,0,0,0.0,0.0,0.0
107962,A,Mobile,Email,Returning,0,1,0,0,0,0,1,0.0,0.0,0.0
107963,A,Tablet,Direct,New,0,1,0,0,0,0,0,0.0,0.0,0.0
107964,B,Mobile,Social,New,0,1,0,0,0,0,0,0.0,0.0,0.0
107965,B,Desktop,Direct,Returning,0,1,0,0,0,0,1,0.0,0.0,0.0
107966,A,Mobile,Organic,New,0,1,0,0,0,0,0,0.0,0.0,0.0
107967,B,Mobile,Organic,Returning,0,1,0,0,0,0,0,0.0,0.0,0.0
107968,A,Mobile,Email,Returning,0,1,0,0,0,0,0,0.0,0.0,0.0
107969,B,Desktop,Organic,New,0,1,0,0,0,0,0,0.0,0.0,0.0
107970,B,Mobile,Social,Returning,0,1,0,0,0,0,0,0.0,0.0,0.0
107971,A,Mobile,Paid Search,New,0,1,0,0,0,0,1,0.0,0.0,0.0
107972,B,Desktop,Paid Search,New,0,1,1,1,1,0,0,2455.020226577084,0.0,2455.020226577084
107973,B,Mobile,Direct,New,0,1,0,0,0,0,0,0.0,0.0,0.0
107974,A,Mobile,Paid Search,New,0,1,0,0,0,0,1,0.0,0.0,0.0
107975,B,Mobile,Organic,New,1,1,0,0,0,0,0,0.0,0.0,0.0
107976,A,Desktop,Social,Returning,0,1,0,0,0,0,0,0.0,0.0,0.0
107977,B,Mobile,Direct,New,0,1,0,0,0,0,0,0.0,0.0,0.0
107978,B,Desktop,Organic,New,0,1,0,0,0,0,1,0.0,0.0,0.0
107979,A,Mobile,Social,Returning,0,1,0,0,0,0,1,0.0,0.0,0.0
107980,A,Mobile,Paid Search,New,0,1,0,0,0,0,0,0.0,0.0,0.0
107981,B,Mobile,Organic,New,0,1,0,0,0,0,1,0.0,0.0,0.0
107982,B,Mobile,Direct,Returning,0,1,1,1,1,1,1,2708.0580275974903,2630.163374633872,5338.221402231362
107983,B,Mobile,Organic,New,0,1,0,0,0,0,0,0.0,0.0,0.0
107984,A,Desktop,Direct,New,0,1,0,0,0,0,1,0.0,0.0,0.0
107985,B,Tablet,Organic,New,0,0,0,0,0,0,0,0.0,0.0,0.0
107986,A,Mobile,Social,Returning,0,1,0,0,0,0,0,0.0,0.0,0.0
107987,B,Mobile,Organic,New,0,0,0,0,0,0,0,0.0,0.0,0.0
107988,A,Desktop,Direct,Returning,0,1,0,0,0,0,0,0.0,0.0,0.0
107989,B,Desktop,Social,Returning,0,0,0,0,0,0,0,0.0,0.0,0.0
107990,B,Mobile,Organic,New,0,0,0,0,0,0,1,0.0,0.0,0.0
107991,B,Mobile,Social,New,0,1,1,1,1,0,0,2206.4274401540188,0.0,2206.4274401540188
107992,B,Mobile,Social,Returning,1,1,0,0,0,0,0,0.0,0.0,0.0
107993,A,Desktop,Paid Search,New,0,1,1,1,1,0,1,1931.174807286429,0.0,1931.174807286429
107994,B,Mobile,Direct,New,0,1,0,0,0,0,0,0.0,0.0,0.0
107995,A,Mobile,Direct,New,1,1,0,0,0,0,1,0.0,0.0,0.0
107996,B,Mobile,Paid Search,New,0,0,0,0,0,0,1,0.0,0.0,0.0
107997,A,Desktop,Organic,New,0,1,0,0,0,0,1,0.0,0.0,0.0
107998,B,Mobile,Social,New,0,0,0,0,0,0,0,0.0,0.0,0.0
107999,A,Desktop,Social,New,0,0,0,0,0,0,0,0.0,0.0,0.0
108000,B,Mobile,Paid Search,New,0,0,0,0,0,0,1,0.0,0.0,0.0
108001,A,Desktop,Paid Search,New,0,1,0,0,0,0,0,0.0,0.0,0.0
108002,A,Desktop,Paid Search,Returning,0,1,1,0,0,0,0,0.0,0.0,0.0
108003,B,Mobile,Paid Search,Returning,0,0,0,0,0,0,1,0.0,0.0,0.0
108004,B,Mobile,Organic,New,1,1,0,0,0,0,0,0.0,0.0,0.0
108005,B,Mobile,Organic,Returning,0,1,0,0,0,0,0,0.0,0.0,0.0
108006,A,Mobile,Organic,New,0,1,1,1,1,0,1,1852.5615989696532,0.0,1852.5615989696532
108007,B,Desktop,Organic,New,0,1,0,0,0,0,1,0.0,0.0,0.0
108008,B,Mobile,Organic,New,0,0,0,0,0,0,0,0.0,0.0,0.0
108009,A,Desktop,Direct,New,0,1,0,0,0,0,1,0.0,0.0,0.0
108010,B,Desktop,Social,New,0,1,0,0,0,0,1,0.0,0.0,0.0
108011,B,Mobile,Paid Search,New,0,1,0,0,0,0,0,0.0,0.0,0.0
108012,B,Mobile,Paid Search,New,0,1,0,0,0,0,1,0.0,0.0,0.0
108013,A,Desktop,Direct,Returning,0,1,0,0,0,0,0,0.0,0.0,0.0
108014,B,Mobile,Paid Search,Returning,0,1,0,0,0,0,1,0.0,0.0,0.0
108015,B,Desktop,Direct,Returning,0,1,0,0,0,0,1,0.0,0.0,0.0
108016,B,Mobile,Social,New,0,1,0,0,0,0,1,0.0,0.0,0.0
108017,B,Mobile,Paid Search,Returning,0,1,0,0,0,0,1,0.0,0.0,0.0
108018,B,Desktop,Organic,New,1,1,1,1,1,0,0,4661.273398679086,0.0,4661.273398679086
108019,B,Desktop,Social,New,0,1,0,0,0,0,0,0.0,0.0,0.0
108020,A,Desktop,Organic,New,0,0,0,0,0,0,1,0.0,0.0,0.0
108021,A,Desktop,Paid Search,Returning,0,0,0,0,0,0,0,0.0,0.0,0.0
108022,B,Mobile,Direct,Returning,0,1,0,0,0,0,0,0.0,0.0,0.0
108023,B,Mobile,Organic,New,0,1,0,0,0,0,0,0.0,0.0,0.0
108024,A,Mobile,Organic,New,0,1,0,0,0,0,1,0.0,0.0,0.0
108025,B,Mobile,Paid Search,Returning,0,0,0,0,0,0,0,0.0,0.0,0.0
108026,A,Desktop,Organic,New,1,0,0,0,0,0,0,0.0,0.0,0.0
108027,B,Mobile,Social,Returning,0,1,1,0,0,0,0,0.0,0.0,0.0
108028,B,Mobile,Email,New,1,1,1,1,0,0,0,0.0,0.0,0.0
108029,B,Mobile,Paid Search,New,0,1,0,0,0,0,0,0.0,0.0,0.0
108030,B,Mobile,Social,New,0,1,0,0,0,0,0,0.0,0.0,0.0
108031,B,Tablet,Paid Search,New,0,0,0,0,0,0,0,0.0,0.0,0.0
108032,A,Mobile,Paid Search,New,0,0,0,0,0,0,0,0.0,0.0,0.0
108033,A,Tablet,Direct,New,0,0,0,0,0,0,0,0.0,0.0,0.0
108034,B,Mobile,Organic,Returning,1,1,0,0,0,0,0,0.0,0.0,0.0
108035,A,Mobile,Email,New,1,1,0,0,0,0,1,0.0,0.0,0.0
108036,A,Desktop,Email,Returning,0,0,0,0,0,0,0,0.0,0.0,0.0
108037,A,Mobile,Paid Search,New,0,1,0,0,0,0,1,0.0,0.0,0.0
108038,A,Mobile,Email,New,0,1,0,0,0,0,0,0.0,0.0,0.0
108039,A,Mobile,Organic,Returning,0,1,1,0,0,0,0,0.0,0.0,0.0
108040,A,Mobile,Paid Search,Returning,0,1,0,0,0,0,0,0.0,0.0,0.0
108041,A,Mobile,Direct,New,0,1,0,0,0,0,1,0.0,0.0,0.0
108042,B,Mobile,Email,New,0,0,0,0,0,0,1,0.0,0.0,0.0
108043,A,Mobile,Direct,New,0,1,0,0,0,0,1,0.0,0.0,0.0
108044,B,Desktop,Social,New,0,1,0,0,0,0,0,0.0,0.0,0.0
108045,B,Tablet,Organic,New,0,1,0,0,0,0,1,0.0,0.0,0.0
108046,B,Mobile,Direct,New,0,1,0,0,0,0,0,0.0,0.0,0.0
108047,A,Desktop,Paid Search,Returning,0,1,1,0,0,0,0,0.0,0.0,0.0
108048,A,Desktop,Direct,New,0,1,0,0,0,0,1,0.0,0.0,0.0
108049,B,Mobile,Social,Returning,0,1,0,0,0,0,0,0.0,0.0,0.0
108050,B,Mobile,Email,Returning,0,1,1,0,0,0,0,0.0,0.0,0.0
108051,A,Desktop,Organic,New,0,1,0,0,0,0,1,0.0,0.0,0.0
108052,A,Mobile,Paid Search,New,0,1,0,0,0,0,0,0.0,0.0,0.0
108053,A,Mobile,Organic,New,0,1,0,0,0,0,0,0.0,0.0,0.0
108054,A,Mobile,Email,New,0,1,0,0,0,0,0,0.0,0.0,0.0
108055,B,Mobile,Paid Search,New,0,1,0,0,0,0,1,0.0,0.0,0.0
108056,A,Mobile,Organic,New,0,1,1,1,0,0,1,0.0,0.0,0.0
108057,A,Mobile,Organic,New,0,1,0,0,0,0,0,0.0,0.0,0.0
108058,A,Mobile,Paid Search,New,0,1,0,0,0,0,0,0.0,0.0,0.0
108059,B,Mobile,Direct,New,0,1,0,0,0,0,1,0.0,0.0,0.0
108060,B,Desktop,Organic,Returning,0,1,0,0,0,0,1,0.0,0.0,0.0
108061,A,Desktop,Paid Search,New,0,1,0,0,0,0,0,0.0,0.0,0.0
108062,B,Desktop,Email,New,0,1,0,0,0,0,1,0.0,0.0,0.0
108063,B,Mobile,Paid Search,New,0,1,1,0,0,0,0,0.0,0.0,0.0
108064,B,Mobile,Paid Search,Returning,0,1,0,0,0,0,1,0.0,0.0,0.0
108065,A,Mobile,Paid Search,Returning,0,1,1,1,1,0,0,3313.2649110596954,0.0,3313.2649110596954
108066,B,Mobile,Organic,New,0,0,0,0,0,0,1,0.0,0.0,0.0
108067,A,Tablet,Organic,New,0,1,1,1,1,0,0,2661.6242060379127,0.0,2661.6242060379127
108068,B,Mobile,Email,New,0,1,0,0,0,0,0,0.0,0.0,0.0
108069,B,Desktop,Email,Returning,0,1,0,0,0,0,0,0.0,0.0,0.0
108070,A,Mobile,Organic,New,0,1,0,0,0,0,0,0.0,0.0,0.0
108071,B,Desktop,Direct,New,0,0,0,0,0,0,1,0.0,0.0,0.0
108072,B,Mobile,Organic,New,0,0,0,0,0,0,0,0.0,0.0,0.0
108073,A,Desktop,Social,New,0,0,0,0,0,0,0,0.0,0.0,0.0
108074,A,Mobile,Paid Search,New,0,1,1,1,0,0,0,0.0,0.0,0.0
108075,A,Mobile,Paid Search,New,0,0,0,0,0,0,0,0.0,0.0,0.0
108076,B,Mobile,Paid Search,New,0,1,0,0,0,0,0,0.0,0.0,0.0
108077,B,Mobile,Organic,New,0,0,0,0,0,0,1,0.0,0.0,0.0
108078,A,Desktop,Email,New,0,1,0,0,0,0,1,0.0,0.0,0.0
108079,B,Mobile,Email,New,0,0,0,0,0,0,0,0.0,0.0,0.0
108080,B,Desktop,Organic,Returning,0,1,0,0,0,0,0,0.0,0.0,0.0
108081,B,Desktop,Social,New,0,1,0,0,0,0,1,0.0,0.0,0.0
108082,A,Mobile,Paid Search,Returning,1,0,0,0,0,0,0,0.0,0.0,0.0
108083,B,Desktop,Organic,New,0,1,0,0,0,0,1,0.0,0.0,0.0
108084,A,Mobile,Organic,Returning,0,0,0,0,0,0,1,0.0,0.0,0.0
108085,B,Mobile,Organic,Returning,0,1,0,0,0,0,1,0.0,0.0,0.0
108086,B,Desktop,Organic,New,0,1,0,0,0,0,1,0.0,0.0,0.0
108087,A,Mobile,Paid Search,New,0,1,0,0,0,0,1,0.0,0.0,0.0
108088,B,Desktop,Email,New,0,1,0,0,0,0,0,0.0,0.0,0.0
108089,A,Desktop,Social,New,0,1,0,0,0,0,0,0.0,0.0,0.0
108090,B,Desktop,Social,Returning,0,1,0,0,0,0,0,0.0,0.0,0.0
108091,B,Desktop,Email,New,0,1,0,0,0,0,0,0.0,0.0,0.0
108092,B,Mobile,Direct,Returning,0,1,0,0,0,0,0,0.0,0.0,0.0
108093,A,Mobile,Social,Returning,0,1,1,1,0,0,1,0.0,0.0,0.0
108094,B,Mobile,Paid Search,Returning,0,0,0,0,0,0,0,0.0,0.0,0.0
108095,A,Mobile,Organic,Returning,0,0,0,0,0,0,0,0.0,0.0,0.0
108096,B,Mobile,Organic,New,0,1,0,0,0,0,0,0.0,0.0,0.0
108097,B,Desktop,Social,New,0,1,0,0,0,0,1,0.0,0.0,0.0
108098,B,Mobile,Direct,Returning,1,1,1,0,0,0,1,0.0,0.0,0.0
108099,A,Mobile,Direct,Returning,0,1,1,0,0,0,1,0.0,0.0,0.0
108100,B,Desktop,Paid Search,New,0,0,0,0,0,0,0,0.0,0.0,0.0
108101,B,Mobile,Organic,New,0,1,0,0,0,0,0,0.0,0.0,0.0
108102,B,Desktop,Direct,New,0,1,0,0,0,0,1,0.0,0.0,0.0
108103,B,Mobile,Social,New,0,1,1,1,1,0,0,2578.1648375382724,0.0,2578.1648375382724
108104,A,Desktop,Paid Search,New,0,1,0,0,0,0,0,0.0,0.0,0.0
108105,A,Desktop,Organic,Returning,0,0,0,0,0,0,1,0.0,0.0,0.0
108106,B,Mobile,Social,New,0,1,0,0,0,0,0,0.0,0.0,0.0
108107,A,Mobile,Organic,New,0,1,0,0,0,0,1,0.0,0.0,0.0
108108,A,Desktop,Social,New,0,1,0,0,0,0,1,0.0,0.0,0.0
108109,A,Mobile,Email,Returning,0,1,0,0,0,0,0,0.0,0.0,0.0
108110,A,Mobile,Organic,New,1,1,0,0,0,0,1,0.0,0.0,0.0
108111,A,Desktop,Paid Search,New,0,1,1,1,1,0,0,2360.824007204664,0.0,2360.824007204664
108112,B,Mobile,Paid Search,New,1,1,0,0,0,0,0,0.0,0.0,0.0
108113,A,Mobile,Paid Search,Returning,1,1,1,0,0,0,1,0.0,0.0,0.0
108114,A,Mobile,Social,New,0,1,0,0,0,0,1,0.0,0.0,0.0
108115,B,Mobile,Organic,New,0,1,0,0,0,0,1,0.0,0.0,0.0
108116,B,Mobile,Email,Returning,0,1,0,0,0,0,0,0.0,0.0,0.0
108117,B,Desktop,Direct,Returning,0,1,0,0,0,0,1,0.0,0.0,0.0
108118,B,Mobile,Social,New,0,1,0,0,0,0,0,0.0,0.0,0.0
108119,B,Desktop,Paid Search,New,0,1,0,0,0,0,0,0.0,0.0,0.0
108120,A,Mobile,Social,New,0,0,0,0,0,0,1,0.0,0.0,0.0
108121,B,Mobile,Paid Search,Returning,0,0,0,0,0,0,0,0.0,0.0,0.0
108122,B,Mobile,Organic,New,0,0,0,0,0,0,1,0.0,0.0,0.0
108123,B,Mobile,Organic,New,0,1,0,0,0,0,0,0.0,0.0,0.0
108124,A,Mobile,Social,Returning,0,1,0,0,0,0,0,0.0,0.0,0.0
108125,B,Mobile,Paid Search,New,0,0,0,0,0,0,1,0.0,0.0,0.0
108126,A,Desktop,Direct,New,0,1,0,0,0,0,0,0.0,0.0,0.0
108127,B,Mobile,Email,New,0,1,0,0,0,0,0,0.0,0.0,0.0
108128,B,Mobile,Organic,New,0,1,0,0,0,0,1,0.0,0.0,0.0
108129,A,Mobile,Email,New,0,1,1,1,0,0,0,0.0,0.0,0.0
108130,B,Mobile,Direct,New,1,1,1,0,0,0,1,0.0,0.0,0.0
108131,A,Mobile,Email,New,0,0,0,0,0,0,0,0.0,0.0,0.0
108132,B,Tablet,Email,New,0,1,0,0,0,0,0,0.0,0.0,0.0
108133,A,Mobile,Organic,Returning,0,1,0,0,0,0,0,0.0,0.0,0.0
108134,B,Mobile,Organic,New,0,0,0,0,0,0,0,0.0,0.0,0.0
108135,B,Tablet,Paid Search,New,0,1,1,1,0,0,0,0.0,0.0,0.0
108136,B,Tablet,Organic,New,0,1,0,0,0,0,0,0.0,0.0,0.0
108137,A,Mobile,Organic,New,0,1,0,0,0,0,1,0.0,0.0,0.0
108138,A,Mobile,Organic,New,0,1,0,0,0,0,0,0.0,0.0,0.0
108139,A,Mobile,Paid Search,New,0,1,0,0,0,0,0,0.0,0.0,0.0
108140,A,Tablet,Organic,New,0,1,0,0,0,0,1,0.0,0.0,0.0
108141,B,Desktop,Direct,New,0,1,0,0,0,0,1,0.0,0.0,0.0
108142,A,Mobile,Direct,New,1,1,0,0,0,0,0,0.0,0.0,0.0
108143,B,Mobile,Email,New,0,1,0,0,0,0,0,0.0,0.0,0.0
108144,A,Mobile,Social,New,1,1,0,0,0,0,0,0.0,0.0,0.0
108145,B,Desktop,Paid Search,Returning,0,1,0,0,0,0,0,0.0,0.0,0.0
108146,A,Mobile,Organic,New,0,1,0,0,0,0,1,0.0,0.0,0.0
108147,A,Mobile,Organic,Returning,0,1,0,0,0,0,0,0.0,0.0,0.0
108148,B,Desktop,Paid Search,New,0,0,0,0,0,0,1,0.0,0.0,0.0
108149,B,Mobile,Organic,New,1,1,0,0,0,0,0,0.0,0.0,0.0
108150,A,Desktop,Paid Search,New,0,0,0,0,0,0,0,0.0,0.0,0.0
108151,A,Desktop,Organic,New,0,1,0,0,0,0,1,0.0,0.0,0.0
108152,A,Mobile,Email,Returning,0,1,0,0,0,0,1,0.0,0.0,0.0
108153,A,Mobile,Direct,Returning,0,1,1,1,1,0,1,2940.812330969767,0.0,2940.812330969767
108154,B,Mobile,Organic,New,0,1,1,0,0,0,1,0.0,0.0,0.0
108155,A,Mobile,Social,New,0,1,0,0,0,0,0,0.0,0.0,0.0
108156,A,Mobile,Email,New,0,1,0,0,0,0,1,0.0,0.0,0.0
108157,A,Mobile,Paid Search,New,0,0,0,0,0,0,0,0.0,0.0,0.0
108158,B,Desktop,Social,New,0,0,0,0,0,0,1,0.0,0.0,0.0
108159,B,Desktop,Organic,Returning,0,0,0,0,0,0,0,0.0,0.0,0.0
108160,A,Tablet,Social,New,0,1,0,0,0,0,1,0.0,0.0,0.0
108161,B,Mobile,Social,New,0,1,0,0,0,0,1,0.0,0.0,0.0
108162,B,Mobile,Social,Returning,0,1,0,0,0,0,0,0.0,0.0,0.0
108163,A,Desktop,Paid Search,Returning,0,1,0,0,0,0,0,0.0,0.0,0.0
108164,B,Desktop,Paid Search,New,0,0,0,0,0,0,1,0.0,0.0,0.0
108165,B,Mobile,Organic,New,0,1,0,0,0,0,0,0.0,0.0,0.0
108166,A,Mobile,Organic,New,0,1,0,0,0,0,0,0.0,0.0,0.0
108167,B,Mobile,Email,New,0,1,0,0,0,0,1,0.0,0.0,0.0
108168,A,Desktop,Email,Returning,0,0,0,0,0,0,1,0.0,0.0,0.0
108169,A,Desktop,Direct,Returning,0,1,0,0,0,0,0,0.0,0.0,0.0
108170,B,Mobile,Email,Returning,0,1,1,0,0,0,1,0.0,0.0,0.0
108171,A,Mobile,Direct,New,0,1,1,1,0,0,0,0.0,0.0,0.0
108172,A,Mobile,Organic,Returning,0,1,1,1,1,1,0,2894.4089498774692,2780.1440366409697,5674.552986518439
108173,A,Desktop,Organic,Returning,0,1,0,0,0,0,0,0.0,0.0,0.0
108174,B,Mobile,Paid Search,New,0,1,1,1,0,0,0,0.0,0.0,0.0
108175,B,Mobile,Direct,New,0,1,1,1,1,0,1,2508.1504799527092,0.0,2508.1504799527092
108176,A,Mobile,Direct,New,0,1,1,1,1,0,0,3522.073170536678,0.0,3522.073170536678
108177,B,Mobile,Organic,New,0,1,1,1,1,0,1,2298.52560917364,0.0,2298.52560917364
108178,A,Mobile,Direct,New,1,1,0,0,0,0,1,0.0,0.0,0.0
108179,B,Mobile,Organic,New,0,1,0,0,0,0,1,0.0,0.0,0.0
108180,B,Mobile,Direct,New,0,1,0,0,0,0,1,0.0,0.0,0.0
108181,A,Mobile,Social,New,0,1,1,1,1,0,0,4012.4218852475187,0.0,4012.4218852475187
108182,A,Mobile,Social,New,0,1,0,0,0,0,0,0.0,0.0,0.0
108183,B,Desktop,Paid Search,New,0,0,0,0,0,0,0,0.0,0.0,0.0
108184,A,Mobile,Email,New,0,1,1,0,0,0,1,0.0,0.0,0.0
108185,B,Mobile,Organic,New,1,1,0,0,0,0,0,0.0,0.0,0.0
108186,B,Mobile,Social,New,1,0,0,0,0,0,1,0.0,0.0,0.0
108187,B,Desktop,Social,New,0,0,0,0,0,0,1,0.0,0.0,0.0
108188,B,Mobile,Organic,New,0,1,0,0,0,0,0,0.0,0.0,0.0
108189,B,Mobile,Social,New,1,1,0,0,0,0,0,0.0,0.0,0.0
108190,B,Desktop,Social,New,0,1,1,0,0,0,0,0.0,0.0,0.0
108191,A,Mobile,Paid Search,Returning,0,0,0,0,0,0,0,0.0,0.0,0.0
108192,B,Mobile,Email,New,0,1,0,0,0,0,0,0.0,0.0,0.0
108193,A,Mobile,Social,Returning,0,1,0,0,0,0,1,0.0,0.0,0.0
108194,B,Mobile,Social,Returning,0,1,0,0,0,0,1,0.0,0.0,0.0
108195,A,Tablet,Paid Search,Returning,0,1,0,0,0,0,1,0.0,0.0,0.0
108196,B,Mobile,Direct,Returning,0,1,0,0,0,0,0,0.0,0.0,0.0
108197,A,Mobile,Organic,New,0,0,0,0,0,0,1,0.0,0.0,0.0
108198,B,Mobile,Direct,Returning,0,1,0,0,0,0,1,0.0,0.0,0.0
108199,B,Mobile,Email,Returning,1,0,0,0,0,0,0,0.0,0.0,0.0
108200,B,Desktop,Organic,New,0,1,0,0,0,0,0,0.0,0.0,0.0
108201,A,Mobile,Organic,New,0,0,0,0,0,0,0,0.0,0.0,0.0
108202,A,Mobile,Direct,New,1,1,1,1,1,0,1,2239.9760097281846,0.0,2239.9760097281846
108203,A,Mobile,Organic,New,0,1,1,1,1,1,1,3479.9861857941223,4160.5622755781405,7640.548461372263
108204,A,Mobile,Organic,New,0,0,0,0,0,0,0,0.0,0.0,0.0
108205,B,Mobile,Email,New,0,0,0,0,0,0,0,0.0,0.0,0.0
108206,A,Mobile,Social,New,0,0,0,0,0,0,1,0.0,0.0,0.0
108207,A,Mobile,Social,New,0,0,0,0,0,0,0,0.0,0.0,0.0
108208,A,Mobile,Organic,New,0,1,0,0,0,0,0,0.0,0.0,0.0
108209,B,Desktop,Direct,New,1,1,0,0,0,0,0,0.0,0.0,0.0
108210,B,Desktop,Direct,New,0,1,0,0,0,0,0,0.0,0.0,0.0
108211,B,Desktop,Organic,New,0,0,0,0,0,0,1,0.0,0.0,0.0
108212,A,Mobile,Direct,New,0,0,0,0,0,0,0,0.0,0.0,0.0
108213,B,Desktop,Paid Search,New,0,0,0,0,0,0,0,0.0,0.0,0.0
108214,A,Mobile,Direct,New,0,0,0,0,0,0,1,0.0,0.0,0.0
108215,A,Mobile,Paid Search,New,0,1,1,1,1,0,1,2197.030749281581,0.0,2197.030749281581
108216,A,Mobile,Paid Search,Returning,1,1,1,1,1,0,0,3558.5360055528354,0.0,3558.5360055528354
108217,A,Mobile,Organic,New,1,1,0,0,0,0,0,0.0,0.0,0.0
108218,B,Mobile,Organic,New,0,1,0,0,0,0,1,0.0,0.0,0.0
108219,A,Mobile,Organic,Returning,0,1,1,0,0,0,1,0.0,0.0,0.0
108220,A,Mobile,Social,Returning,0,1,0,0,0,0,0,0.0,0.0,0.0
108221,A,Desktop,Social,New,0,0,0,0,0,0,0,0.0,0.0,0.0
108222,A,Mobile,Paid Search,New,0,1,0,0,0,0,0,0.0,0.0,0.0
108223,B,Mobile,Paid Search,New,0,1,0,0,0,0,1,0.0,0.0,0.0
108224,B,Desktop,Paid Search,New,0,0,0,0,0,0,0,0.0,0.0,0.0
108225,B,Mobile,Paid Search,New,0,1,0,0,0,0,1,0.0,0.0,0.0
108226,B,Mobile,Organic,New,0,1,0,0,0,0,0,0.0,0.0,0.0
108227,A,Mobile,Direct,New,0,1,0,0,0,0,0,0.0,0.0,0.0
108228,B,Desktop,Social,Returning,0,1,0,0,0,0,1,0.0,0.0,0.0
108229,A,Desktop,Organic,New,0,1,0,0,0,0,0,0.0,0.0,0.0
108230,B,Desktop,Organic,New,1,1,0,0,0,0,0,0.0,0.0,0.0
108231,B,Tablet,Direct,New,0,1,0,0,0,0,0,0.0,0.0,0.0
108232,A,Desktop,Organic,New,0,0,0,0,0,0,0,0.0,0.0,0.0
108233,B,Mobile,Social,Returning,0,0,0,0,0,0,0,0.0,0.0,0.0
108234,A,Desktop,Social,New,1,1,1,0,0,0,1,0.0,0.0,0.0
108235,A,Desktop,Paid Search,New,0,0,0,0,0,0,1,0.0,0.0,0.0
108236,B,Desktop,Organic,New,0,1,0,0,0,0,0,0.0,0.0,0.0
108237,B,Desktop,Direct,Returning,0,1,0,0,0,0,0,0.0,0.0,0.0
108238,A,Mobile,Organic,New,0,1,1,0,0,0,0,0.0,0.0,0.0
108239,B,Mobile,Email,New,1,0,0,0,0,0,0,0.0,0.0,0.0
108240,A,Desktop,Social,New,0,0,0,0,0,0,0,0.0,0.0,0.0
108241,A,Mobile,Paid Search,New,0,0,0,0,0,0,0,0.0,0.0,0.0
108242,B,Mobile,Direct,New,0,1,0,0,0,0,1,0.0,0.0,0.0
108243,B,Mobile,Organic,Returning,0,1,0,0,0,0,1,0.0,0.0,0.0
108244,B,Mobile,Email,Returning,1,1,0,0,0,0,1,0.0,0.0,0.0
108245,B,Mobile,Direct,New,0,1,0,0,0,0,0,0.0,0.0,0.0
108246,B,Mobile,Organic,New,0,1,0,0,0,0,1,0.0,0.0,0.0
108247,A,Desktop,Email,New,0,1,0,0,0,0,0,0.0,0.0,0.0
108248,B,Desktop,Organic,New,0,1,1,0,0,0,1,0.0,0.0,0.0
108249,A,Mobile,Organic,New,0,1,1,1,0,0,1,0.0,0.0,0.0
108250,A,Desktop,Email,New,0,1,0,0,0,0,0,0.0,0.0,0.0
108251,B,Mobile,Paid Search,New,0,1,0,0,0,0,0,0.0,0.0,0.0
108252,A,Mobile,Paid Search,New,0,1,0,0,0,0,0,0.0,0.0,0.0
108253,B,Desktop,Paid Search,New,1,1,0,0,0,0,0,0.0,0.0,0.0
108254,A,Desktop,Direct,Returning,0,1,0,0,0,0,0,0.0,0.0,0.0
108255,B,Mobile,Email,New,0,1,1,1,1,1,0,2420.0824515319837,2578.5214042078887,4998.603855739872
108256,B,Mobile,Organic,New,0,1,0,0,0,0,0,0.0,0.0,0.0
108257,A,Desktop,Organic,New,0,0,0,0,0,0,0,0.0,0.0,0.0
108258,B,Desktop,Organic,New,1,1,0,0,0,0,0,0.0,0.0,0.0
108259,A,Mobile,Paid Search,New,0,1,0,0,0,0,0,0.0,0.0,0.0
108260,A,Mobile,Direct,New,0,1,0,0,0,0,1,0.0,0.0,0.0
108261,A,Desktop,Social,New,0,1,0,0,0,0,1,0.0,0.0,0.0
108262,A,Desktop,Paid Search,New,1,1,0,0,0,0,1,0.0,0.0,0.0
108263,B,Mobile,Social,New,0,1,0,0,0,0,0,0.0,0.0,0.0
108264,B,Desktop,Paid Search,New,0,0,0,0,0,0,0,0.0,0.0,0.0
108265,A,Mobile,Paid Search,Returning,0,1,0,0,0,0,1,0.0,0.0,0.0
108266,B,Mobile,Social,New,0,1,0,0,0,0,0,0.0,0.0,0.0
108267,B,Mobile,Direct,New,0,1,0,0,0,0,1,0.0,0.0,0.0
108268,B,Mobile,Paid Search,New,0,1,0,0,0,0,1,0.0,0.0,0.0
108269,B,Desktop,Paid Search,New,0,1,0,0,0,0,1,0.0,0.0,0.0
108270,B,Mobile,Direct,New,1,1,0,0,0,0,0,0.0,0.0,0.0
108271,B,Mobile,Direct,Returning,0,1,0,0,0,0,1,0.0,0.0,0.0
108272,B,Mobile,Email,New,0,1,1,1,1,0,0,3438.7720853237033,0.0,3438.7720853237033
108273,B,Mobile,Organic,New,0,0,0,0,0,0,0,0.0,0.0,0.0
108274,B,Mobile,Email,New,0,1,0,0,0,0,0,0.0,0.0,0.0
108275,A,Desktop,Paid Search,New,0,0,0,0,0,0,0,0.0,0.0,0.0
108276,B,Mobile,Organic,New,0,1,0,0,0,0,1,0.0,0.0,0.0
108277,B,Desktop,Direct,New,0,1,0,0,0,0,0,0.0,0.0,0.0
108278,B,Mobile,Organic,New,0,1,0,0,0,0,0,0.0,0.0,0.0
108279,A,Mobile,Paid Search,New,0,1,1,1,1,0,0,4596.6413989043085,0.0,4596.6413989043085
108280,B,Mobile,Direct,New,0,1,0,0,0,0,0,0.0,0.0,0.0
108281,B,Mobile,Direct,New,0,1,0,0,0,0,0,0.0,0.0,0.0
108282,A,Desktop,Direct,Returning,0,1,0,0,0,0,1,0.0,0.0,0.0
108283,A,Mobile,Paid Search,New,0,1,0,0,0,0,0,0.0,0.0,0.0
108284,A,Desktop,Social,New,0,0,0,0,0,0,1,0.0,0.0,0.0
108285,A,Mobile,Organic,Returning,0,1,1,0,0,0,0,0.0,0.0,0.0
108286,B,Mobile,Social,Returning,0,1,0,0,0,0,1,0.0,0.0,0.0
108287,A,Mobile,Social,Returning,0,0,0,0,0,0,0,0.0,0.0,0.0
108288,A,Desktop,Email,Returning,0,1,0,0,0,0,0,0.0,0.0,0.0
108289,A,Mobile,Social,New,0,1,0,0,0,0,0,0.0,0.0,0.0
108290,A,Desktop,Organic,New,0,0,0,0,0,0,0,0.0,0.0,0.0
108291,A,Desktop,Organic,New,0,1,0,0,0,0,1,0.0,0.0,0.0
108292,A,Desktop,Paid Search,New,0,1,0,0,0,0,1,0.0,0.0,0.0
108293,B,Mobile,Email,New,0,1,0,0,0,0,0,0.0,0.0,0.0
108294,A,Tablet,Organic,New,0,1,0,0,0,0,0,0.0,0.0,0.0
108295,A,Mobile,Social,New,0,1,0,0,0,0,0,0.0,0.0,0.0
108296,A,Mobile,Social,New,0,1,0,0,0,0,1,0.0,0.0,0.0
108297,B,Mobile,Organic,New,0,0,0,0,0,0,0,0.0,0.0,0.0
108298,B,Desktop,Organic,Returning,0,1,1,0,0,0,1,0.0,0.0,0.0
108299,B,Desktop,Social,Returning,0,1,1,1,1,0,1,1440.2434954892342,0.0,1440.2434954892342
108300,A,Mobile,Direct,Returning,1,1,0,0,0,0,0,0.0,0.0,0.0
108301,B,Desktop,Email,Returning,0,1,0,0,0,0,0,0.0,0.0,0.0
108302,A,Mobile,Social,New,0,0,0,0,0,0,0,0.0,0.0,0.0
108303,A,Mobile,Social,Returning,0,1,0,0,0,0,1,0.0,0.0,0.0
108304,B,Mobile,Organic,New,0,1,0,0,0,0,1,0.0,0.0,0.0
108305,B,Mobile,Social,New,0,1,0,0,0,0,1,0.0,0.0,0.0
108306,B,Desktop,Social,New,0,0,0,0,0,0,0,0.0,0.0,0.0
108307,A,Mobile,Organic,Returning,0,1,0,0,0,0,1,0.0,0.0,0.0
108308,A,Mobile,Organic,New,0,0,0,0,0,0,1,0.0,0.0,0.0
108309,A,Mobile,Social,New,0,1,0,0,0,0,0,0.0,0.0,0.0
108310,A,Desktop,Email,New,0,1,0,0,0,0,0,0.0,0.0,0.0
108311,A,Mobile,Direct,Returning,0,1,0,0,0,0,0,0.0,0.0,0.0
108312,A,Desktop,Organic,New,0,1,0,0,0,0,0,0.0,0.0,0.0
108313,A,Mobile,Organic,Returning,0,1,1,0,0,0,0,0.0,0.0,0.0
108314,A,Mobile,Paid Search,New,1,1,0,0,0,0,1,0.0,0.0,0.0
108315,A,Mobile,Email,New,0,1,0,0,0,0,0,0.0,0.0,0.0
108316,B,Mobile,Social,New,0,1,0,0,0,0,1,0.0,0.0,0.0
108317,A,Desktop,Organic,New,0,0,0,0,0,0,0,0.0,0.0,0.0
108318,B,Desktop,Organic,New,0,0,0,0,0,0,0,0.0,0.0,0.0
108319,A,Mobile,Social,Returning,0,1,1,1,1,0,0,3434.8043773505983,0.0,3434.8043773505983
108320,A,Mobile,Paid Search,Returning,0,1,1,1,0,0,0,0.0,0.0,0.0
108321,A,Desktop,Organic,New,0,0,0,0,0,0,0,0.0,0.0,0.0
108322,B,Mobile,Paid Search,New,0,1,1,1,0,0,0,0.0,0.0,0.0
108323,B,Mobile,Organic,New,0,0,0,0,0,0,1,0.0,0.0,0.0
108324,B,Mobile,Email,New,0,1,1,1,0,0,1,0.0,0.0,0.0
108325,A,Mobile,Organic,New,0,0,0,0,0,0,0,0.0,0.0,0.0
108326,B,Tablet,Organic,New,1,1,0,0,0,0,0,0.0,0.0,0.0
108327,B,Desktop,Organic,New,0,1,0,0,0,0,1,0.0,0.0,0.0
108328,A,Mobile,Organic,Returning,0,1,0,0,0,0,0,0.0,0.0,0.0
108329,B,Mobile,Email,New,0,1,0,0,0,0,0,0.0,0.0,0.0
108330,A,Desktop,Direct,Returning,0,1,0,0,0,0,0,0.0,0.0,0.0
108331,B,Mobile,Paid Search,New,0,0,0,0,0,0,0,0.0,0.0,0.0
108332,B,Mobile,Direct,New,0,1,0,0,0,0,0,0.0,0.0,0.0
108333,B,Mobile,Organic,New,0,1,0,0,0,0,1,0.0,0.0,0.0
108334,B,Mobile,Direct,New,0,1,1,0,0,0,0,0.0,0.0,0.0
108335,B,Desktop,Social,Returning,0,1,0,0,0,0,1,0.0,0.0,0.0
108336,B,Mobile,Organic,New,0,1,0,0,0,0,0,0.0,0.0,0.0
108337,B,Desktop,Direct,New,0,1,1,1,1,0,0,1778.0356915116652,0.0,1778.0356915116652
108338,A,Mobile,Organic,New,0,0,0,0,0,0,0,0.0,0.0,0.0
108339,B,Desktop,Paid Search,Returning,0,0,0,0,0,0,0,0.0,0.0,0.0
108340,A,Desktop,Social,New,0,1,0,0,0,0,0,0.0,0.0,0.0
108341,B,Mobile,Email,New,0,1,0,0,0,0,0,0.0,0.0,0.0
108342,A,Desktop,Organic,New,0,1,0,0,0,0,0,0.0,0.0,0.0
108343,B,Tablet,Organic,Returning,0,1,1,1,1,0,1,4702.775744422078,0.0,4702.775744422078
108344,B,Mobile,Email,New,0,0,0,0,0,0,0,0.0,0.0,0.0
108345,B,Desktop,Social,New,0,0,0,0,0,0,1,0.0,0.0,0.0
108346,A,Mobile,Social,New,0,1,0,0,0,0,1,0.0,0.0,0.0
108347,A,Mobile,Social,New,0,1,0,0,0,0,0,0.0,0.0,0.0
108348,B,Mobile,Organic,New,0,1,1,0,0,0,0,0.0,0.0,0.0
108349,A,Desktop,Paid Search,Returning,0,1,0,0,0,0,0,0.0,0.0,0.0
108350,B,Mobile,Organic,New,0,1,0,0,0,0,1,0.0,0.0,0.0
108351,B,Tablet,Direct,New,1,1,0,0,0,0,0,0.0,0.0,0.0
108352,B,Desktop,Email,New,0,0,0,0,0,0,0,0.0,0.0,0.0
108353,A,Mobile,Organic,New,0,1,1,1,0,0,0,0.0,0.0,0.0
108354,B,Desktop,Social,New,0,1,1,1,1,0,0,1864.8325627777572,0.0,1864.8325627777572
108355,B,Desktop,Organic,New,0,0,0,0,0,0,1,0.0,0.0,0.0
108356,B,Tablet,Direct,New,0,1,1,1,1,0,0,3834.681577027325,0.0,3834.681577027325
108357,B,Mobile,Social,New,0,1,1,0,0,0,1,0.0,0.0,0.0
108358,A,Mobile,Paid Search,New,0,1,0,0,0,0,0,0.0,0.0,0.0
108359,A,Mobile,Paid Search,New,0,0,0,0,0,0,1,0.0,0.0,0.0
108360,B,Mobile,Organic,Returning,0,0,0,0,0,0,0,0.0,0.0,0.0
108361,B,Desktop,Paid Search,New,0,1,0,0,0,0,0,0.0,0.0,0.0
108362,B,Mobile,Direct,New,0,1,1,0,0,0,0,0.0,0.0,0.0
108363,B,Tablet,Direct,New,0,0,0,0,0,0,1,0.0,0.0,0.0
108364,B,Desktop,Social,New,0,0,0,0,0,0,0,0.0,0.0,0.0
108365,B,Tablet,Email,Returning,0,1,0,0,0,0,1,0.0,0.0,0.0
108366,B,Mobile,Paid Search,New,0,1,0,0,0,0,0,0.0,0.0,0.0
108367,A,Mobile,Organic,New,0,0,0,0,0,0,1,0.0,0.0,0.0
108368,A,Desktop,Organic,New,0,1,0,0,0,0,1,0.0,0.0,0.0
108369,A,Mobile,Email,New,0,1,1,1,1,0,0,3462.1680784475416,0.0,3462.1680784475416
108370,B,Mobile,Social,New,0,1,0,0,0,0,0,0.0,0.0,0.0
108371,B,Mobile,Paid Search,New,0,1,0,0,0,0,0,0.0,0.0,0.0
108372,A,Mobile,Social,Returning,0,1,0,0,0,0,1,0.0,0.0,0.0
108373,B,Desktop,Organic,New,0,1,0,0,0,0,0,0.0,0.0,0.0
108374,B,Desktop,Organic,New,0,1,1,1,1,1,0,2001.9925557943875,2069.2663826983835,4071.258938492771
108375,B,Desktop,Social,Returning,0,1,0,0,0,0,0,0.0,0.0,0.0
108376,B,Mobile,Social,New,0,0,0,0,0,0,0,0.0,0.0,0.0
108377,B,Desktop,Email,New,0,1,0,0,0,0,1,0.0,0.0,0.0
108378,B,Mobile,Organic,New,0,1,1,0,0,0,0,0.0,0.0,0.0
108379,B,Mobile,Social,New,0,0,0,0,0,0,0,0.0,0.0,0.0
108380,A,Mobile,Email,New,0,0,0,0,0,0,0,0.0,0.0,0.0
108381,B,Desktop,Organic,New,0,1,1,1,1,0,0,2632.7667541063565,0.0,2632.7667541063565
108382,A,Mobile,Organic,Returning,0,1,0,0,0,0,0,0.0,0.0,0.0
108383,A,Desktop,Paid Search,New,0,1,0,0,0,0,1,0.0,0.0,0.0
108384,A,Mobile,Paid Search,New,0,0,0,0,0,0,1,0.0,0.0,0.0
108385,B,Mobile,Social,New,0,1,0,0,0,0,0,0.0,0.0,0.0
108386,B,Desktop,Organic,Returning,0,0,0,0,0,0,0,0.0,0.0,0.0
108387,A,Mobile,Social,Returning,0,1,0,0,0,0,0,0.0,0.0,0.0
108388,B,Mobile,Paid Search,New,1,1,0,0,0,0,1,0.0,0.0,0.0
108389,A,Mobile,Direct,Returning,0,1,0,0,0,0,1,0.0,0.0,0.0
108390,A,Mobile,Paid Search,Returning,1,1,1,0,0,0,0,0.0,0.0,0.0
108391,A,Desktop,Direct,New,0,0,0,0,0,0,0,0.0,0.0,0.0
108392,B,Mobile,Paid Search,New,0,1,0,0,0,0,0,0.0,0.0,0.0
108393,B,Mobile,Paid Search,Returning,0,0,0,0,0,0,0,0.0,0.0,0.0
108394,B,Mobile,Social,New,0,1,0,0,0,0,1,0.0,0.0,0.0
108395,A,Mobile,Paid Search,Returning,0,1,0,0,0,0,0,0.0,0.0,0.0
108396,B,Desktop,Paid Search,New,0,0,0,0,0,0,0,0.0,0.0,0.0
108397,B,Mobile,Paid Search,New,1,1,0,0,0,0,0,0.0,0.0,0.0
108398,B,Mobile,Direct,Returning,0,1,0,0,0,0,0,0.0,0.0,0.0
108399,A,Mobile,Email,Returning,0,1,0,0,0,0,0,0.0,0.0,0.0
108400,A,Mobile,Paid Search,New,0,1,0,0,0,0,0,0.0,0.0,0.0
108401,B,Mobile,Organic,Returning,0,0,0,0,0,0,0,0.0,0.0,0.0
108402,B,Desktop,Social,New,0,1,0,0,0,0,1,0.0,0.0,0.0
108403,B,Desktop,Social,New,0,1,0,0,0,0,0,0.0,0.0,0.0
108404,A,Mobile,Direct,New,0,1,0,0,0,0,0,0.0,0.0,0.0
108405,B,Tablet,Paid Search,New,1,1,0,0,0,0,0,0.0,0.0,0.0
108406,B,Desktop,Direct,New,0,0,0,0,0,0,0,0.0,0.0,0.0
108407,B,Mobile,Paid Search,Returning,0,0,0,0,0,0,1,0.0,0.0,0.0
108408,A,Mobile,Organic,Returning,0,1,1,0,0,0,0,0.0,0.0,0.0
108409,A,Mobile,Paid Search,New,0,1,0,0,0,0,0,0.0,0.0,0.0
108410,A,Mobile,Social,New,0,1,0,0,0,0,1,0.0,0.0,0.0
108411,B,Desktop,Organic,New,1,0,0,0,0,0,1,0.0,0.0,0.0
108412,B,Mobile,Organic,Returning,0,1,0,0,0,0,0,0.0,0.0,0.0
108413,B,Mobile,Direct,Returning,0,1,1,1,1,0,1,3020.956864059217,0.0,3020.956864059217
108414,B,Desktop,Paid Search,New,0,1,0,0,0,0,1,0.0,0.0,0.0
108415,A,Mobile,Paid Search,Returning,0,0,0,0,0,0,0,0.0,0.0,0.0
108416,A,Mobile,Paid Search,Returning,0,1,0,0,0,0,0,0.0,0.0,0.0
108417,A,Mobile,Paid Search,New,0,1,1,0,0,0,1,0.0,0.0,0.0
108418,A,Desktop,Social,New,0,0,0,0,0,0,0,0.0,0.0,0.0
108419,B,Mobile,Paid Search,New,0,0,0,0,0,0,0,0.0,0.0,0.0
108420,B,Mobile,Organic,New,0,1,0,0,0,0,1,0.0,0.0,0.0
108421,B,Desktop,Paid Search,New,0,1,0,0,0,0,1,0.0,0.0,0.0
108422,A,Mobile,Social,Returning,0,1,0,0,0,0,0,0.0,0.0,0.0
108423,A,Mobile,Organic,New,0,1,0,0,0,0,0,0.0,0.0,0.0
108424,A,Mobile,Direct,Returning,1,1,0,0,0,0,1,0.0,0.0,0.0
108425,A,Mobile,Paid Search,Returning,0,1,1,1,0,0,0,0.0,0.0,0.0
108426,A,Mobile,Paid Search,New,1,1,1,1,0,0,0,0.0,0.0,0.0
108427,A,Mobile,Social,New,0,1,0,0,0,0,0,0.0,0.0,0.0
108428,B,Tablet,Organic,Returning,0,1,0,0,0,0,0,0.0,0.0,0.0
108429,B,Mobile,Direct,New,0,1,0,0,0,0,0,0.0,0.0,0.0
108430,A,Tablet,Social,New,0,1,0,0,0,0,1,0.0,0.0,0.0
108431,B,Mobile,Email,New,0,1,0,0,0,0,0,0.0,0.0,0.0
108432,B,Desktop,Paid Search,Returning,0,1,1,1,1,0,1,2916.9370497869086,0.0,2916.9370497869086
108433,A,Mobile,Paid Search,Returning,0,1,0,0,0,0,0,0.0,0.0,0.0
108434,B,Mobile,Organic,New,0,1,1,1,1,0,0,2845.508623166985,0.0,2845.508623166985
108435,B,Mobile,Organic,New,0,1,0,0,0,0,0,0.0,0.0,0.0
108436,A,Mobile,Organic,New,1,1,0,0,0,0,1,0.0,0.0,0.0
108437,B,Tablet,Paid Search,Returning,0,1,1,1,1,0,1,2138.6438541534135,0.0,2138.6438541534135
108438,A,Mobile,Social,Returning,0,1,0,0,0,0,0,0.0,0.0,0.0
108439,B,Mobile,Direct,New,0,0,0,0,0,0,1,0.0,0.0,0.0
108440,B,Mobile,Direct,New,0,1,0,0,0,0,0,0.0,0.0,0.0
108441,A,Mobile,Paid Search,New,0,1,1,1,0,0,0,0.0,0.0,0.0
108442,A,Mobile,Organic,Returning,0,1,0,0,0,0,1,0.0,0.0,0.0
108443,B,Desktop,Paid Search,New,0,0,0,0,0,0,0,0.0,0.0,0.0
108444,A,Desktop,Direct,Returning,0,1,0,0,0,0,0,0.0,0.0,0.0
108445,A,Tablet,Social,New,0,1,0,0,0,0,0,0.0,0.0,0.0
108446,B,Desktop,Social,New,0,1,0,0,0,0,0,0.0,0.0,0.0
108447,B,Desktop,Organic,Returning,0,1,0,0,0,0,1,0.0,0.0,0.0
108448,A,Mobile,Organic,Returning,0,0,0,0,0,0,1,0.0,0.0,0.0
108449,B,Mobile,Direct,Returning,0,1,0,0,0,0,0,0.0,0.0,0.0
108450,A,Mobile,Social,New,0,1,0,0,0,0,1,0.0,0.0,0.0
108451,A,Mobile,Organic,Returning,0,1,0,0,0,0,0,0.0,0.0,0.0
108452,B,Desktop,Paid Search,New,0,1,1,1,1,1,1,2879.3897804615453,3554.4418085557336,6433.831589017279
108453,B,Tablet,Social,New,0,1,0,0,0,0,1,0.0,0.0,0.0
108454,B,Mobile,Organic,New,0,1,0,0,0,0,0,0.0,0.0,0.0
108455,B,Desktop,Paid Search,Returning,0,1,0,0,0,0,1,0.0,0.0,0.0
108456,A,Desktop,Organic,Returning,0,0,0,0,0,0,0,0.0,0.0,0.0
108457,B,Desktop,Organic,New,0,1,0,0,0,0,1,0.0,0.0,0.0
108458,A,Mobile,Paid Search,New,0,1,0,0,0,0,0,0.0,0.0,0.0
108459,B,Mobile,Organic,Returning,0,1,0,0,0,0,1,0.0,0.0,0.0
108460,B,Mobile,Paid Search,New,0,0,0,0,0,0,1,0.0,0.0,0.0
108461,B,Mobile,Organic,Returning,0,0,0,0,0,0,0,0.0,0.0,0.0
108462,B,Desktop,Paid Search,Returning,0,1,0,0,0,0,0,0.0,0.0,0.0
108463,B,Tablet,Organic,New,1,1,0,0,0,0,1,0.0,0.0,0.0
108464,A,Desktop,Paid Search,Returning,0,1,0,0,0,0,1,0.0,0.0,0.0
108465,B,Mobile,Email,New,0,1,0,0,0,0,0,0.0,0.0,0.0
108466,A,Mobile,Organic,New,0,0,0,0,0,0,0,0.0,0.0,0.0
108467,A,Desktop,Paid Search,New,0,0,0,0,0,0,1,0.0,0.0,0.0
108468,A,Mobile,Paid Search,New,0,1,0,0,0,0,1,0.0,0.0,0.0
108469,A,Mobile,Paid Search,New,0,0,0,0,0,0,0,0.0,0.0,0.0
108470,B,Mobile,Organic,New,0,1,0,0,0,0,1,0.0,0.0,0.0
108471,B,Desktop,Direct,New,1,1,1,1,1,0,0,2613.0948212299704,0.0,2613.0948212299704
108472,B,Desktop,Paid Search,Returning,0,1,0,0,0,0,0,0.0,0.0,0.0
108473,B,Desktop,Organic,New,0,1,0,0,0,0,1,0.0,0.0,0.0
108474,B,Mobile,Organic,New,0,0,0,0,0,0,0,0.0,0.0,0.0
108475,B,Mobile,Social,New,0,1,1,1,0,0,0,0.0,0.0,0.0
108476,A,Mobile,Organic,New,0,1,0,0,0,0,0,0.0,0.0,0.0
108477,A,Mobile,Paid Search,New,0,1,0,0,0,0,1,0.0,0.0,0.0
108478,A,Desktop,Organic,New,0,0,0,0,0,0,0,0.0,0.0,0.0
108479,A,Mobile,Organic,New,0,1,0,0,0,0,0,0.0,0.0,0.0
108480,B,Desktop,Paid Search,New,0,1,0,0,0,0,1,0.0,0.0,0.0
108481,B,Desktop,Social,Returning,0,1,1,1,0,0,1,0.0,0.0,0.0
108482,A,Mobile,Organic,New,1,1,0,0,0,0,0,0.0,0.0,0.0
108483,B,Mobile,Social,Returning,0,1,1,1,1,0,0,3861.8502337472746,0.0,3861.8502337472746
108484,B,Mobile,Organic,Returning,0,1,0,0,0,0,0,0.0,0.0,0.0
108485,A,Mobile,Organic,New,0,1,0,0,0,0,1,0.0,0.0,0.0
108486,A,Mobile,Direct,Returning,1,1,0,0,0,0,0,0.0,0.0,0.0
108487,B,Mobile,Paid Search,Returning,0,1,0,0,0,0,1,0.0,0.0,0.0
108488,A,Mobile,Email,New,0,1,0,0,0,0,1,0.0,0.0,0.0
108489,A,Mobile,Organic,Returning,0,0,0,0,0,0,1,0.0,0.0,0.0
108490,B,Mobile,Social,New,0,1,0,0,0,0,1,0.0,0.0,0.0
108491,A,Desktop,Social,New,0,1,0,0,0,0,1,0.0,0.0,0.0
108492,A,Mobile,Social,Returning,1,0,0,0,0,0,0,0.0,0.0,0.0
108493,A,Mobile,Email,New,0,0,0,0,0,0,0,0.0,0.0,0.0
108494,A,Mobile,Organic,Returning,0,1,1,1,0,0,0,0.0,0.0,0.0
108495,A,Mobile,Social,New,0,1,1,1,0,0,0,0.0,0.0,0.0
108496,A,Mobile,Social,New,0,1,1,0,0,0,1,0.0,0.0,0.0
108497,A,Mobile,Social,New,0,1,1,1,1,0,0,3398.3997513119502,0.0,3398.3997513119502
108498,B,Mobile,Organic,New,0,1,0,0,0,0,1,0.0,0.0,0.0
108499,B,Mobile,Email,New,0,1,0,0,0,0,1,0.0,0.0,0.0
108500,A,Mobile,Social,New,0,1,0,0,0,0,0,0.0,0.0,0.0
108501,A,Desktop,Organic,New,0,1,1,1,1,1,1,2844.2613790964074,2854.744938237673,5699.00631733408
108502,B,Mobile,Social,New,0,1,0,0,0,0,0,0.0,0.0,0.0
108503,A,Mobile,Organic,Returning,0,1,1,1,1,0,0,3236.1796481781903,0.0,3236.1796481781903
108504,B,Mobile,Organic,New,0,1,1,0,0,0,0,0.0,0.0,0.0
108505,A,Mobile,Organic,Returning,0,0,0,0,0,0,0,0.0,0.0,0.0
108506,A,Mobile,Social,Returning,0,1,1,0,0,0,1,0.0,0.0,0.0
108507,A,Mobile,Paid Search,New,0,1,0,0,0,0,1,0.0,0.0,0.0
108508,A,Mobile,Social,New,0,1,0,0,0,0,0,0.0,0.0,0.0
108509,A,Mobile,Direct,New,0,1,0,0,0,0,0,0.0,0.0,0.0
108510,B,Mobile,Direct,New,0,0,0,0,0,0,0,0.0,0.0,0.0
108511,A,Mobile,Email,Returning,0,1,0,0,0,0,0,0.0,0.0,0.0
108512,B,Mobile,Organic,New,0,0,0,0,0,0,0,0.0,0.0,0.0
108513,B,Desktop,Email,New,1,0,0,0,0,0,1,0.0,0.0,0.0
108514,A,Desktop,Paid Search,New,0,1,0,0,0,0,0,0.0,0.0,0.0
108515,B,Desktop,Organic,Returning,0,1,0,0,0,0,1,0.0,0.0,0.0
108516,A,Desktop,Social,New,0,1,0,0,0,0,0,0.0,0.0,0.0
108517,B,Tablet,Email,New,0,1,1,1,1,0,0,2314.7236566104434,0.0,2314.7236566104434
108518,B,Mobile,Email,Returning,0,1,0,0,0,0,0,0.0,0.0,0.0
108519,A,Mobile,Paid Search,Returning,1,1,0,0,0,0,0,0.0,0.0,0.0
108520,A,Mobile,Social,New,0,1,1,1,1,1,0,3290.6027087399084,2973.112999337152,6263.71570807706
108521,B,Tablet,Organic,Returning,0,1,1,1,0,0,1,0.0,0.0,0.0
108522,A,Mobile,Social,New,0,1,0,0,0,0,0,0.0,0.0,0.0
108523,A,Desktop,Organic,New,0,1,0,0,0,0,0,0.0,0.0,0.0
108524,A,Tablet,Organic,Returning,0,1,0,0,0,0,1,0.0,0.0,0.0
108525,B,Desktop,Organic,New,1,1,0,0,0,0,0,0.0,0.0,0.0
108526,B,Mobile,Direct,Returning,0,1,0,0,0,0,1,0.0,0.0,0.0
108527,A,Desktop,Organic,New,0,1,0,0,0,0,0,0.0,0.0,0.0
108528,B,Mobile,Paid Search,New,0,1,0,0,0,0,0,0.0,0.0,0.0
108529,B,Mobile,Email,New,1,1,0,0,0,0,0,0.0,0.0,0.0
108530,B,Mobile,Social,Returning,0,1,0,0,0,0,1,0.0,0.0,0.0
108531,B,Mobile,Organic,New,0,1,0,0,0,0,0,0.0,0.0,0.0
108532,B,Mobile,Organic,New,0,1,0,0,0,0,1,0.0,0.0,0.0
108533,B,Mobile,Organic,New,0,1,1,1,0,0,0,0.0,0.0,0.0
108534,A,Mobile,Organic,Returning,0,1,0,0,0,0,0,0.0,0.0,0.0
108535,A,Mobile,Email,New,0,1,0,0,0,0,0,0.0,0.0,0.0
108536,A,Desktop,Social,Returning,0,1,0,0,0,0,0,0.0,0.0,0.0
108537,A,Mobile,Paid Search,New,0,0,0,0,0,0,0,0.0,0.0,0.0
108538,A,Mobile,Paid Search,New,0,1,0,0,0,0,0,0.0,0.0,0.0
108539,A,Desktop,Social,New,0,1,0,0,0,0,0,0.0,0.0,0.0
108540,A,Mobile,Direct,New,0,1,0,0,0,0,0,0.0,0.0,0.0
108541,B,Mobile,Paid Search,New,1,1,1,0,0,0,0,0.0,0.0,0.0
108542,B,Desktop,Social,New,0,0,0,0,0,0,0,0.0,0.0,0.0
108543,A,Desktop,Email,New,0,0,0,0,0,0,1,0.0,0.0,0.0
108544,A,Mobile,Paid Search,New,0,1,0,0,0,0,1,0.0,0.0,0.0
108545,B,Mobile,Paid Search,New,0,0,0,0,0,0,0,0.0,0.0,0.0
108546,B,Mobile,Social,Returning,0,1,0,0,0,0,0,0.0,0.0,0.0
108547,B,Mobile,Email,New,0,1,0,0,0,0,0,0.0,0.0,0.0
108548,A,Desktop,Paid Search,New,0,1,0,0,0,0,0,0.0,0.0,0.0
108549,A,Mobile,Email,New,0,1,0,0,0,0,1,0.0,0.0,0.0
108550,B,Desktop,Email,Returning,0,1,0,0,0,0,1,0.0,0.0,0.0
108551,B,Mobile,Organic,New,0,1,0,0,0,0,0,0.0,0.0,0.0
108552,A,Mobile,Social,New,0,1,1,0,0,0,1,0.0,0.0,0.0
108553,A,Mobile,Direct,New,0,0,0,0,0,0,0,0.0,0.0,0.0
108554,A,Mobile,Paid Search,New,0,1,1,0,0,0,0,0.0,0.0,0.0
108555,B,Tablet,Paid Search,Returning,0,1,0,0,0,0,0,0.0,0.0,0.0
108556,A,Desktop,Organic,Returning,0,0,0,0,0,0,1,0.0,0.0,0.0
108557,B,Mobile,Social,New,1,1,0,0,0,0,1,0.0,0.0,0.0
108558,A,Mobile,Organic,Returning,0,1,0,0,0,0,0,0.0,0.0,0.0
108559,B,Mobile,Direct,New,0,1,0,0,0,0,0,0.0,0.0,0.0
108560,B,Mobile,Social,Returning,0,1,0,0,0,0,0,0.0,0.0,0.0
108561,A,Mobile,Paid Search,Returning,0,1,1,1,1,1,1,2191.8834671599334,1796.333436620911,3988.2169037808444
108562,A,Mobile,Organic,New,1,1,1,1,1,0,1,1181.3851414053827,0.0,1181.3851414053827
108563,B,Mobile,Social,Returning,0,1,0,0,0,0,0,0.0,0.0,0.0
108564,A,Desktop,Paid Search,Returning,0,1,1,0,0,0,1,0.0,0.0,0.0
108565,B,Desktop,Direct,Returning,0,0,0,0,0,0,0,0.0,0.0,0.0
108566,B,Desktop,Social,New,0,0,0,0,0,0,1,0.0,0.0,0.0
108567,B,Mobile,Paid Search,New,0,1,0,0,0,0,1,0.0,0.0,0.0
108568,A,Mobile,Direct,New,0,0,0,0,0,0,1,0.0,0.0,0.0
108569,B,Mobile,Direct,New,0,0,0,0,0,0,0,0.0,0.0,0.0
108570,B,Mobile,Organic,Returning,0,0,0,0,0,0,1,0.0,0.0,0.0
108571,A,Mobile,Organic,New,0,1,0,0,0,0,0,0.0,0.0,0.0
108572,B,Tablet,Paid Search,New,0,1,1,1,1,0,1,2641.892085170027,0.0,2641.892085170027
108573,A,Mobile,Social,New,0,1,0,0,0,0,1,0.0,0.0,0.0
108574,B,Mobile,Paid Search,Returning,0,0,0,0,0,0,0,0.0,0.0,0.0
108575,A,Mobile,Paid Search,Returning,1,1,0,0,0,0,0,0.0,0.0,0.0
108576,B,Mobile,Paid Search,New,0,0,0,0,0,0,1,0.0,0.0,0.0
108577,B,Mobile,Paid Search,Returning,1,1,0,0,0,0,0,0.0,0.0,0.0
108578,A,Mobile,Email,New,0,1,0,0,0,0,0,0.0,0.0,0.0
108579,B,Desktop,Organic,Returning,0,1,0,0,0,0,1,0.0,0.0,0.0
108580,A,Mobile,Paid Search,Returning,0,0,0,0,0,0,0,0.0,0.0,0.0
108581,A,Mobile,Organic,New,0,1,0,0,0,0,0,0.0,0.0,0.0
108582,A,Mobile,Social,New,0,1,0,0,0,0,1,0.0,0.0,0.0
108583,A,Mobile,Organic,New,1,0,0,0,0,0,0,0.0,0.0,0.0
108584,A,Desktop,Direct,New,0,1,0,0,0,0,1,0.0,0.0,0.0
108585,B,Mobile,Direct,New,0,1,0,0,0,0,0,0.0,0.0,0.0
108586,B,Desktop,Paid Search,Returning,0,1,0,0,0,0,0,0.0,0.0,0.0
108587,B,Desktop,Paid Search,New,0,0,0,0,0,0,0,0.0,0.0,0.0
108588,B,Tablet,Organic,New,0,1,0,0,0,0,0,0.0,0.0,0.0
108589,A,Mobile,Organic,New,0,1,0,0,0,0,1,0.0,0.0,0.0
108590,A,Desktop,Organic,New,0,1,1,1,0,0,0,0.0,0.0,0.0
108591,A,Mobile,Direct,New,0,1,0,0,0,0,0,0.0,0.0,0.0
108592,B,Mobile,Social,New,0,1,0,0,0,0,1,0.0,0.0,0.0
108593,B,Mobile,Email,Returning,0,1,0,0,0,0,0,0.0,0.0,0.0
108594,B,Mobile,Organic,New,0,0,0,0,0,0,0,0.0,0.0,0.0
108595,B,Mobile,Social,Returning,0,1,0,0,0,0,0,0.0,0.0,0.0
108596,A,Desktop,Paid Search,New,0,0,0,0,0,0,0,0.0,0.0,0.0
108597,B,Desktop,Paid Search,New,0,0,0,0,0,0,0,0.0,0.0,0.0
108598,A,Mobile,Email,New,0,1,0,0,0,0,1,0.0,0.0,0.0
108599,A,Mobile,Organic,New,0,1,1,1,0,0,0,0.0,0.0,0.0
108600,B,Mobile,Paid Search,Returning,0,1,1,0,0,0,0,0.0,0.0,0.0
108601,A,Mobile,Email,New,0,1,0,0,0,0,1,0.0,0.0,0.0
108602,A,Desktop,Organic,New,0,1,0,0,0,0,1,0.0,0.0,0.0
108603,B,Mobile,Social,New,0,1,0,0,0,0,1,0.0,0.0,0.0
108604,B,Desktop,Direct,New,0,1,0,0,0,0,0,0.0,0.0,0.0
108605,B,Mobile,Paid Search,New,0,1,0,0,0,0,0,0.0,0.0,0.0
108606,B,Mobile,Organic,New,0,1,0,0,0,0,1,0.0,0.0,0.0
108607,A,Mobile,Direct,New,0,1,0,0,0,0,1,0.0,0.0,0.0
108608,B,Tablet,Organic,New,1,1,0,0,0,0,1,0.0,0.0,0.0
108609,A,Desktop,Social,New,0,1,0,0,0,0,1,0.0,0.0,0.0
108610,B,Mobile,Social,New,0,1,1,0,0,0,0,0.0,0.0,0.0
108611,A,Mobile,Email,Returning,0,1,0,0,0,0,0,0.0,0.0,0.0
108612,B,Desktop,Social,Returning,0,1,1,0,0,0,0,0.0,0.0,0.0
108613,B,Mobile,Paid Search,New,0,1,0,0,0,0,0,0.0,0.0,0.0
108614,A,Mobile,Organic,New,0,1,0,0,0,0,0,0.0,0.0,0.0
108615,A,Mobile,Social,Returning,1,1,0,0,0,0,0,0.0,0.0,0.0
108616,B,Mobile,Social,New,0,0,0,0,0,0,0,0.0,0.0,0.0
108617,B,Mobile,Organic,New,1,1,0,0,0,0,0,0.0,0.0,0.0
108618,B,Desktop,Organic,New,0,1,0,0,0,0,0,0.0,0.0,0.0
108619,A,Desktop,Email,New,0,1,0,0,0,0,1,0.0,0.0,0.0
108620,A,Mobile,Direct,New,0,0,0,0,0,0,0,0.0,0.0,0.0
108621,B,Tablet,Direct,New,0,0,0,0,0,0,0,0.0,0.0,0.0
108622,A,Mobile,Email,Returning,0,1,0,0,0,0,0,0.0,0.0,0.0
108623,A,Mobile,Organic,Returning,0,1,0,0,0,0,0,0.0,0.0,0.0
108624,A,Mobile,Email,New,0,1,0,0,0,0,1,0.0,0.0,0.0
108625,B,Mobile,Social,New,0,1,0,0,0,0,0,0.0,0.0,0.0
108626,B,Mobile,Paid Search,New,0,1,1,1,0,0,1,0.0,0.0,0.0
108627,A,Mobile,Organic,New,0,0,0,0,0,0,0,0.0,0.0,0.0
108628,B,Mobile,Organic,New,0,1,1,1,1,1,0,2635.7079461047974,3391.1612220176776,6026.8691681224755
108629,A,Mobile,Organic,New,0,1,0,0,0,0,0,0.0,0.0,0.0
108630,B,Mobile,Organic,New,0,1,1,0,0,0,1,0.0,0.0,0.0
108631,A,Mobile,Paid Search,New,1,1,0,0,0,0,0,0.0,0.0,0.0
108632,A,Desktop,Direct,Returning,0,1,0,0,0,0,1,0.0,0.0,0.0
108633,A,Desktop,Direct,New,0,1,0,0,0,0,1,0.0,0.0,0.0
108634,B,Mobile,Direct,New,0,1,0,0,0,0,1,0.0,0.0,0.0
108635,B,Desktop,Social,Returning,0,1,0,0,0,0,1,0.0,0.0,0.0
108636,B,Tablet,Social,New,0,1,0,0,0,0,0,0.0,0.0,0.0
108637,A,Desktop,Direct,New,1,0,0,0,0,0,1,0.0,0.0,0.0
108638,B,Mobile,Social,New,0,1,0,0,0,0,1,0.0,0.0,0.0
108639,A,Mobile,Organic,New,1,1,0,0,0,0,1,0.0,0.0,0.0
108640,B,Desktop,Social,Returning,0,1,0,0,0,0,0,0.0,0.0,0.0
108641,B,Mobile,Organic,New,0,0,0,0,0,0,1,0.0,0.0,0.0
108642,A,Mobile,Email,New,0,1,0,0,0,0,1,0.0,0.0,0.0
108643,A,Mobile,Email,New,1,0,0,0,0,0,0,0.0,0.0,0.0
108644,A,Mobile,Paid Search,New,0,0,0,0,0,0,0,0.0,0.0,0.0
108645,A,Mobile,Organic,New,1,1,0,0,0,0,1,0.0,0.0,0.0
108646,B,Mobile,Paid Search,New,0,1,0,0,0,0,1,0.0,0.0,0.0
108647,B,Mobile,Email,New,0,1,0,0,0,0,1,0.0,0.0,0.0
108648,A,Mobile,Social,New,0,1,0,0,0,0,0,0.0,0.0,0.0
108649,B,Mobile,Organic,New,0,1,0,0,0,0,1,0.0,0.0,0.0
108650,A,Mobile,Organic,New,0,0,0,0,0,0,0,0.0,0.0,0.0
108651,A,Mobile,Email,New,0,1,0,0,0,0,0,0.0,0.0,0.0
108652,B,Mobile,Paid Search,New,1,1,0,0,0,0,0,0.0,0.0,0.0
108653,B,Mobile,Organic,New,1,1,0,0,0,0,1,0.0,0.0,0.0
108654,A,Mobile,Social,New,0,1,0,0,0,0,0,0.0,0.0,0.0
108655,B,Desktop,Paid Search,New,0,1,0,0,0,0,0,0.0,0.0,0.0
108656,B,Mobile,Email,New,0,0,0,0,0,0,0,0.0,0.0,0.0
108657,B,Mobile,Paid Search,New,1,1,0,0,0,0,0,0.0,0.0,0.0
108658,B,Mobile,Direct,New,0,0,0,0,0,0,0,0.0,0.0,0.0
108659,B,Desktop,Email,Returning,0,0,0,0,0,0,0,0.0,0.0,0.0
108660,A,Desktop,Direct,New,0,1,0,0,0,0,0,0.0,0.0,0.0
108661,A,Mobile,Social,New,1,0,0,0,0,0,0,0.0,0.0,0.0
108662,B,Desktop,Direct,New,0,1,1,1,0,0,0,0.0,0.0,0.0
108663,B,Mobile,Direct,Returning,1,1,0,0,0,0,0,0.0,0.0,0.0
108664,A,Desktop,Organic,New,0,1,0,0,0,0,0,0.0,0.0,0.0
108665,B,Mobile,Direct,New,0,1,0,0,0,0,0,0.0,0.0,0.0
108666,A,Mobile,Paid Search,New,0,1,0,0,0,0,0,0.0,0.0,0.0
108667,A,Desktop,Social,New,0,1,0,0,0,0,1,0.0,0.0,0.0
108668,B,Mobile,Social,New,1,1,0,0,0,0,0,0.0,0.0,0.0
108669,B,Mobile,Paid Search,New,0,0,0,0,0,0,0,0.0,0.0,0.0
108670,A,Desktop,Paid Search,New,0,1,0,0,0,0,0,0.0,0.0,0.0
108671,B,Mobile,Paid Search,New,0,1,1,1,1,1,0,2746.658097949764,2312.348342006534,5059.006439956298
108672,B,Mobile,Paid Search,New,0,0,0,0,0,0,1,0.0,0.0,0.0
108673,B,Mobile,Social,New,1,1,0,0,0,0,0,0.0,0.0,0.0
108674,B,Mobile,Direct,New,0,1,1,1,1,0,0,3036.5202259149783,0.0,3036.5202259149783
108675,A,Desktop,Paid Search,New,0,1,0,0,0,0,0,0.0,0.0,0.0
108676,A,Mobile,Email,New,1,1,0,0,0,0,1,0.0,0.0,0.0
108677,B,Mobile,Organic,Returning,0,1,0,0,0,0,1,0.0,0.0,0.0
108678,A,Mobile,Direct,New,0,0,0,0,0,0,1,0.0,0.0,0.0
108679,A,Mobile,Organic,New,0,1,0,0,0,0,0,0.0,0.0,0.0
108680,B,Mobile,Email,New,0,1,0,0,0,0,1,0.0,0.0,0.0
108681,B,Mobile,Paid Search,Returning,1,1,1,0,0,0,0,0.0,0.0,0.0
108682,A,Mobile,Organic,New,0,1,0,0,0,0,1,0.0,0.0,0.0
108683,B,Mobile,Email,New,0,1,0,0,0,0,0,0.0,0.0,0.0
108684,B,Desktop,Direct,Returning,0,1,0,0,0,0,0,0.0,0.0,0.0
108685,B,Desktop,Email,New,1,0,0,0,0,0,1,0.0,0.0,0.0
108686,B,Desktop,Organic,New,0,0,0,0,0,0,0,0.0,0.0,0.0
108687,A,Desktop,Email,Returning,0,1,0,0,0,0,0,0.0,0.0,0.0
108688,B,Mobile,Direct,New,0,1,0,0,0,0,1,0.0,0.0,0.0
108689,B,Desktop,Social,Returning,0,1,0,0,0,0,0,0.0,0.0,0.0
108690,B,Mobile,Email,Returning,0,1,0,0,0,0,0,0.0,0.0,0.0
108691,B,Mobile,Social,New,0,1,1,1,0,0,0,0.0,0.0,0.0
108692,A,Mobile,Organic,Returning,0,1,0,0,0,0,0,0.0,0.0,0.0
108693,A,Desktop,Organic,New,0,1,0,0,0,0,0,0.0,0.0,0.0
108694,B,Desktop,Paid Search,Returning,1,1,0,0,0,0,0,0.0,0.0,0.0
108695,A,Mobile,Paid Search,New,0,1,0,0,0,0,1,0.0,0.0,0.0
108696,A,Mobile,Direct,New,0,0,0,0,0,0,0,0.0,0.0,0.0
108697,A,Mobile,Organic,New,0,1,0,0,0,0,0,0.0,0.0,0.0
108698,B,Desktop,Direct,New,0,1,0,0,0,0,0,0.0,0.0,0.0
108699,B,Mobile,Social,New,0,1,0,0,0,0,0,0.0,0.0,0.0
108700,A,Mobile,Direct,New,0,0,0,0,0,0,1,0.0,0.0,0.0
108701,B,Desktop,Organic,New,0,1,0,0,0,0,1,0.0,0.0,0.0
108702,A,Mobile,Paid Search,Returning,1,1,0,0,0,0,0,0.0,0.0,0.0
108703,B,Desktop,Organic,New,0,1,0,0,0,0,0,0.0,0.0,0.0
108704,B,Mobile,Direct,Returning,1,1,1,0,0,0,0,0.0,0.0,0.0
108705,B,Mobile,Direct,Returning,0,0,0,0,0,0,0,0.0,0.0,0.0
108706,B,Mobile,Social,New,0,1,0,0,0,0,1,0.0,0.0,0.0
108707,A,Mobile,Social,Returning,0,1,0,0,0,0,0,0.0,0.0,0.0
108708,A,Mobile,Organic,New,0,1,0,0,0,0,0,0.0,0.0,0.0
108709,B,Tablet,Social,New,0,1,0,0,0,0,1,0.0,0.0,0.0
108710,B,Mobile,Social,Returning,0,1,0,0,0,0,0,0.0,0.0,0.0
108711,A,Mobile,Direct,New,0,1,0,0,0,0,0,0.0,0.0,0.0
108712,B,Desktop,Organic,New,0,1,0,0,0,0,0,0.0,0.0,0.0
108713,B,Mobile,Social,New,1,0,0,0,0,0,0,0.0,0.0,0.0
108714,A,Desktop,Organic,Returning,0,1,1,0,0,0,0,0.0,0.0,0.0
108715,A,Desktop,Direct,New,0,1,0,0,0,0,0,0.0,0.0,0.0
108716,B,Mobile,Direct,New,0,0,0,0,0,0,1,0.0,0.0,0.0
108717,A,Mobile,Paid Search,Returning,0,1,0,0,0,0,0,0.0,0.0,0.0
108718,B,Desktop,Paid Search,New,0,1,0,0,0,0,0,0.0,0.0,0.0
108719,A,Mobile,Paid Search,New,0,1,0,0,0,0,0,0.0,0.0,0.0
108720,A,Desktop,Organic,Returning,0,1,1,1,1,0,0,3044.964575564736,0.0,3044.964575564736
108721,B,Mobile,Organic,Returning,0,0,0,0,0,0,0,0.0,0.0,0.0
108722,A,Mobile,Social,Returning,0,1,0,0,0,0,0,0.0,0.0,0.0
108723,A,Desktop,Paid Search,Returning,0,0,0,0,0,0,1,0.0,0.0,0.0
108724,B,Mobile,Social,New,0,1,1,0,0,0,1,0.0,0.0,0.0
108725,B,Desktop,Email,New,0,1,0,0,0,0,1,0.0,0.0,0.0
108726,A,Tablet,Organic,New,0,1,0,0,0,0,0,0.0,0.0,0.0
108727,B,Tablet,Email,Returning,0,1,0,0,0,0,0,0.0,0.0,0.0
108728,B,Mobile,Email,New,0,1,0,0,0,0,0,0.0,0.0,0.0
108729,B,Mobile,Organic,New,0,1,0,0,0,0,0,0.0,0.0,0.0
108730,A,Mobile,Organic,New,0,1,0,0,0,0,0,0.0,0.0,0.0
108731,B,Mobile,Direct,New,0,0,0,0,0,0,0,0.0,0.0,0.0
108732,B,Desktop,Email,New,0,1,0,0,0,0,1,0.0,0.0,0.0
108733,B,Mobile,Organic,New,0,1,1,1,1,1,0,2238.9374704286674,2461.0681748187603,4700.005645247427
108734,B,Mobile,Organic,Returning,0,1,0,0,0,0,0,0.0,0.0,0.0
108735,B,Mobile,Paid Search,New,0,1,0,0,0,0,0,0.0,0.0,0.0
108736,B,Mobile,Direct,New,0,1,0,0,0,0,0,0.0,0.0,0.0
108737,B,Mobile,Organic,New,0,1,0,0,0,0,1,0.0,0.0,0.0
108738,A,Mobile,Direct,Returning,0,1,1,1,1,0,1,2412.9162387186334,0.0,2412.9162387186334
108739,B,Mobile,Organic,Returning,0,1,1,0,0,0,0,0.0,0.0,0.0
108740,B,Tablet,Paid Search,New,0,1,0,0,0,0,1,0.0,0.0,0.0
108741,B,Mobile,Organic,New,1,1,0,0,0,0,1,0.0,0.0,0.0
108742,A,Mobile,Organic,New,0,1,0,0,0,0,0,0.0,0.0,0.0
108743,A,Mobile,Organic,New,0,1,0,0,0,0,0,0.0,0.0,0.0
108744,A,Mobile,Direct,New,0,1,0,0,0,0,0,0.0,0.0,0.0
108745,A,Mobile,Direct,New,0,0,0,0,0,0,1,0.0,0.0,0.0
108746,A,Mobile,Organic,Returning,1,1,0,0,0,0,0,0.0,0.0,0.0
108747,B,Mobile,Direct,New,0,1,0,0,0,0,0,0.0,0.0,0.0
108748,A,Mobile,Organic,New,0,1,0,0,0,0,0,0.0,0.0,0.0
108749,A,Desktop,Paid Search,New,0,1,0,0,0,0,0,0.0,0.0,0.0
108750,A,Desktop,Paid Search,New,0,1,1,0,0,0,1,0.0,0.0,0.0
108751,B,Mobile,Organic,Returning,0,1,0,0,0,0,0,0.0,0.0,0.0
108752,A,Mobile,Social,Returning,0,1,1,0,0,0,1,0.0,0.0,0.0
108753,B,Mobile,Paid Search,New,0,1,0,0,0,0,0,0.0,0.0,0.0
108754,A,Tablet,Direct,New,0,1,0,0,0,0,0,0.0,0.0,0.0
108755,B,Mobile,Organic,New,0,1,0,0,0,0,1,0.0,0.0,0.0
108756,A,Mobile,Direct,Returning,0,1,0,0,0,0,1,0.0,0.0,0.0
108757,B,Mobile,Paid Search,New,0,0,0,0,0,0,1,0.0,0.0,0.0
108758,A,Desktop,Direct,New,0,0,0,0,0,0,1,0.0,0.0,0.0
108759,A,Mobile,Paid Search,Returning,0,1,1,0,0,0,0,0.0,0.0,0.0
108760,B,Mobile,Paid Search,Returning,0,1,0,0,0,0,1,0.0,0.0,0.0
108761,A,Mobile,Organic,New,0,1,0,0,0,0,0,0.0,0.0,0.0
108762,B,Mobile,Social,New,0,0,0,0,0,0,0,0.0,0.0,0.0
108763,A,Desktop,Organic,New,1,1,0,0,0,0,0,0.0,0.0,0.0
108764,B,Mobile,Email,Returning,0,1,0,0,0,0,0,0.0,0.0,0.0
108765,A,Mobile,Social,New,0,1,1,1,1,0,0,3228.416712925986,0.0,3228.416712925986
108766,B,Mobile,Email,New,0,1,0,0,0,0,1,0.0,0.0,0.0
108767,A,Tablet,Paid Search,Returning,0,1,0,0,0,0,0,0.0,0.0,0.0
108768,B,Desktop,Social,New,0,1,0,0,0,0,0,0.0,0.0,0.0
108769,A,Mobile,Paid Search,New,0,0,0,0,0,0,0,0.0,0.0,0.0
108770,A,Mobile,Social,New,0,1,0,0,0,0,0,0.0,0.0,0.0
108771,B,Mobile,Paid Search,Returning,1,0,0,0,0,0,0,0.0,0.0,0.0
108772,B,Mobile,Social,New,0,1,0,0,0,0,1,0.0,0.0,0.0
108773,B,Desktop,Social,New,0,1,0,0,0,0,0,0.0,0.0,0.0
108774,A,Mobile,Organic,Returning,0,1,0,0,0,0,0,0.0,0.0,0.0
108775,B,Desktop,Direct,New,0,1,1,1,1,0,0,3345.548960694625,0.0,3345.548960694625
108776,A,Mobile,Paid Search,New,0,1,0,0,0,0,0,0.0,0.0,0.0
108777,B,Desktop,Social,New,0,1,0,0,0,0,0,0.0,0.0,0.0
108778,A,Mobile,Paid Search,New,0,1,1,1,1,0,0,3296.7933404485157,0.0,3296.7933404485157
108779,A,Mobile,Direct,Returning,0,1,1,1,1,1,0,2976.0376467903816,3327.512232948372,6303.549879738754
108780,B,Mobile,Social,New,0,0,0,0,0,0,0,0.0,0.0,0.0
108781,A,Mobile,Paid Search,Returning,0,1,0,0,0,0,0,0.0,0.0,0.0
108782,A,Mobile,Social,New,0,1,0,0,0,0,0,0.0,0.0,0.0
108783,A,Mobile,Direct,New,0,1,0,0,0,0,0,0.0,0.0,0.0
108784,B,Desktop,Social,New,1,1,0,0,0,0,0,0.0,0.0,0.0
108785,A,Mobile,Paid Search,New,0,0,0,0,0,0,1,0.0,0.0,0.0
108786,B,Desktop,Paid Search,Returning,0,1,0,0,0,0,0,0.0,0.0,0.0
108787,B,Mobile,Organic,New,0,0,0,0,0,0,0,0.0,0.0,0.0
108788,A,Tablet,Paid Search,New,0,0,0,0,0,0,0,0.0,0.0,0.0
108789,B,Mobile,Direct,New,0,1,0,0,0,0,1,0.0,0.0,0.0
108790,A,Desktop,Social,New,0,1,0,0,0,0,0,0.0,0.0,0.0
108791,B,Mobile,Social,New,0,1,0,0,0,0,0,0.0,0.0,0.0
108792,B,Mobile,Social,New,1,1,1,0,0,0,1,0.0,0.0,0.0
108793,A,Mobile,Email,Returning,0,1,0,0,0,0,0,0.0,0.0,0.0
108794,A,Mobile,Direct,New,0,1,1,0,0,0,1,0.0,0.0,0.0
108795,B,Mobile,Direct,New,0,1,0,0,0,0,1,0.0,0.0,0.0
108796,B,Tablet,Organic,New,0,1,0,0,0,0,0,0.0,0.0,0.0
108797,A,Desktop,Social,New,0,1,0,0,0,0,0,0.0,0.0,0.0
108798,A,Desktop,Paid Search,Returning,0,1,1,1,0,0,0,0.0,0.0,0.0
108799,A,Desktop,Social,New,0,1,0,0,0,0,1,0.0,0.0,0.0
108800,A,Mobile,Social,Returning,0,1,0,0,0,0,1,0.0,0.0,0.0
108801,B,Mobile,Direct,Returning,0,0,0,0,0,0,0,0.0,0.0,0.0
108802,B,Mobile,Social,New,0,1,0,0,0,0,1,0.0,0.0,0.0
108803,A,Mobile,Organic,Returning,0,1,0,0,0,0,1,0.0,0.0,0.0
108804,B,Mobile,Email,New,0,1,0,0,0,0,0,0.0,0.0,0.0
108805,B,Mobile,Paid Search,Returning,0,1,0,0,0,0,1,0.0,0.0,0.0
108806,B,Mobile,Organic,New,1,1,0,0,0,0,0,0.0,0.0,0.0
108807,A,Mobile,Paid Search,Returning,0,1,0,0,0,0,0,0.0,0.0,0.0
108808,B,Mobile,Email,Returning,0,1,0,0,0,0,0,0.0,0.0,0.0
108809,B,Mobile,Paid Search,New,0,1,1,1,1,0,0,2920.3066590366107,0.0,2920.3066590366107
108810,A,Mobile,Organic,New,0,1,0,0,0,0,0,0.0,0.0,0.0
108811,B,Desktop,Direct,Returning,0,1,0,0,0,0,1,0.0,0.0,0.0
108812,A,Desktop,Email,New,0,1,1,0,0,0,0,0.0,0.0,0.0
108813,B,Desktop,Organic,New,0,1,1,0,0,0,0,0.0,0.0,0.0
108814,A,Mobile,Social,New,0,1,0,0,0,0,0,0.0,0.0,0.0
108815,A,Mobile,Direct,New,0,1,0,0,0,0,0,0.0,0.0,0.0
108816,A,Desktop,Organic,New,0,1,0,0,0,0,0,0.0,0.0,0.0
108817,A,Tablet,Direct,Returning,0,0,0,0,0,0,1,0.0,0.0,0.0
108818,B,Mobile,Organic,Returning,0,0,0,0,0,0,0,0.0,0.0,0.0
108819,A,Mobile,Organic,New,0,1,0,0,0,0,1,0.0,0.0,0.0
108820,A,Mobile,Paid Search,New,0,1,0,0,0,0,1,0.0,0.0,0.0
108821,A,Mobile,Organic,New,0,1,0,0,0,0,1,0.0,0.0,0.0
108822,B,Mobile,Paid Search,Returning,0,0,0,0,0,0,0,0.0,0.0,0.0
108823,B,Mobile,Paid Search,New,0,0,0,0,0,0,0,0.0,0.0,0.0
108824,B,Desktop,Organic,New,0,1,0,0,0,0,0,0.0,0.0,0.0
108825,A,Mobile,Paid Search,New,0,1,1,1,1,0,1,2528.9469526843877,0.0,2528.9469526843877
108826,A,Mobile,Paid Search,Returning,0,1,0,0,0,0,0,0.0,0.0,0.0
108827,B,Mobile,Email,Returning,0,1,0,0,0,0,1,0.0,0.0,0.0
108828,B,Mobile,Direct,Returning,0,1,0,0,0,0,1,0.0,0.0,0.0
108829,B,Mobile,Direct,Returning,0,1,0,0,0,0,0,0.0,0.0,0.0
108830,A,Mobile,Organic,New,0,1,0,0,0,0,1,0.0,0.0,0.0
108831,B,Mobile,Direct,New,0,1,0,0,0,0,0,0.0,0.0,0.0
108832,B,Mobile,Email,Returning,0,1,0,0,0,0,0,0.0,0.0,0.0
108833,B,Desktop,Email,New,1,1,1,1,1,0,0,2456.084286920389,0.0,2456.084286920389
108834,B,Mobile,Organic,New,0,1,0,0,0,0,0,0.0,0.0,0.0
108835,B,Mobile,Social,Returning,0,1,0,0,0,0,0,0.0,0.0,0.0
108836,B,Desktop,Social,New,0,1,0,0,0,0,1,0.0,0.0,0.0
108837,B,Mobile,Paid Search,New,0,0,0,0,0,0,0,0.0,0.0,0.0
108838,A,Mobile,Email,New,0,1,0,0,0,0,0,0.0,0.0,0.0
108839,B,Mobile,Organic,New,0,1,1,1,0,0,1,0.0,0.0,0.0
108840,B,Mobile,Paid Search,New,0,1,0,0,0,0,0,0.0,0.0,0.0
108841,A,Desktop,Paid Search,Returning,0,1,0,0,0,0,0,0.0,0.0,0.0
108842,A,Mobile,Social,New,0,0,0,0,0,0,0,0.0,0.0,0.0
108843,A,Mobile,Organic,New,0,1,0,0,0,0,0,0.0,0.0,0.0
108844,A,Tablet,Paid Search,Returning,0,1,0,0,0,0,1,0.0,0.0,0.0
108845,A,Mobile,Organic,New,0,1,0,0,0,0,0,0.0,0.0,0.0
108846,A,Desktop,Organic,Returning,1,0,0,0,0,0,0,0.0,0.0,0.0
108847,A,Mobile,Email,Returning,1,0,0,0,0,0,1,0.0,0.0,0.0
108848,A,Mobile,Paid Search,New,0,1,0,0,0,0,0,0.0,0.0,0.0
108849,A,Mobile,Organic,New,0,1,0,0,0,0,0,0.0,0.0,0.0
108850,A,Mobile,Email,New,1,1,0,0,0,0,0,0.0,0.0,0.0
108851,A,Mobile,Organic,New,0,1,0,0,0,0,0,0.0,0.0,0.0
108852,A,Mobile,Paid Search,New,0,1,0,0,0,0,0,0.0,0.0,0.0
108853,A,Mobile,Email,New,0,1,0,0,0,0,1,0.0,0.0,0.0
108854,B,Mobile,Direct,Returning,1,1,0,0,0,0,0,0.0,0.0,0.0
108855,A,Desktop,Social,Returning,0,0,0,0,0,0,0,0.0,0.0,0.0
108856,A,Tablet,Social,New,0,1,0,0,0,0,1,0.0,0.0,0.0
108857,A,Mobile,Organic,New,0,1,0,0,0,0,0,0.0,0.0,0.0
108858,B,Mobile,Social,New,0,0,0,0,0,0,0,0.0,0.0,0.0
108859,A,Mobile,Direct,Returning,0,1,1,1,1,0,0,2685.0040573307288,0.0,2685.0040573307288
108860,B,Mobile,Organic,Returning,0,1,0,0,0,0,0,0.0,0.0,0.0
108861,B,Mobile,Paid Search,Returning,0,1,0,0,0,0,1,0.0,0.0,0.0
108862,A,Mobile,Organic,New,0,1,0,0,0,0,0,0.0,0.0,0.0
108863,A,Mobile,Organic,New,0,1,1,1,1,0,0,2250.6850323734393,0.0,2250.6850323734393
108864,B,Mobile,Paid Search,New,0,1,0,0,0,0,0,0.0,0.0,0.0
108865,B,Mobile,Social,New,0,1,0,0,0,0,0,0.0,0.0,0.0
108866,A,Mobile,Paid Search,Returning,0,1,0,0,0,0,0,0.0,0.0,0.0
108867,B,Desktop,Social,New,0,0,0,0,0,0,0,0.0,0.0,0.0
108868,B,Desktop,Social,Returning,0,1,1,0,0,0,1,0.0,0.0,0.0
108869,A,Mobile,Organic,New,1,1,0,0,0,0,0,0.0,0.0,0.0
108870,B,Mobile,Organic,New,0,1,1,0,0,0,1,0.0,0.0,0.0
108871,B,Mobile,Organic,New,1,1,0,0,0,0,1,0.0,0.0,0.0
108872,B,Mobile,Social,New,1,1,0,0,0,0,0,0.0,0.0,0.0
108873,B,Mobile,Direct,New,0,1,0,0,0,0,0,0.0,0.0,0.0
108874,A,Mobile,Social,Returning,0,1,0,0,0,0,1,0.0,0.0,0.0
108875,B,Desktop,Email,New,0,1,0,0,0,0,0,0.0,0.0,0.0
108876,A,Mobile,Paid Search,New,0,1,0,0,0,0,0,0.0,0.0,0.0
108877,A,Mobile,Paid Search,New,0,0,0,0,0,0,0,0.0,0.0,0.0
108878,B,Desktop,Email,New,0,1,1,1,1,0,1,2550.3928149135063,0.0,2550.3928149135063
108879,B,Mobile,Organic,New,0,0,0,0,0,0,1,0.0,0.0,0.0
108880,B,Desktop,Organic,Returning,0,1,0,0,0,0,0,0.0,0.0,0.0
108881,B,Desktop,Organic,New,0,1,0,0,0,0,0,0.0,0.0,0.0
108882,B,Mobile,Social,Returning,0,1,1,1,1,0,0,3381.449278687346,0.0,3381.449278687346
108883,B,Mobile,Organic,New,1,0,0,0,0,0,1,0.0,0.0,0.0
108884,B,Tablet,Organic,New,0,1,0,0,0,0,0,0.0,0.0,0.0
108885,A,Desktop,Direct,New,0,0,0,0,0,0,1,0.0,0.0,0.0
108886,B,Desktop,Organic,New,1,1,1,1,1,0,0,2480.439677136658,0.0,2480.439677136658
108887,A,Mobile,Social,New,0,1,0,0,0,0,0,0.0,0.0,0.0
108888,A,Mobile,Email,New,0,0,0,0,0,0,1,0.0,0.0,0.0
108889,A,Mobile,Social,New,0,0,0,0,0,0,1,0.0,0.0,0.0
108890,B,Desktop,Direct,New,0,1,0,0,0,0,0,0.0,0.0,0.0
108891,A,Mobile,Direct,New,0,1,0,0,0,0,1,0.0,0.0,0.0
108892,B,Mobile,Direct,Returning,0,0,0,0,0,0,0,0.0,0.0,0.0
108893,A,Mobile,Direct,Returning,0,1,0,0,0,0,0,0.0,0.0,0.0
108894,A,Mobile,Social,Returning,0,0,0,0,0,0,0,0.0,0.0,0.0
108895,A,Mobile,Organic,New,0,0,0,0,0,0,1,0.0,0.0,0.0
108896,B,Desktop,Organic,Returning,0,1,0,0,0,0,0,0.0,0.0,0.0
108897,A,Mobile,Email,New,0,1,0,0,0,0,0,0.0,0.0,0.0
108898,B,Mobile,Social,New,0,1,0,0,0,0,0,0.0,0.0,0.0
108899,B,Desktop,Organic,Returning,0,0,0,0,0,0,0,0.0,0.0,0.0
108900,A,Mobile,Direct,New,0,0,0,0,0,0,1,0.0,0.0,0.0
108901,A,Mobile,Social,Returning,0,1,0,0,0,0,0,0.0,0.0,0.0
108902,A,Mobile,Organic,Returning,1,0,0,0,0,0,0,0.0,0.0,0.0
108903,A,Mobile,Email,New,1,1,0,0,0,0,0,0.0,0.0,0.0
108904,B,Mobile,Organic,Returning,0,0,0,0,0,0,0,0.0,0.0,0.0
108905,B,Mobile,Paid Search,Returning,0,1,0,0,0,0,1,0.0,0.0,0.0
108906,B,Mobile,Paid Search,New,0,1,0,0,0,0,1,0.0,0.0,0.0
108907,A,Desktop,Paid Search,New,0,1,0,0,0,0,0,0.0,0.0,0.0
108908,A,Mobile,Direct,New,0,1,0,0,0,0,0,0.0,0.0,0.0
108909,A,Mobile,Organic,New,0,1,1,1,1,0,0,3016.365616537677,0.0,3016.365616537677
108910,A,Mobile,Social,Returning,0,0,0,0,0,0,1,0.0,0.0,0.0
108911,B,Mobile,Organic,Returning,0,1,0,0,0,0,0,0.0,0.0,0.0
108912,B,Desktop,Organic,Returning,0,1,0,0,0,0,0,0.0,0.0,0.0
108913,B,Mobile,Direct,Returning,0,1,0,0,0,0,1,0.0,0.0,0.0
108914,A,Mobile,Social,New,0,0,0,0,0,0,0,0.0,0.0,0.0
108915,A,Mobile,Paid Search,New,0,1,0,0,0,0,0,0.0,0.0,0.0
108916,B,Mobile,Email,Returning,0,1,0,0,0,0,0,0.0,0.0,0.0
108917,B,Mobile,Direct,Returning,0,1,0,0,0,0,0,0.0,0.0,0.0
108918,A,Mobile,Social,New,0,1,0,0,0,0,0,0.0,0.0,0.0
108919,A,Desktop,Organic,New,0,1,0,0,0,0,1,0.0,0.0,0.0
108920,B,Desktop,Paid Search,New,0,1,0,0,0,0,0,0.0,0.0,0.0
108921,B,Mobile,Social,New,1,1,1,1,1,0,0,1604.253779253802,0.0,1604.253779253802
108922,B,Mobile,Social,New,0,1,0,0,0,0,1,0.0,0.0,0.0
108923,B,Mobile,Direct,Returning,0,1,1,0,0,0,1,0.0,0.0,0.0
108924,A,Mobile,Organic,New,1,1,0,0,0,0,0,0.0,0.0,0.0
108925,A,Mobile,Social,Returning,0,1,0,0,0,0,0,0.0,0.0,0.0
108926,A,Mobile,Social,Returning,0,1,0,0,0,0,1,0.0,0.0,0.0
108927,A,Mobile,Organic,Returning,0,1,0,0,0,0,1,0.0,0.0,0.0
108928,B,Desktop,Organic,Returning,1,1,0,0,0,0,0,0.0,0.0,0.0
108929,B,Mobile,Email,New,0,1,0,0,0,0,0,0.0,0.0,0.0
108930,A,Mobile,Organic,New,0,1,0,0,0,0,1,0.0,0.0,0.0
108931,A,Desktop,Social,New,0,1,0,0,0,0,1,0.0,0.0,0.0
108932,A,Mobile,Paid Search,Returning,0,1,0,0,0,0,0,0.0,0.0,0.0
108933,A,Desktop,Direct,New,0,1,0,0,0,0,0,0.0,0.0,0.0
108934,A,Desktop,Social,Returning,0,1,0,0,0,0,0,0.0,0.0,0.0
108935,B,Mobile,Email,New,0,1,0,0,0,0,1,0.0,0.0,0.0
108936,B,Mobile,Organic,Returning,0,1,0,0,0,0,0,0.0,0.0,0.0
108937,A,Mobile,Organic,Returning,0,0,0,0,0,0,0,0.0,0.0,0.0
108938,B,Desktop,Email,New,0,1,0,0,0,0,1,0.0,0.0,0.0
108939,B,Mobile,Direct,New,0,1,0,0,0,0,1,0.0,0.0,0.0
108940,A,Mobile,Paid Search,New,0,1,0,0,0,0,1,0.0,0.0,0.0
108941,B,Mobile,Email,Returning,0,0,0,0,0,0,1,0.0,0.0,0.0
108942,A,Mobile,Organic,Returning,1,1,0,0,0,0,1,0.0,0.0,0.0
108943,B,Mobile,Paid Search,New,0,1,0,0,0,0,0,0.0,0.0,0.0
108944,B,Mobile,Organic,Returning,0,0,0,0,0,0,1,0.0,0.0,0.0
108945,B,Mobile,Organic,Returning,0,1,0,0,0,0,0,0.0,0.0,0.0
108946,A,Mobile,Social,New,0,1,1,1,1,1,0,3794.1041087345166,3268.625626489682,7062.7297352241985
108947,A,Desktop,Social,Returning,0,1,1,1,1,0,0,2030.1678363016435,0.0,2030.1678363016435
108948,B,Mobile,Direct,New,1,1,0,0,0,0,1,0.0,0.0,0.0
108949,B,Desktop,Paid Search,New,0,0,0,0,0,0,0,0.0,0.0,0.0
108950,B,Desktop,Social,New,0,1,0,0,0,0,0,0.0,0.0,0.0
108951,B,Mobile,Direct,New,0,1,1,1,1,0,1,3240.826705032653,0.0,3240.826705032653
108952,A,Desktop,Organic,New,0,1,0,0,0,0,1,0.0,0.0,0.0
108953,A,Mobile,Email,New,0,0,0,0,0,0,0,0.0,0.0,0.0
108954,B,Mobile,Social,New,0,1,1,1,1,0,0,2555.016462292644,0.0,2555.016462292644
108955,B,Mobile,Direct,New,0,1,1,1,0,0,1,0.0,0.0,0.0
108956,A,Mobile,Email,New,0,0,0,0,0,0,1,0.0,0.0,0.0
108957,A,Mobile,Social,New,0,1,1,0,0,0,0,0.0,0.0,0.0
108958,B,Desktop,Email,New,1,1,0,0,0,0,0,0.0,0.0,0.0
108959,B,Mobile,Paid Search,New,1,1,0,0,0,0,0,0.0,0.0,0.0
108960,A,Mobile,Organic,New,0,1,0,0,0,0,1,0.0,0.0,0.0
108961,A,Desktop,Organic,New,0,1,0,0,0,0,1,0.0,0.0,0.0
108962,B,Mobile,Paid Search,New,0,0,0,0,0,0,0,0.0,0.0,0.0
108963,A,Mobile,Paid Search,Returning,0,1,0,0,0,0,1,0.0,0.0,0.0
108964,B,Mobile,Direct,Returning,0,1,0,0,0,0,1,0.0,0.0,0.0
108965,A,Mobile,Direct,New,0,0,0,0,0,0,1,0.0,0.0,0.0
108966,B,Mobile,Paid Search,New,1,1,0,0,0,0,0,0.0,0.0,0.0
108967,A,Desktop,Organic,New,0,1,0,0,0,0,0,0.0,0.0,0.0
108968,B,Mobile,Social,New,0,1,0,0,0,0,0,0.0,0.0,0.0
108969,B,Desktop,Social,Returning,0,0,0,0,0,0,1,0.0,0.0,0.0
108970,B,Mobile,Social,Returning,0,1,0,0,0,0,0,0.0,0.0,0.0
108971,B,Mobile,Organic,Returning,0,0,0,0,0,0,0,0.0,0.0,0.0
108972,A,Desktop,Social,New,0,1,0,0,0,0,0,0.0,0.0,0.0
108973,B,Desktop,Direct,New,0,0,0,0,0,0,1,0.0,0.0,0.0
108974,B,Mobile,Paid Search,New,0,1,0,0,0,0,1,0.0,0.0,0.0
108975,A,Mobile,Social,New,0,1,0,0,0,0,0,0.0,0.0,0.0
108976,B,Mobile,Organic,New,0,1,0,0,0,0,1,0.0,0.0,0.0
108977,A,Mobile,Paid Search,Returning,0,1,1,1,1,0,1,2839.2414879860594,0.0,2839.2414879860594
108978,A,Mobile,Paid Search,New,0,1,0,0,0,0,0,0.0,0.0,0.0
108979,B,Desktop,Organic,New,0,1,0,0,0,0,0,0.0,0.0,0.0
108980,B,Tablet,Direct,Returning,0,1,0,0,0,0,0,0.0,0.0,0.0
108981,B,Mobile,Organic,Returning,0,1,0,0,0,0,1,0.0,0.0,0.0
108982,A,Mobile,Social,New,0,1,0,0,0,0,0,0.0,0.0,0.0
108983,A,Tablet,Social,New,0,1,1,1,1,1,1,3093.9153158129125,3365.532883566767,6459.44819937968
108984,A,Mobile,Social,New,0,1,0,0,0,0,0,0.0,0.0,0.0
108985,B,Desktop,Organic,New,0,1,0,0,0,0,1,0.0,0.0,0.0
108986,B,Mobile,Social,New,0,1,0,0,0,0,1,0.0,0.0,0.0
108987,A,Desktop,Social,New,1,1,1,0,0,0,0,0.0,0.0,0.0
108988,A,Desktop,Direct,New,0,0,0,0,0,0,1,0.0,0.0,0.0
108989,B,Desktop,Social,Returning,0,0,0,0,0,0,1,0.0,0.0,0.0
108990,A,Mobile,Organic,Returning,0,1,0,0,0,0,0,0.0,0.0,0.0
108991,B,Mobile,Direct,New,0,1,0,0,0,0,0,0.0,0.0,0.0
108992,B,Mobile,Social,Returning,0,1,0,0,0,0,0,0.0,0.0,0.0
108993,A,Desktop,Direct,New,0,1,0,0,0,0,0,0.0,0.0,0.0
108994,B,Mobile,Social,New,0,1,0,0,0,0,1,0.0,0.0,0.0
108995,B,Desktop,Direct,New,0,0,0,0,0,0,0,0.0,0.0,0.0
108996,A,Mobile,Paid Search,Returning,0,0,0,0,0,0,0,0.0,0.0,0.0
108997,B,Mobile,Social,New,0,1,0,0,0,0,0,0.0,0.0,0.0
108998,A,Mobile,Paid Search,New,0,1,1,0,0,0,0,0.0,0.0,0.0
108999,B,Mobile,Organic,Returning,0,1,0,0,0,0,1,0.0,0.0,0.0
109000,B,Desktop,Direct,New,1,1,0,0,0,0,0,0.0,0.0,0.0
109001,B,Mobile,Direct,New,1,1,0,0,0,0,0,0.0,0.0,0.0
109002,B,Mobile,Organic,New,1,1,0,0,0,0,0,0.0,0.0,0.0
109003,A,Mobile,Social,New,0,1,0,0,0,0,1,0.0,0.0,0.0
109004,B,Mobile,Paid Search,New,0,0,0,0,0,0,0,0.0,0.0,0.0
109005,B,Mobile,Organic,New,0,1,0,0,0,0,0,0.0,0.0,0.0
109006,B,Desktop,Social,New,0,1,0,0,0,0,0,0.0,0.0,0.0
109007,B,Mobile,Paid Search,New,0,0,0,0,0,0,0,0.0,0.0,0.0
109008,B,Desktop,Organic,New,0,1,1,1,1,0,1,2885.6490277316916,0.0,2885.6490277316916
109009,A,Desktop,Paid Search,New,0,1,0,0,0,0,0,0.0,0.0,0.0
109010,B,Desktop,Paid Search,Returning,0,1,0,0,0,0,0,0.0,0.0,0.0
109011,A,Desktop,Social,Returning,0,1,0,0,0,0,0,0.0,0.0,0.0
109012,A,Mobile,Organic,New,0,1,1,1,1,0,0,2663.835417046724,0.0,2663.835417046724
109013,A,Mobile,Social,New,0,0,0,0,0,0,1,0.0,0.0,0.0
109014,A,Mobile,Organic,New,0,1,0,0,0,0,0,0.0,0.0,0.0
109015,A,Desktop,Direct,Returning,1,1,0,0,0,0,0,0.0,0.0,0.0
109016,A,Desktop,Organic,New,0,1,0,0,0,0,0,0.0,0.0,0.0
109017,B,Desktop,Email,New,0,1,0,0,0,0,0,0.0,0.0,0.0
109018,A,Mobile,Paid Search,Returning,0,0,0,0,0,0,1,0.0,0.0,0.0
109019,A,Mobile,Paid Search,New,1,1,0,0,0,0,0,0.0,0.0,0.0
109020,A,Mobile,Direct,New,0,1,0,0,0,0,0,0.0,0.0,0.0
109021,B,Mobile,Social,New,0,1,1,1,1,0,1,2616.7616569828365,0.0,2616.7616569828365
109022,B,Mobile,Email,New,0,1,1,1,1,0,1,2893.9945885939837,0.0,2893.9945885939837
109023,A,Mobile,Email,Returning,0,0,0,0,0,0,0,0.0,0.0,0.0
109024,A,Mobile,Email,New,0,1,1,1,1,0,0,2823.2843864273505,0.0,2823.2843864273505
109025,A,Mobile,Organic,New,0,1,0,0,0,0,0,0.0,0.0,0.0
109026,A,Mobile,Social,New,1,1,0,0,0,0,0,0.0,0.0,0.0
109027,A,Desktop,Direct,New,0,1,0,0,0,0,1,0.0,0.0,0.0
109028,A,Mobile,Social,Returning,0,1,0,0,0,0,0,0.0,0.0,0.0
109029,A,Desktop,Organic,New,0,1,1,1,1,0,1,2314.6228530897656,0.0,2314.6228530897656
109030,B,Mobile,Paid Search,New,0,1,0,0,0,0,0,0.0,0.0,0.0
109031,B,Mobile,Paid Search,New,0,0,0,0,0,0,0,0.0,0.0,0.0
109032,B,Mobile,Paid Search,New,0,1,1,1,1,0,0,2622.982366668754,0.0,2622.982366668754
109033,A,Mobile,Paid Search,New,0,1,0,0,0,0,0,0.0,0.0,0.0
109034,B,Mobile,Organic,New,1,1,0,0,0,0,0,0.0,0.0,0.0
109035,A,Mobile,Social,New,0,0,0,0,0,0,0,0.0,0.0,0.0
109036,A,Mobile,Paid Search,New,0,1,0,0,0,0,1,0.0,0.0,0.0
109037,A,Desktop,Organic,New,0,1,0,0,0,0,1,0.0,0.0,0.0
109038,A,Mobile,Organic,New,0,1,0,0,0,0,1,0.0,0.0,0.0
109039,A,Mobile,Direct,New,0,1,0,0,0,0,0,0.0,0.0,0.0
109040,B,Desktop,Email,New,1,1,1,1,1,0,1,2544.7032987687808,0.0,2544.7032987687808
109041,B,Desktop,Paid Search,New,0,1,0,0,0,0,0,0.0,0.0,0.0
109042,A,Mobile,Email,New,0,0,0,0,0,0,0,0.0,0.0,0.0
109043,A,Desktop,Paid Search,New,0,1,0,0,0,0,0,0.0,0.0,0.0
109044,B,Desktop,Paid Search,New,0,0,0,0,0,0,0,0.0,0.0,0.0
109045,A,Mobile,Paid Search,New,0,1,0,0,0,0,0,0.0,0.0,0.0
109046,A,Tablet,Organic,Returning,1,1,0,0,0,0,1,0.0,0.0,0.0
109047,A,Mobile,Email,New,0,1,0,0,0,0,0,0.0,0.0,0.0
109048,A,Mobile,Paid Search,Returning,0,1,0,0,0,0,0,0.0,0.0,0.0
109049,B,Mobile,Organic,New,0,0,0,0,0,0,0,0.0,0.0,0.0
109050,A,Desktop,Organic,New,0,1,0,0,0,0,1,0.0,0.0,0.0
109051,A,Mobile,Social,Returning,0,0,0,0,0,0,0,0.0,0.0,0.0
109052,B,Desktop,Social,New,0,1,0,0,0,0,0,0.0,0.0,0.0
109053,A,Desktop,Email,New,0,1,0,0,0,0,0,0.0,0.0,0.0
109054,A,Mobile,Paid Search,Returning,0,1,0,0,0,0,0,0.0,0.0,0.0
109055,A,Mobile,Social,New,0,1,0,0,0,0,0,0.0,0.0,0.0
109056,B,Mobile,Organic,New,0,1,0,0,0,0,1,0.0,0.0,0.0
109057,A,Tablet,Social,New,0,0,0,0,0,0,0,0.0,0.0,0.0
109058,B,Mobile,Paid Search,New,0,1,0,0,0,0,0,0.0,0.0,0.0
109059,B,Mobile,Email,New,0,1,0,0,0,0,0,0.0,0.0,0.0
109060,A,Mobile,Direct,New,0,1,0,0,0,0,1,0.0,0.0,0.0
109061,B,Mobile,Email,Returning,0,1,0,0,0,0,1,0.0,0.0,0.0
109062,A,Tablet,Social,New,0,0,0,0,0,0,0,0.0,0.0,0.0
109063,A,Mobile,Organic,Returning,0,1,0,0,0,0,0,0.0,0.0,0.0
109064,B,Desktop,Social,New,0,1,0,0,0,0,1,0.0,0.0,0.0
109065,A,Mobile,Social,New,1,1,0,0,0,0,0,0.0,0.0,0.0
109066,B,Mobile,Organic,New,0,0,0,0,0,0,1,0.0,0.0,0.0
109067,B,Desktop,Organic,New,0,1,0,0,0,0,0,0.0,0.0,0.0
109068,B,Desktop,Paid Search,New,0,0,0,0,0,0,1,0.0,0.0,0.0
109069,A,Tablet,Paid Search,New,0,1,0,0,0,0,0,0.0,0.0,0.0
109070,B,Mobile,Direct,Returning,0,1,0,0,0,0,0,0.0,0.0,0.0
109071,B,Desktop,Organic,New,0,0,0,0,0,0,0,0.0,0.0,0.0
109072,B,Tablet,Organic,New,0,0,0,0,0,0,0,0.0,0.0,0.0
109073,A,Mobile,Social,New,0,1,0,0,0,0,0,0.0,0.0,0.0
109074,A,Mobile,Social,New,0,1,0,0,0,0,0,0.0,0.0,0.0
109075,B,Mobile,Email,New,0,0,0,0,0,0,0,0.0,0.0,0.0
109076,B,Desktop,Email,New,1,1,0,0,0,0,1,0.0,0.0,0.0
109077,B,Mobile,Social,Returning,1,1,0,0,0,0,0,0.0,0.0,0.0
109078,B,Desktop,Paid Search,Returning,0,1,0,0,0,0,1,0.0,0.0,0.0
109079,B,Desktop,Organic,New,0,1,0,0,0,0,0,0.0,0.0,0.0
109080,A,Mobile,Email,New,0,1,0,0,0,0,1,0.0,0.0,0.0
109081,B,Mobile,Social,New,0,1,1,1,0,0,0,0.0,0.0,0.0
109082,A,Desktop,Email,New,0,1,0,0,0,0,1,0.0,0.0,0.0
109083,B,Desktop,Direct,New,0,1,0,0,0,0,0,0.0,0.0,0.0
109084,B,Mobile,Direct,New,0,0,0,0,0,0,0,0.0,0.0,0.0
109085,B,Mobile,Organic,New,0,1,0,0,0,0,1,0.0,0.0,0.0
109086,B,Desktop,Email,New,0,0,0,0,0,0,0,0.0,0.0,0.0
109087,A,Mobile,Social,New,0,1,0,0,0,0,1,0.0,0.0,0.0
109088,A,Desktop,Direct,New,0,1,0,0,0,0,1,0.0,0.0,0.0
109089,B,Mobile,Direct,New,1,1,0,0,0,0,0,0.0,0.0,0.0
109090,B,Mobile,Paid Search,New,0,1,0,0,0,0,0,0.0,0.0,0.0
109091,A,Mobile,Paid Search,Returning,0,1,1,1,0,0,1,0.0,0.0,0.0
109092,B,Mobile,Organic,New,0,1,0,0,0,0,0,0.0,0.0,0.0
109093,B,Mobile,Organic,Returning,1,1,0,0,0,0,0,0.0,0.0,0.0
109094,A,Mobile,Email,New,0,1,0,0,0,0,0,0.0,0.0,0.0
109095,A,Desktop,Direct,New,0,1,0,0,0,0,0,0.0,0.0,0.0
109096,A,Mobile,Organic,New,1,0,0,0,0,0,0,0.0,0.0,0.0
109097,A,Desktop,Organic,Returning,0,1,0,0,0,0,1,0.0,0.0,0.0
109098,A,Mobile,Organic,Returning,0,1,0,0,0,0,0,0.0,0.0,0.0
109099,A,Mobile,Paid Search,New,0,1,0,0,0,0,0,0.0,0.0,0.0
109100,A,Mobile,Direct,New,0,1,1,1,1,0,0,2731.6838941531573,0.0,2731.6838941531573
109101,B,Desktop,Paid Search,New,0,1,1,0,0,0,1,0.0,0.0,0.0
109102,B,Mobile,Social,New,0,1,0,0,0,0,0,0.0,0.0,0.0
109103,B,Mobile,Organic,Returning,0,1,0,0,0,0,1,0.0,0.0,0.0
109104,A,Mobile,Organic,New,1,1,0,0,0,0,1,0.0,0.0,0.0
109105,B,Desktop,Paid Search,Returning,0,1,0,0,0,0,1,0.0,0.0,0.0
109106,B,Mobile,Paid Search,Returning,1,1,0,0,0,0,0,0.0,0.0,0.0
109107,B,Desktop,Paid Search,Returning,0,0,0,0,0,0,0,0.0,0.0,0.0
109108,B,Tablet,Organic,New,0,1,0,0,0,0,1,0.0,0.0,0.0
109109,B,Mobile,Paid Search,New,0,1,1,1,0,0,0,0.0,0.0,0.0
109110,A,Mobile,Organic,Returning,0,1,0,0,0,0,1,0.0,0.0,0.0
109111,A,Mobile,Email,New,0,1,1,1,0,0,0,0.0,0.0,0.0
109112,B,Mobile,Paid Search,New,0,1,0,0,0,0,1,0.0,0.0,0.0
109113,A,Desktop,Email,New,0,1,0,0,0,0,0,0.0,0.0,0.0
109114,A,Mobile,Email,New,1,1,0,0,0,0,1,0.0,0.0,0.0
109115,A,Mobile,Social,New,0,1,0,0,0,0,0,0.0,0.0,0.0
109116,A,Mobile,Paid Search,New,1,1,0,0,0,0,1,0.0,0.0,0.0
109117,B,Mobile,Organic,New,0,1,0,0,0,0,1,0.0,0.0,0.0
109118,A,Desktop,Paid Search,New,0,1,0,0,0,0,1,0.0,0.0,0.0
109119,B,Desktop,Social,New,0,1,0,0,0,0,0,0.0,0.0,0.0
109120,A,Mobile,Paid Search,New,0,1,0,0,0,0,1,0.0,0.0,0.0
109121,A,Mobile,Email,New,0,0,0,0,0,0,0,0.0,0.0,0.0
109122,B,Mobile,Direct,New,0,0,0,0,0,0,0,0.0,0.0,0.0
109123,B,Desktop,Direct,Returning,0,1,0,0,0,0,0,0.0,0.0,0.0
109124,B,Desktop,Paid Search,New,0,1,0,0,0,0,1,0.0,0.0,0.0
109125,A,Mobile,Direct,New,0,0,0,0,0,0,0,0.0,0.0,0.0
109126,A,Mobile,Paid Search,Returning,1,1,0,0,0,0,0,0.0,0.0,0.0
109127,B,Mobile,Paid Search,New,0,1,0,0,0,0,0,0.0,0.0,0.0
109128,A,Mobile,Email,Returning,0,1,1,1,1,0,0,2169.8915591405666,0.0,2169.8915591405666
109129,B,Mobile,Social,Returning,0,1,0,0,0,0,1,0.0,0.0,0.0
109130,B,Mobile,Paid Search,New,0,1,0,0,0,0,0,0.0,0.0,0.0
109131,B,Mobile,Paid Search,New,0,0,0,0,0,0,1,0.0,0.0,0.0
109132,A,Mobile,Organic,New,0,0,0,0,0,0,0,0.0,0.0,0.0
109133,B,Mobile,Organic,New,0,1,0,0,0,0,0,0.0,0.0,0.0
109134,B,Mobile,Organic,New,0,1,0,0,0,0,0,0.0,0.0,0.0
109135,A,Mobile,Paid Search,New,0,1,0,0,0,0,1,0.0,0.0,0.0
109136,A,Mobile,Paid Search,Returning,0,1,0,0,0,0,0,0.0,0.0,0.0
109137,B,Desktop,Paid Search,New,0,1,0,0,0,0,0,0.0,0.0,0.0
109138,B,Desktop,Social,New,0,0,0,0,0,0,0,0.0,0.0,0.0
109139,B,Mobile,Social,New,0,1,0,0,0,0,1,0.0,0.0,0.0
109140,B,Desktop,Paid Search,New,0,1,1,0,0,0,0,0.0,0.0,0.0
109141,A,Mobile,Email,New,0,1,0,0,0,0,0,0.0,0.0,0.0
109142,A,Desktop,Organic,New,0,1,1,0,0,0,0,0.0,0.0,0.0
109143,B,Mobile,Organic,New,0,1,0,0,0,0,0,0.0,0.0,0.0
109144,B,Mobile,Organic,Returning,1,1,1,0,0,0,0,0.0,0.0,0.0
109145,B,Desktop,Organic,New,1,1,0,0,0,0,0,0.0,0.0,0.0
109146,B,Desktop,Social,New,1,1,0,0,0,0,0,0.0,0.0,0.0
109147,B,Desktop,Paid Search,New,0,0,0,0,0,0,0,0.0,0.0,0.0
109148,B,Mobile,Paid Search,New,0,1,0,0,0,0,1,0.0,0.0,0.0
109149,A,Mobile,Organic,New,1,0,0,0,0,0,0,0.0,0.0,0.0
109150,A,Mobile,Organic,New,0,1,0,0,0,0,1,0.0,0.0,0.0
109151,B,Desktop,Organic,Returning,0,1,0,0,0,0,1,0.0,0.0,0.0
109152,A,Mobile,Paid Search,New,0,1,0,0,0,0,1,0.0,0.0,0.0
109153,A,Mobile,Paid Search,Returning,0,0,0,0,0,0,1,0.0,0.0,0.0
109154,B,Mobile,Paid Search,New,0,1,0,0,0,0,1,0.0,0.0,0.0
109155,B,Mobile,Organic,New,0,1,0,0,0,0,1,0.0,0.0,0.0
109156,A,Mobile,Paid Search,New,1,0,0,0,0,0,0,0.0,0.0,0.0
109157,A,Desktop,Paid Search,New,0,0,0,0,0,0,0,0.0,0.0,0.0
109158,B,Tablet,Paid Search,New,0,1,0,0,0,0,1,0.0,0.0,0.0
109159,B,Mobile,Direct,New,0,1,0,0,0,0,0,0.0,0.0,0.0
109160,A,Mobile,Direct,New,0,1,0,0,0,0,0,0.0,0.0,0.0
109161,A,Mobile,Direct,New,0,1,0,0,0,0,0,0.0,0.0,0.0
109162,A,Desktop,Direct,New,0,1,0,0,0,0,1,0.0,0.0,0.0
109163,B,Mobile,Social,New,1,0,0,0,0,0,0,0.0,0.0,0.0
109164,A,Mobile,Paid Search,Returning,0,1,0,0,0,0,0,0.0,0.0,0.0
109165,A,Mobile,Organic,New,0,1,0,0,0,0,0,0.0,0.0,0.0
109166,B,Mobile,Social,Returning,0,1,1,1,0,0,1,0.0,0.0,0.0
109167,B,Mobile,Social,New,0,1,0,0,0,0,0,0.0,0.0,0.0
109168,B,Mobile,Paid Search,New,0,1,0,0,0,0,0,0.0,0.0,0.0
109169,A,Mobile,Direct,New,0,1,1,1,0,0,0,0.0,0.0,0.0
109170,A,Mobile,Organic,New,0,0,0,0,0,0,0,0.0,0.0,0.0
109171,B,Tablet,Social,New,0,1,1,1,0,0,1,0.0,0.0,0.0
109172,B,Mobile,Organic,Returning,1,1,0,0,0,0,0,0.0,0.0,0.0
109173,A,Mobile,Email,Returning,0,1,0,0,0,0,1,0.0,0.0,0.0
109174,B,Desktop,Social,New,0,0,0,0,0,0,1,0.0,0.0,0.0
109175,A,Mobile,Email,New,0,1,0,0,0,0,0,0.0,0.0,0.0
109176,A,Mobile,Organic,Returning,0,1,0,0,0,0,1,0.0,0.0,0.0
109177,B,Desktop,Social,New,0,1,0,0,0,0,1,0.0,0.0,0.0
109178,B,Mobile,Social,Returning,0,1,0,0,0,0,1,0.0,0.0,0.0
109179,A,Mobile,Social,New,0,1,0,0,0,0,0,0.0,0.0,0.0
109180,A,Mobile,Social,Returning,0,1,0,0,0,0,0,0.0,0.0,0.0
109181,A,Mobile,Organic,New,0,1,1,0,0,0,1,0.0,0.0,0.0
109182,A,Mobile,Social,New,0,0,0,0,0,0,1,0.0,0.0,0.0
109183,A,Mobile,Direct,New,0,0,0,0,0,0,0,0.0,0.0,0.0
109184,B,Mobile,Direct,Returning,1,1,0,0,0,0,0,0.0,0.0,0.0
109185,A,Desktop,Paid Search,New,0,0,0,0,0,0,0,0.0,0.0,0.0
109186,B,Mobile,Paid Search,New,0,1,0,0,0,0,1,0.0,0.0,0.0
109187,A,Mobile,Paid Search,New,1,1,1,0,0,0,0,0.0,0.0,0.0
109188,B,Mobile,Email,Returning,0,0,0,0,0,0,1,0.0,0.0,0.0
109189,A,Mobile,Paid Search,New,0,1,0,0,0,0,1,0.0,0.0,0.0
109190,B,Mobile,Organic,New,0,1,0,0,0,0,0,0.0,0.0,0.0
109191,A,Mobile,Social,New,0,1,0,0,0,0,0,0.0,0.0,0.0
109192,A,Desktop,Direct,New,1,1,1,1,1,0,1,1347.298574610402,0.0,1347.298574610402
109193,A,Tablet,Social,New,0,1,0,0,0,0,0,0.0,0.0,0.0
109194,B,Mobile,Organic,Returning,0,0,0,0,0,0,0,0.0,0.0,0.0
109195,A,Mobile,Organic,New,0,1,1,1,1,0,0,2962.3625292418446,0.0,2962.3625292418446
109196,A,Desktop,Organic,New,0,1,0,0,0,0,0,0.0,0.0,0.0
109197,B,Desktop,Paid Search,New,0,1,0,0,0,0,1,0.0,0.0,0.0
109198,B,Desktop,Direct,New,0,1,0,0,0,0,0,0.0,0.0,0.0
109199,A,Desktop,Email,New,0,1,0,0,0,0,0,0.0,0.0,0.0
109200,B,Tablet,Paid Search,New,0,1,0,0,0,0,0,0.0,0.0,0.0
109201,A,Desktop,Social,New,0,1,1,0,0,0,1,0.0,0.0,0.0
109202,A,Mobile,Email,New,0,1,0,0,0,0,0,0.0,0.0,0.0
109203,A,Mobile,Email,New,0,1,0,0,0,0,0,0.0,0.0,0.0
109204,A,Tablet,Social,New,0,1,0,0,0,0,0,0.0,0.0,0.0
109205,B,Mobile,Organic,Returning,0,1,0,0,0,0,1,0.0,0.0,0.0
109206,A,Mobile,Email,Returning,0,0,0,0,0,0,1,0.0,0.0,0.0
109207,B,Mobile,Direct,New,0,1,0,0,0,0,1,0.0,0.0,0.0
109208,A,Tablet,Organic,New,0,1,1,0,0,0,0,0.0,0.0,0.0
109209,A,Desktop,Organic,Returning,0,1,1,1,1,1,0,2295.269398541214,2218.6877010346366,4513.95709957585
109210,B,Mobile,Direct,New,0,0,0,0,0,0,1,0.0,0.0,0.0
109211,B,Mobile,Paid Search,Returning,0,0,0,0,0,0,0,0.0,0.0,0.0
109212,B,Mobile,Paid Search,New,0,1,1,0,0,0,0,0.0,0.0,0.0
109213,A,Tablet,Social,New,0,1,1,1,1,0,1,2585.717876438355,0.0,2585.717876438355
109214,B,Mobile,Paid Search,Returning,1,1,0,0,0,0,1,0.0,0.0,0.0
109215,A,Mobile,Email,Returning,1,0,0,0,0,0,0,0.0,0.0,0.0
109216,A,Desktop,Organic,New,0,1,0,0,0,0,1,0.0,0.0,0.0
109217,A,Mobile,Social,New,0,1,0,0,0,0,0,0.0,0.0,0.0
109218,A,Mobile,Paid Search,New,0,0,0,0,0,0,1,0.0,0.0,0.0
109219,A,Mobile,Paid Search,New,0,1,1,0,0,0,1,0.0,0.0,0.0
109220,B,Mobile,Paid Search,New,0,1,0,0,0,0,1,0.0,0.0,0.0
109221,B,Mobile,Email,New,0,1,0,0,0,0,0,0.0,0.0,0.0
109222,A,Mobile,Social,Returning,0,0,0,0,0,0,1,0.0,0.0,0.0
109223,A,Mobile,Organic,New,0,1,0,0,0,0,0,0.0,0.0,0.0
109224,A,Desktop,Paid Search,New,0,0,0,0,0,0,0,0.0,0.0,0.0
109225,B,Desktop,Email,New,0,1,0,0,0,0,0,0.0,0.0,0.0
109226,B,Mobile,Paid Search,New,0,1,0,0,0,0,0,0.0,0.0,0.0
109227,A,Desktop,Social,Returning,0,0,0,0,0,0,1,0.0,0.0,0.0
109228,B,Desktop,Social,New,0,1,0,0,0,0,0,0.0,0.0,0.0
109229,B,Desktop,Organic,New,0,1,0,0,0,0,1,0.0,0.0,0.0
109230,B,Desktop,Organic,New,0,1,0,0,0,0,1,0.0,0.0,0.0
109231,B,Tablet,Social,New,0,0,0,0,0,0,0,0.0,0.0,0.0
109232,A,Mobile,Paid Search,Returning,0,1,0,0,0,0,1,0.0,0.0,0.0
109233,B,Mobile,Email,Returning,0,1,1,1,1,0,0,1953.8244614038385,0.0,1953.8244614038385
109234,A,Mobile,Social,New,0,0,0,0,0,0,0,0.0,0.0,0.0
109235,B,Desktop,Paid Search,Returning,0,0,0,0,0,0,1,0.0,0.0,0.0
109236,B,Mobile,Direct,New,0,0,0,0,0,0,0,0.0,0.0,0.0
109237,A,Mobile,Direct,Returning,1,1,0,0,0,0,0,0.0,0.0,0.0
109238,A,Mobile,Paid Search,New,1,0,0,0,0,0,1,0.0,0.0,0.0
109239,B,Mobile,Paid Search,New,0,0,0,0,0,0,0,0.0,0.0,0.0
109240,A,Mobile,Paid Search,New,0,1,1,1,1,0,0,2824.4315444460885,0.0,2824.4315444460885
109241,A,Desktop,Organic,Returning,0,0,0,0,0,0,0,0.0,0.0,0.0
109242,A,Desktop,Social,New,0,1,0,0,0,0,0,0.0,0.0,0.0
109243,A,Tablet,Direct,New,0,0,0,0,0,0,1,0.0,0.0,0.0
109244,B,Mobile,Organic,Returning,0,1,0,0,0,0,1,0.0,0.0,0.0
109245,A,Mobile,Social,New,0,1,0,0,0,0,0,0.0,0.0,0.0
109246,B,Desktop,Social,New,0,1,1,1,1,0,1,2951.6368040517464,0.0,2951.6368040517464
109247,A,Mobile,Organic,New,0,1,0,0,0,0,0,0.0,0.0,0.0
109248,A,Mobile,Paid Search,New,0,1,0,0,0,0,0,0.0,0.0,0.0
109249,A,Mobile,Direct,Returning,0,1,0,0,0,0,0,0.0,0.0,0.0
109250,A,Mobile,Paid Search,New,0,0,0,0,0,0,0,0.0,0.0,0.0
109251,A,Desktop,Direct,New,0,1,0,0,0,0,1,0.0,0.0,0.0
109252,B,Desktop,Paid Search,New,0,1,0,0,0,0,1,0.0,0.0,0.0
109253,B,Mobile,Direct,New,0,1,0,0,0,0,0,0.0,0.0,0.0
109254,B,Mobile,Direct,New,1,1,0,0,0,0,0,0.0,0.0,0.0
109255,B,Mobile,Paid Search,Returning,0,1,0,0,0,0,1,0.0,0.0,0.0
109256,A,Desktop,Social,New,0,1,0,0,0,0,0,0.0,0.0,0.0
109257,B,Mobile,Social,Returning,0,1,0,0,0,0,0,0.0,0.0,0.0
109258,B,Mobile,Social,New,0,1,0,0,0,0,0,0.0,0.0,0.0
109259,B,Tablet,Organic,New,0,0,0,0,0,0,0,0.0,0.0,0.0
109260,B,Mobile,Social,Returning,0,1,1,1,1,0,1,3490.3035808508475,0.0,3490.3035808508475
109261,B,Mobile,Organic,New,0,1,0,0,0,0,0,0.0,0.0,0.0
109262,B,Mobile,Social,Returning,0,1,0,0,0,0,1,0.0,0.0,0.0
109263,A,Desktop,Direct,New,1,0,0,0,0,0,0,0.0,0.0,0.0
109264,B,Mobile,Organic,Returning,1,1,1,0,0,0,1,0.0,0.0,0.0
109265,B,Mobile,Paid Search,New,0,0,0,0,0,0,0,0.0,0.0,0.0
109266,B,Mobile,Organic,New,0,1,0,0,0,0,1,0.0,0.0,0.0
109267,A,Mobile,Paid Search,New,0,0,0,0,0,0,0,0.0,0.0,0.0
109268,A,Mobile,Paid Search,New,0,1,0,0,0,0,0,0.0,0.0,0.0
109269,B,Desktop,Direct,New,0,1,0,0,0,0,0,0.0,0.0,0.0
109270,B,Mobile,Organic,New,0,1,0,0,0,0,0,0.0,0.0,0.0
109271,A,Mobile,Social,New,0,1,0,0,0,0,1,0.0,0.0,0.0
109272,A,Desktop,Email,Returning,0,0,0,0,0,0,1,0.0,0.0,0.0
109273,B,Mobile,Organic,Returning,0,1,0,0,0,0,0,0.0,0.0,0.0
109274,A,Mobile,Paid Search,Returning,0,1,1,0,0,0,0,0.0,0.0,0.0
109275,A,Tablet,Paid Search,Returning,0,1,0,0,0,0,0,0.0,0.0,0.0
109276,A,Mobile,Organic,New,0,1,0,0,0,0,0,0.0,0.0,0.0
109277,B,Mobile,Paid Search,New,1,0,0,0,0,0,0,0.0,0.0,0.0
109278,B,Desktop,Organic,New,0,1,1,1,1,0,0,3172.8318868731712,0.0,3172.8318868731712
109279,B,Mobile,Email,Returning,0,1,0,0,0,0,1,0.0,0.0,0.0
109280,B,Mobile,Organic,Returning,0,1,0,0,0,0,1,0.0,0.0,0.0
109281,B,Mobile,Email,New,0,0,0,0,0,0,1,0.0,0.0,0.0
109282,B,Mobile,Organic,Returning,0,0,0,0,0,0,0,0.0,0.0,0.0
109283,A,Mobile,Paid Search,Returning,0,1,1,1,1,1,0,3665.917677499445,4522.076110965338,8187.9937884647825
109284,A,Mobile,Organic,New,1,1,0,0,0,0,0,0.0,0.0,0.0
109285,A,Mobile,Social,Returning,0,0,0,0,0,0,0,0.0,0.0,0.0
109286,B,Desktop,Direct,New,0,0,0,0,0,0,1,0.0,0.0,0.0
109287,B,Tablet,Organic,New,0,1,0,0,0,0,0,0.0,0.0,0.0
109288,A,Mobile,Social,Returning,0,1,0,0,0,0,0,0.0,0.0,0.0
109289,A,Desktop,Paid Search,New,0,1,0,0,0,0,0,0.0,0.0,0.0
109290,A,Mobile,Email,New,0,1,0,0,0,0,1,0.0,0.0,0.0
109291,B,Mobile,Social,New,0,1,0,0,0,0,0,0.0,0.0,0.0
109292,B,Desktop,Paid Search,New,0,0,0,0,0,0,1,0.0,0.0,0.0
109293,B,Desktop,Email,Returning,0,1,0,0,0,0,1,0.0,0.0,0.0
109294,B,Desktop,Direct,Returning,0,0,0,0,0,0,0,0.0,0.0,0.0
109295,A,Mobile,Direct,New,0,1,1,1,0,0,1,0.0,0.0,0.0
109296,A,Mobile,Organic,New,0,1,0,0,0,0,1,0.0,0.0,0.0
109297,A,Desktop,Direct,New,1,1,1,0,0,0,1,0.0,0.0,0.0
109298,A,Mobile,Social,Returning,0,1,0,0,0,0,0,0.0,0.0,0.0
109299,A,Desktop,Direct,New,1,0,0,0,0,0,1,0.0,0.0,0.0
109300,A,Desktop,Social,Returning,0,1,0,0,0,0,0,0.0,0.0,0.0
109301,B,Mobile,Organic,New,0,1,0,0,0,0,0,0.0,0.0,0.0
109302,A,Mobile,Email,New,0,0,0,0,0,0,1,0.0,0.0,0.0
109303,A,Mobile,Organic,New,0,1,1,1,1,0,0,2842.965979048135,0.0,2842.965979048135
109304,B,Mobile,Paid Search,New,0,1,0,0,0,0,0,0.0,0.0,0.0
109305,A,Mobile,Organic,Returning,0,0,0,0,0,0,1,0.0,0.0,0.0
109306,A,Desktop,Social,Returning,0,1,0,0,0,0,0,0.0,0.0,0.0
109307,B,Mobile,Paid Search,New,1,1,1,1,0,0,0,0.0,0.0,0.0
109308,B,Mobile,Direct,New,0,1,0,0,0,0,1,0.0,0.0,0.0
109309,A,Mobile,Social,New,0,1,1,1,1,1,1,2742.986664929639,3527.9968017853816,6270.983466715021
109310,A,Mobile,Direct,New,0,1,0,0,0,0,1,0.0,0.0,0.0
109311,B,Mobile,Direct,New,0,0,0,0,0,0,0,0.0,0.0,0.0
109312,A,Mobile,Email,New,0,1,0,0,0,0,0,0.0,0.0,0.0
109313,B,Mobile,Social,New,0,0,0,0,0,0,1,0.0,0.0,0.0
109314,B,Desktop,Social,Returning,0,1,0,0,0,0,0,0.0,0.0,0.0
109315,B,Tablet,Paid Search,New,0,1,0,0,0,0,0,0.0,0.0,0.0
109316,B,Mobile,Organic,New,0,1,0,0,0,0,0,0.0,0.0,0.0
109317,B,Mobile,Email,New,0,1,0,0,0,0,1,0.0,0.0,0.0
109318,A,Mobile,Organic,New,1,1,0,0,0,0,0,0.0,0.0,0.0
109319,A,Mobile,Paid Search,New,0,0,0,0,0,0,0,0.0,0.0,0.0
109320,B,Mobile,Social,New,0,0,0,0,0,0,0,0.0,0.0,0.0
109321,A,Desktop,Social,New,0,1,0,0,0,0,1,0.0,0.0,0.0
109322,A,Mobile,Email,New,0,1,0,0,0,0,1,0.0,0.0,0.0
109323,B,Desktop,Paid Search,New,0,0,0,0,0,0,1,0.0,0.0,0.0
109324,A,Mobile,Social,New,0,1,0,0,0,0,0,0.0,0.0,0.0
109325,A,Desktop,Organic,New,1,1,0,0,0,0,0,0.0,0.0,0.0
109326,B,Mobile,Social,New,0,1,1,0,0,0,0,0.0,0.0,0.0
109327,B,Mobile,Paid Search,New,0,1,0,0,0,0,1,0.0,0.0,0.0
109328,A,Mobile,Organic,New,1,1,0,0,0,0,0,0.0,0.0,0.0
109329,A,Mobile,Email,Returning,0,0,0,0,0,0,0,0.0,0.0,0.0
109330,B,Mobile,Organic,New,0,1,0,0,0,0,0,0.0,0.0,0.0
109331,A,Desktop,Organic,New,0,1,1,1,1,0,1,2729.265939259814,0.0,2729.265939259814
109332,A,Desktop,Email,New,0,0,0,0,0,0,0,0.0,0.0,0.0
109333,A,Desktop,Organic,New,0,1,1,0,0,0,0,0.0,0.0,0.0
109334,B,Desktop,Paid Search,New,0,1,1,1,1,0,0,3140.9673209353086,0.0,3140.9673209353086
109335,A,Mobile,Organic,Returning,0,1,0,0,0,0,1,0.0,0.0,0.0
109336,A,Mobile,Organic,New,0,0,0,0,0,0,1,0.0,0.0,0.0
109337,A,Desktop,Organic,New,0,1,1,1,1,0,0,3853.5857922174805,0.0,3853.5857922174805
109338,A,Desktop,Organic,New,0,1,0,0,0,0,0,0.0,0.0,0.0
109339,A,Desktop,Direct,Returning,0,1,0,0,0,0,0,0.0,0.0,0.0
109340,A,Mobile,Social,Returning,1,0,0,0,0,0,1,0.0,0.0,0.0
109341,A,Mobile,Organic,Returning,1,0,0,0,0,0,0,0.0,0.0,0.0
109342,B,Mobile,Email,New,0,1,1,1,1,1,0,2174.270904686395,1820.1680781860473,3994.4389828724425
109343,A,Mobile,Paid Search,Returning,0,0,0,0,0,0,1,0.0,0.0,0.0
109344,B,Desktop,Social,Returning,0,1,0,0,0,0,1,0.0,0.0,0.0
109345,A,Mobile,Organic,New,0,0,0,0,0,0,1,0.0,0.0,0.0
109346,A,Mobile,Social,Returning,0,1,1,0,0,0,1,0.0,0.0,0.0
109347,B,Tablet,Social,New,0,1,1,1,1,0,0,2601.5992041434665,0.0,2601.5992041434665
109348,B,Mobile,Paid Search,New,1,0,0,0,0,0,1,0.0,0.0,0.0
109349,A,Mobile,Direct,New,0,1,1,1,1,0,0,2804.3679031903243,0.0,2804.3679031903243
109350,A,Mobile,Email,Returning,1,1,0,0,0,0,0,0.0,0.0,0.0
109351,B,Desktop,Email,New,0,1,0,0,0,0,0,0.0,0.0,0.0
109352,B,Mobile,Organic,New,0,1,0,0,0,0,0,0.0,0.0,0.0
109353,B,Mobile,Paid Search,New,0,1,1,1,1,0,1,2454.79457845825,0.0,2454.79457845825
109354,A,Desktop,Organic,New,0,1,0,0,0,0,0,0.0,0.0,0.0
109355,B,Mobile,Paid Search,New,1,1,0,0,0,0,1,0.0,0.0,0.0
109356,A,Desktop,Paid Search,Returning,0,1,0,0,0,0,0,0.0,0.0,0.0
109357,B,Desktop,Organic,New,1,1,0,0,0,0,0,0.0,0.0,0.0
109358,B,Mobile,Social,New,1,1,0,0,0,0,0,0.0,0.0,0.0
109359,A,Mobile,Organic,New,0,0,0,0,0,0,0,0.0,0.0,0.0
109360,B,Mobile,Direct,New,0,1,0,0,0,0,0,0.0,0.0,0.0
109361,A,Mobile,Organic,New,0,1,0,0,0,0,0,0.0,0.0,0.0
109362,A,Mobile,Paid Search,New,0,1,0,0,0,0,1,0.0,0.0,0.0
109363,A,Mobile,Organic,Returning,0,1,0,0,0,0,0,0.0,0.0,0.0
109364,A,Tablet,Social,Returning,1,1,0,0,0,0,0,0.0,0.0,0.0
109365,A,Mobile,Social,New,0,1,0,0,0,0,1,0.0,0.0,0.0
109366,B,Mobile,Organic,New,0,1,0,0,0,0,1,0.0,0.0,0.0
109367,A,Desktop,Paid Search,Returning,0,1,1,0,0,0,0,0.0,0.0,0.0
109368,A,Desktop,Organic,New,0,1,0,0,0,0,0,0.0,0.0,0.0
109369,B,Mobile,Organic,New,0,1,0,0,0,0,0,0.0,0.0,0.0
109370,B,Desktop,Organic,New,0,0,0,0,0,0,0,0.0,0.0,0.0
109371,A,Desktop,Direct,Returning,0,1,0,0,0,0,1,0.0,0.0,0.0
109372,B,Mobile,Organic,Returning,0,0,0,0,0,0,0,0.0,0.0,0.0
109373,A,Mobile,Organic,New,0,1,1,0,0,0,0,0.0,0.0,0.0
109374,B,Desktop,Organic,Returning,0,1,0,0,0,0,1,0.0,0.0,0.0
109375,A,Desktop,Social,New,0,1,0,0,0,0,0,0.0,0.0,0.0
109376,B,Desktop,Direct,New,0,1,1,1,1,0,1,3002.230718209541,0.0,3002.230718209541
109377,A,Mobile,Organic,New,0,1,0,0,0,0,0,0.0,0.0,0.0
109378,B,Desktop,Paid Search,New,0,1,1,0,0,0,0,0.0,0.0,0.0
109379,B,Desktop,Organic,New,0,1,1,1,1,0,0,2618.3496787943777,0.0,2618.3496787943777
109380,B,Mobile,Organic,New,0,1,0,0,0,0,1,0.0,0.0,0.0
109381,A,Mobile,Paid Search,New,0,1,0,0,0,0,0,0.0,0.0,0.0
109382,B,Mobile,Direct,New,0,1,0,0,0,0,1,0.0,0.0,0.0
109383,A,Mobile,Email,New,1,1,0,0,0,0,0,0.0,0.0,0.0
109384,B,Mobile,Social,New,0,1,0,0,0,0,0,0.0,0.0,0.0
109385,A,Mobile,Social,New,0,1,0,0,0,0,1,0.0,0.0,0.0
109386,A,Mobile,Social,New,1,1,0,0,0,0,1,0.0,0.0,0.0
109387,A,Mobile,Paid Search,Returning,0,1,0,0,0,0,1,0.0,0.0,0.0
109388,B,Mobile,Paid Search,New,0,1,0,0,0,0,1,0.0,0.0,0.0
109389,B,Mobile,Social,New,0,0,0,0,0,0,0,0.0,0.0,0.0
109390,B,Desktop,Organic,Returning,0,1,0,0,0,0,1,0.0,0.0,0.0
109391,A,Mobile,Direct,New,0,1,0,0,0,0,0,0.0,0.0,0.0
109392,A,Desktop,Social,Returning,0,1,0,0,0,0,1,0.0,0.0,0.0
109393,B,Mobile,Social,Returning,0,1,0,0,0,0,1,0.0,0.0,0.0
109394,B,Tablet,Paid Search,New,0,1,0,0,0,0,1,0.0,0.0,0.0
109395,A,Mobile,Direct,New,1,0,0,0,0,0,0,0.0,0.0,0.0
109396,B,Mobile,Organic,Returning,0,1,0,0,0,0,1,0.0,0.0,0.0
109397,B,Mobile,Paid Search,Returning,0,1,0,0,0,0,0,0.0,0.0,0.0
109398,B,Mobile,Paid Search,New,0,0,0,0,0,0,0,0.0,0.0,0.0
109399,A,Mobile,Organic,New,0,1,0,0,0,0,1,0.0,0.0,0.0
109400,A,Mobile,Email,New,0,1,0,0,0,0,0,0.0,0.0,0.0
109401,A,Desktop,Email,New,0,1,0,0,0,0,0,0.0,0.0,0.0
109402,A,Mobile,Social,New,0,1,0,0,0,0,0,0.0,0.0,0.0
109403,A,Mobile,Organic,Returning,0,0,0,0,0,0,0,0.0,0.0,0.0
109404,A,Mobile,Social,New,0,1,0,0,0,0,0,0.0,0.0,0.0
109405,A,Mobile,Paid Search,Returning,0,0,0,0,0,0,1,0.0,0.0,0.0
109406,B,Mobile,Social,New,1,1,0,0,0,0,0,0.0,0.0,0.0
109407,A,Mobile,Paid Search,Returning,0,0,0,0,0,0,0,0.0,0.0,0.0
109408,A,Mobile,Organic,Returning,0,0,0,0,0,0,0,0.0,0.0,0.0
109409,A,Desktop,Paid Search,New,1,0,0,0,0,0,1,0.0,0.0,0.0
109410,A,Desktop,Paid Search,New,0,0,0,0,0,0,1,0.0,0.0,0.0
109411,A,Desktop,Paid Search,New,0,1,0,0,0,0,1,0.0,0.0,0.0
109412,B,Mobile,Email,Returning,0,1,0,0,0,0,0,0.0,0.0,0.0
109413,A,Mobile,Paid Search,New,0,1,1,0,0,0,1,0.0,0.0,0.0
109414,A,Mobile,Direct,New,0,1,0,0,0,0,1,0.0,0.0,0.0
109415,B,Tablet,Paid Search,New,0,1,1,1,0,0,0,0.0,0.0,0.0
109416,B,Tablet,Email,New,0,1,0,0,0,0,0,0.0,0.0,0.0
109417,B,Tablet,Paid Search,New,0,1,1,1,1,0,0,1961.817059175692,0.0,1961.817059175692
109418,B,Desktop,Social,New,0,1,1,1,0,0,0,0.0,0.0,0.0
109419,B,Mobile,Paid Search,New,0,0,0,0,0,0,0,0.0,0.0,0.0
109420,A,Desktop,Direct,New,1,1,0,0,0,0,1,0.0,0.0,0.0
109421,B,Desktop,Paid Search,New,0,1,0,0,0,0,0,0.0,0.0,0.0
109422,A,Mobile,Organic,New,1,1,0,0,0,0,0,0.0,0.0,0.0
109423,A,Mobile,Social,New,0,0,0,0,0,0,0,0.0,0.0,0.0
109424,B,Tablet,Social,New,0,1,0,0,0,0,0,0.0,0.0,0.0
109425,A,Mobile,Email,Returning,0,1,1,1,1,0,0,2876.7793821218884,0.0,2876.7793821218884
109426,B,Tablet,Organic,New,0,1,0,0,0,0,0,0.0,0.0,0.0
109427,A,Mobile,Organic,New,0,0,0,0,0,0,1,0.0,0.0,0.0
109428,A,Tablet,Organic,Returning,0,1,1,1,0,0,0,0.0,0.0,0.0
109429,A,Mobile,Paid Search,New,0,0,0,0,0,0,0,0.0,0.0,0.0
109430,A,Desktop,Paid Search,New,0,0,0,0,0,0,0,0.0,0.0,0.0
109431,B,Mobile,Direct,Returning,0,1,0,0,0,0,0,0.0,0.0,0.0
109432,A,Desktop,Direct,Returning,0,1,0,0,0,0,0,0.0,0.0,0.0
109433,A,Mobile,Organic,New,0,0,0,0,0,0,1,0.0,0.0,0.0
109434,A,Mobile,Organic,New,0,0,0,0,0,0,0,0.0,0.0,0.0
109435,A,Mobile,Email,Returning,0,1,0,0,0,0,0,0.0,0.0,0.0
109436,A,Desktop,Email,New,0,1,0,0,0,0,1,0.0,0.0,0.0
109437,A,Mobile,Social,New,0,1,0,0,0,0,0,0.0,0.0,0.0
109438,A,Mobile,Email,New,0,1,0,0,0,0,0,0.0,0.0,0.0
109439,B,Mobile,Email,Returning,0,0,0,0,0,0,0,0.0,0.0,0.0
109440,A,Desktop,Paid Search,New,0,0,0,0,0,0,1,0.0,0.0,0.0
109441,A,Mobile,Paid Search,New,0,1,0,0,0,0,1,0.0,0.0,0.0
109442,A,Mobile,Direct,Returning,0,1,0,0,0,0,0,0.0,0.0,0.0
109443,B,Mobile,Email,New,0,1,0,0,0,0,1,0.0,0.0,0.0
109444,A,Desktop,Organic,New,0,0,0,0,0,0,0,0.0,0.0,0.0
109445,A,Desktop,Paid Search,Returning,0,1,0,0,0,0,0,0.0,0.0,0.0
109446,A,Mobile,Organic,New,0,1,0,0,0,0,0,0.0,0.0,0.0
109447,B,Mobile,Paid Search,Returning,0,1,1,1,1,1,0,3425.79130617887,3026.4787005676867,6452.270006746557
109448,B,Mobile,Social,New,0,1,0,0,0,0,1,0.0,0.0,0.0
109449,B,Mobile,Organic,Returning,0,1,0,0,0,0,1,0.0,0.0,0.0
109450,B,Mobile,Organic,New,0,0,0,0,0,0,0,0.0,0.0,0.0
109451,B,Mobile,Organic,New,0,0,0,0,0,0,0,0.0,0.0,0.0
109452,B,Mobile,Organic,New,0,1,1,0,0,0,1,0.0,0.0,0.0
109453,B,Mobile,Paid Search,Returning,0,1,0,0,0,0,1,0.0,0.0,0.0
109454,A,Mobile,Social,Returning,0,1,0,0,0,0,0,0.0,0.0,0.0
109455,A,Mobile,Organic,New,0,1,1,0,0,0,1,0.0,0.0,0.0
109456,A,Desktop,Email,New,0,1,0,0,0,0,0,0.0,0.0,0.0
109457,B,Desktop,Organic,Returning,0,1,0,0,0,0,0,0.0,0.0,0.0
109458,B,Desktop,Direct,Returning,0,1,0,0,0,0,1,0.0,0.0,0.0
109459,A,Mobile,Direct,New,0,0,0,0,0,0,0,0.0,0.0,0.0
109460,A,Desktop,Paid Search,New,0,1,0,0,0,0,1,0.0,0.0,0.0
109461,B,Mobile,Paid Search,New,0,0,0,0,0,0,0,0.0,0.0,0.0
109462,A,Desktop,Paid Search,New,0,1,0,0,0,0,1,0.0,0.0,0.0
109463,B,Mobile,Paid Search,New,1,1,0,0,0,0,1,0.0,0.0,0.0
109464,B,Mobile,Organic,New,0,1,1,0,0,0,1,0.0,0.0,0.0
109465,A,Mobile,Social,New,0,1,0,0,0,0,0,0.0,0.0,0.0
109466,A,Desktop,Email,New,0,1,0,0,0,0,0,0.0,0.0,0.0
109467,B,Desktop,Organic,Returning,0,0,0,0,0,0,0,0.0,0.0,0.0
109468,B,Mobile,Paid Search,Returning,0,0,0,0,0,0,0,0.0,0.0,0.0
109469,A,Mobile,Email,New,0,1,0,0,0,0,1,0.0,0.0,0.0
109470,B,Mobile,Paid Search,Returning,0,1,0,0,0,0,1,0.0,0.0,0.0
109471,A,Tablet,Paid Search,Returning,0,1,0,0,0,0,0,0.0,0.0,0.0
109472,A,Tablet,Social,New,0,1,0,0,0,0,1,0.0,0.0,0.0
109473,B,Tablet,Paid Search,New,0,1,0,0,0,0,0,0.0,0.0,0.0
109474,B,Tablet,Email,Returning,0,1,0,0,0,0,0,0.0,0.0,0.0
109475,B,Desktop,Email,New,1,0,0,0,0,0,1,0.0,0.0,0.0
109476,B,Mobile,Organic,New,0,0,0,0,0,0,1,0.0,0.0,0.0
109477,A,Desktop,Email,New,0,1,0,0,0,0,1,0.0,0.0,0.0
109478,A,Mobile,Organic,Returning,0,1,1,0,0,0,1,0.0,0.0,0.0
109479,A,Mobile,Paid Search,New,0,1,1,1,0,0,0,0.0,0.0,0.0
109480,A,Desktop,Email,Returning,0,1,0,0,0,0,0,0.0,0.0,0.0
109481,A,Mobile,Direct,New,0,1,0,0,0,0,1,0.0,0.0,0.0
109482,A,Mobile,Social,New,0,1,0,0,0,0,0,0.0,0.0,0.0
109483,B,Desktop,Organic,New,0,1,0,0,0,0,0,0.0,0.0,0.0
109484,B,Desktop,Social,New,0,0,0,0,0,0,1,0.0,0.0,0.0
109485,B,Mobile,Social,New,0,1,0,0,0,0,1,0.0,0.0,0.0
109486,B,Mobile,Email,New,0,1,0,0,0,0,1,0.0,0.0,0.0
109487,A,Mobile,Organic,New,0,1,0,0,0,0,0,0.0,0.0,0.0
109488,A,Desktop,Paid Search,New,0,1,0,0,0,0,1,0.0,0.0,0.0
109489,B,Mobile,Paid Search,New,0,1,0,0,0,0,1,0.0,0.0,0.0
109490,A,Mobile,Email,Returning,1,1,0,0,0,0,0,0.0,0.0,0.0
109491,B,Mobile,Organic,Returning,0,1,0,0,0,0,0,0.0,0.0,0.0
109492,A,Desktop,Direct,Returning,0,1,0,0,0,0,0,0.0,0.0,0.0
109493,B,Tablet,Paid Search,New,0,1,1,1,1,0,0,3041.8837926975734,0.0,3041.8837926975734
109494,B,Mobile,Organic,New,1,1,0,0,0,0,1,0.0,0.0,0.0
109495,A,Mobile,Organic,New,0,1,0,0,0,0,0,0.0,0.0,0.0
109496,A,Mobile,Social,New,0,1,1,1,1,0,0,3845.435142123813,0.0,3845.435142123813
109497,B,Mobile,Organic,New,0,1,0,0,0,0,0,0.0,0.0,0.0
109498,A,Mobile,Paid Search,New,0,1,0,0,0,0,0,0.0,0.0,0.0
109499,B,Mobile,Direct,Returning,0,1,0,0,0,0,0,0.0,0.0,0.0
109500,A,Mobile,Organic,New,0,1,0,0,0,0,1,0.0,0.0,0.0
109501,A,Mobile,Organic,New,0,1,1,0,0,0,0,0.0,0.0,0.0
109502,B,Mobile,Organic,New,0,1,1,0,0,0,0,0.0,0.0,0.0
109503,A,Mobile,Email,New,0,1,0,0,0,0,0,0.0,0.0,0.0
109504,B,Mobile,Social,Returning,0,1,0,0,0,0,1,0.0,0.0,0.0
109505,A,Tablet,Direct,New,0,1,0,0,0,0,0,0.0,0.0,0.0
109506,B,Mobile,Direct,New,1,1,1,0,0,0,0,0.0,0.0,0.0
109507,B,Mobile,Email,New,1,1,0,0,0,0,0,0.0,0.0,0.0
109508,B,Mobile,Paid Search,New,0,1,0,0,0,0,1,0.0,0.0,0.0
109509,A,Desktop,Paid Search,New,0,0,0,0,0,0,1,0.0,0.0,0.0
109510,B,Mobile,Organic,New,0,1,0,0,0,0,0,0.0,0.0,0.0
109511,B,Desktop,Social,New,0,1,0,0,0,0,1,0.0,0.0,0.0
109512,B,Mobile,Organic,Returning,0,1,0,0,0,0,0,0.0,0.0,0.0
109513,A,Mobile,Direct,New,0,1,1,0,0,0,1,0.0,0.0,0.0
109514,B,Mobile,Direct,Returning,0,1,0,0,0,0,1,0.0,0.0,0.0
109515,B,Mobile,Social,Returning,0,0,0,0,0,0,0,0.0,0.0,0.0
109516,B,Mobile,Social,New,0,1,0,0,0,0,0,0.0,0.0,0.0
109517,B,Mobile,Organic,New,0,1,0,0,0,0,1,0.0,0.0,0.0
109518,A,Desktop,Social,New,0,1,1,1,1,0,1,2940.3966152109724,0.0,2940.3966152109724
109519,B,Mobile,Paid Search,New,0,1,0,0,0,0,0,0.0,0.0,0.0
109520,B,Tablet,Organic,New,0,1,0,0,0,0,0,0.0,0.0,0.0
109521,B,Mobile,Email,New,1,1,0,0,0,0,0,0.0,0.0,0.0
109522,B,Mobile,Organic,Returning,0,1,0,0,0,0,0,0.0,0.0,0.0
109523,A,Mobile,Organic,New,0,1,0,0,0,0,0,0.0,0.0,0.0
109524,A,Mobile,Paid Search,Returning,0,1,0,0,0,0,1,0.0,0.0,0.0
109525,A,Mobile,Email,Returning,0,1,0,0,0,0,1,0.0,0.0,0.0
109526,A,Mobile,Direct,Returning,0,1,1,0,0,0,1,0.0,0.0,0.0
109527,A,Desktop,Social,Returning,0,1,0,0,0,0,1,0.0,0.0,0.0
109528,A,Desktop,Social,New,0,1,0,0,0,0,0,0.0,0.0,0.0
109529,A,Mobile,Paid Search,New,0,1,0,0,0,0,1,0.0,0.0,0.0
109530,A,Mobile,Organic,New,1,1,0,0,0,0,0,0.0,0.0,0.0
109531,B,Mobile,Paid Search,Returning,0,1,1,0,0,0,0,0.0,0.0,0.0
109532,A,Mobile,Direct,Returning,0,0,0,0,0,0,0,0.0,0.0,0.0
109533,B,Mobile,Organic,Returning,0,1,0,0,0,0,0,0.0,0.0,0.0
109534,B,Mobile,Direct,New,1,1,0,0,0,0,0,0.0,0.0,0.0
109535,A,Desktop,Social,New,0,1,0,0,0,0,1,0.0,0.0,0.0
109536,A,Mobile,Organic,New,0,1,0,0,0,0,0,0.0,0.0,0.0
109537,A,Mobile,Email,New,0,1,0,0,0,0,1,0.0,0.0,0.0
109538,B,Mobile,Paid Search,New,0,1,0,0,0,0,0,0.0,0.0,0.0
109539,A,Mobile,Organic,New,0,1,0,0,0,0,0,0.0,0.0,0.0
109540,B,Mobile,Direct,Returning,0,1,0,0,0,0,0,0.0,0.0,0.0
109541,B,Mobile,Direct,New,0,1,0,0,0,0,1,0.0,0.0,0.0
109542,B,Mobile,Direct,New,0,1,0,0,0,0,0,0.0,0.0,0.0
109543,B,Mobile,Email,New,0,0,0,0,0,0,0,0.0,0.0,0.0
109544,B,Mobile,Social,New,0,1,1,0,0,0,0,0.0,0.0,0.0
109545,B,Desktop,Social,New,0,1,1,1,1,0,0,4487.351811728735,0.0,4487.351811728735
109546,B,Mobile,Social,New,1,1,1,0,0,0,0,0.0,0.0,0.0
109547,A,Mobile,Paid Search,New,0,1,1,1,1,1,0,3027.403904211397,2791.5133485808356,5818.917252792233
109548,B,Mobile,Social,Returning,0,0,0,0,0,0,0,0.0,0.0,0.0
109549,B,Mobile,Organic,New,1,1,1,0,0,0,0,0.0,0.0,0.0
109550,B,Mobile,Organic,New,0,0,0,0,0,0,1,0.0,0.0,0.0
109551,B,Desktop,Social,New,0,1,0,0,0,0,1,0.0,0.0,0.0
109552,A,Mobile,Social,New,0,1,0,0,0,0,0,0.0,0.0,0.0
109553,B,Desktop,Paid Search,New,0,0,0,0,0,0,1,0.0,0.0,0.0
109554,A,Mobile,Direct,Returning,0,1,0,0,0,0,1,0.0,0.0,0.0
109555,B,Desktop,Social,New,0,0,0,0,0,0,0,0.0,0.0,0.0
109556,A,Mobile,Organic,Returning,0,0,0,0,0,0,1,0.0,0.0,0.0
109557,B,Desktop,Organic,Returning,1,1,0,0,0,0,1,0.0,0.0,0.0
109558,A,Desktop,Paid Search,New,0,1,0,0,0,0,0,0.0,0.0,0.0
109559,A,Mobile,Paid Search,New,0,0,0,0,0,0,1,0.0,0.0,0.0
109560,B,Mobile,Organic,New,0,1,1,1,1,0,0,3007.525053090763,0.0,3007.525053090763
109561,B,Desktop,Organic,New,0,1,0,0,0,0,0,0.0,0.0,0.0
109562,B,Mobile,Direct,Returning,0,1,0,0,0,0,0,0.0,0.0,0.0
109563,A,Desktop,Organic,Returning,0,1,0,0,0,0,1,0.0,0.0,0.0
109564,A,Mobile,Direct,Returning,0,1,0,0,0,0,1,0.0,0.0,0.0
109565,B,Desktop,Organic,New,0,1,0,0,0,0,1,0.0,0.0,0.0
109566,B,Mobile,Social,Returning,0,1,1,1,1,0,0,3445.4912990197827,0.0,3445.4912990197827
109567,B,Desktop,Social,New,0,1,0,0,0,0,0,0.0,0.0,0.0
109568,B,Mobile,Organic,New,1,1,0,0,0,0,1,0.0,0.0,0.0
109569,A,Mobile,Social,New,0,1,1,1,0,0,1,0.0,0.0,0.0
109570,B,Mobile,Paid Search,New,1,1,1,1,1,0,1,2096.425881078325,0.0,2096.425881078325
109571,A,Mobile,Direct,New,0,1,0,0,0,0,1,0.0,0.0,0.0
109572,A,Mobile,Paid Search,New,0,1,0,0,0,0,1,0.0,0.0,0.0
109573,A,Desktop,Paid Search,Returning,0,1,0,0,0,0,1,0.0,0.0,0.0
109574,A,Mobile,Organic,New,0,1,0,0,0,0,0,0.0,0.0,0.0
109575,A,Desktop,Organic,Returning,0,1,1,0,0,0,0,0.0,0.0,0.0
109576,A,Desktop,Paid Search,New,0,1,0,0,0,0,0,0.0,0.0,0.0
109577,B,Mobile,Paid Search,New,0,1,1,1,1,0,1,3763.031241801792,0.0,3763.031241801792
109578,B,Mobile,Social,New,0,0,0,0,0,0,0,0.0,0.0,0.0
109579,B,Mobile,Paid Search,New,0,1,0,0,0,0,0,0.0,0.0,0.0
109580,B,Mobile,Organic,Returning,0,1,0,0,0,0,1,0.0,0.0,0.0
109581,A,Mobile,Paid Search,New,0,0,0,0,0,0,1,0.0,0.0,0.0
109582,A,Mobile,Social,New,0,1,0,0,0,0,0,0.0,0.0,0.0
109583,B,Desktop,Social,New,0,0,0,0,0,0,1,0.0,0.0,0.0
109584,A,Mobile,Organic,New,0,1,1,1,0,0,0,0.0,0.0,0.0
109585,B,Mobile,Paid Search,New,1,1,1,1,1,0,0,2551.2149047955536,0.0,2551.2149047955536
109586,B,Mobile,Organic,New,0,1,0,0,0,0,0,0.0,0.0,0.0
109587,B,Mobile,Social,New,0,1,0,0,0,0,1,0.0,0.0,0.0
109588,A,Mobile,Social,Returning,1,1,0,0,0,0,0,0.0,0.0,0.0
109589,B,Mobile,Social,Returning,0,1,0,0,0,0,0,0.0,0.0,0.0
109590,A,Mobile,Organic,New,0,1,0,0,0,0,1,0.0,0.0,0.0
109591,B,Mobile,Paid Search,New,0,1,0,0,0,0,0,0.0,0.0,0.0
109592,A,Desktop,Organic,New,0,0,0,0,0,0,0,0.0,0.0,0.0
109593,B,Mobile,Paid Search,New,0,1,0,0,0,0,0,0.0,0.0,0.0
109594,A,Mobile,Organic,New,1,0,0,0,0,0,1,0.0,0.0,0.0
109595,B,Tablet,Social,New,0,1,0,0,0,0,1,0.0,0.0,0.0
109596,B,Mobile,Organic,New,0,1,0,0,0,0,1,0.0,0.0,0.0
109597,B,Desktop,Direct,New,0,1,0,0,0,0,1,0.0,0.0,0.0
109598,B,Mobile,Organic,New,0,1,0,0,0,0,0,0.0,0.0,0.0
109599,A,Mobile,Organic,Returning,0,0,0,0,0,0,0,0.0,0.0,0.0
109600,B,Desktop,Organic,Returning,0,1,0,0,0,0,1,0.0,0.0,0.0
109601,A,Desktop,Social,New,0,1,0,0,0,0,0,0.0,0.0,0.0
109602,B,Mobile,Organic,Returning,0,1,0,0,0,0,0,0.0,0.0,0.0
109603,A,Mobile,Email,New,0,1,0,0,0,0,0,0.0,0.0,0.0
109604,A,Desktop,Paid Search,New,0,1,0,0,0,0,0,0.0,0.0,0.0
109605,B,Desktop,Paid Search,Returning,0,1,0,0,0,0,0,0.0,0.0,0.0
109606,B,Mobile,Organic,New,0,1,0,0,0,0,1,0.0,0.0,0.0
109607,B,Mobile,Direct,New,0,1,0,0,0,0,0,0.0,0.0,0.0
109608,A,Tablet,Email,New,0,1,0,0,0,0,0,0.0,0.0,0.0
109609,B,Mobile,Organic,Returning,0,1,0,0,0,0,1,0.0,0.0,0.0
109610,B,Desktop,Paid Search,New,0,1,0,0,0,0,0,0.0,0.0,0.0
109611,A,Mobile,Organic,Returning,0,1,1,1,0,0,0,0.0,0.0,0.0
109612,B,Desktop,Social,New,0,1,0,0,0,0,0,0.0,0.0,0.0
109613,B,Desktop,Organic,New,0,1,0,0,0,0,0,0.0,0.0,0.0
109614,B,Mobile,Organic,New,0,1,0,0,0,0,1,0.0,0.0,0.0
109615,B,Mobile,Paid Search,New,0,1,0,0,0,0,0,0.0,0.0,0.0
109616,A,Mobile,Organic,New,0,1,0,0,0,0,0,0.0,0.0,0.0
109617,A,Desktop,Paid Search,New,0,1,0,0,0,0,0,0.0,0.0,0.0
109618,B,Mobile,Paid Search,New,0,1,1,0,0,0,0,0.0,0.0,0.0
109619,A,Mobile,Paid Search,New,0,1,0,0,0,0,0,0.0,0.0,0.0
109620,B,Mobile,Email,New,0,1,0,0,0,0,0,0.0,0.0,0.0
109621,B,Desktop,Organic,New,1,1,0,0,0,0,0,0.0,0.0,0.0
109622,A,Mobile,Social,New,0,1,1,1,1,0,1,2501.9548339059256,0.0,2501.9548339059256
109623,B,Mobile,Organic,New,0,1,0,0,0,0,0,0.0,0.0,0.0
109624,B,Desktop,Paid Search,New,0,1,0,0,0,0,0,0.0,0.0,0.0
109625,B,Mobile,Social,Returning,0,1,0,0,0,0,0,0.0,0.0,0.0
109626,A,Mobile,Social,New,0,1,0,0,0,0,1,0.0,0.0,0.0
109627,B,Desktop,Paid Search,Returning,1,0,0,0,0,0,1,0.0,0.0,0.0
109628,A,Mobile,Email,New,0,1,0,0,0,0,1,0.0,0.0,0.0
109629,B,Desktop,Paid Search,New,0,1,0,0,0,0,0,0.0,0.0,0.0
109630,A,Desktop,Paid Search,New,0,1,0,0,0,0,1,0.0,0.0,0.0
109631,B,Mobile,Social,New,0,1,0,0,0,0,0,0.0,0.0,0.0
109632,B,Mobile,Social,Returning,0,1,1,1,0,0,0,0.0,0.0,0.0
109633,A,Mobile,Direct,Returning,0,0,0,0,0,0,0,0.0,0.0,0.0
109634,B,Mobile,Direct,Returning,0,1,0,0,0,0,1,0.0,0.0,0.0
109635,B,Mobile,Email,New,0,1,1,0,0,0,1,0.0,0.0,0.0
109636,B,Mobile,Direct,Returning,0,1,0,0,0,0,1,0.0,0.0,0.0
109637,A,Mobile,Organic,New,0,1,0,0,0,0,1,0.0,0.0,0.0
109638,A,Mobile,Organic,New,0,1,0,0,0,0,1,0.0,0.0,0.0
109639,A,Desktop,Organic,New,0,0,0,0,0,0,0,0.0,0.0,0.0
109640,A,Mobile,Email,New,0,0,0,0,0,0,1,0.0,0.0,0.0
109641,B,Desktop,Email,New,0,1,0,0,0,0,0,0.0,0.0,0.0
109642,A,Mobile,Paid Search,New,0,1,0,0,0,0,0,0.0,0.0,0.0
109643,B,Mobile,Paid Search,New,0,1,0,0,0,0,0,0.0,0.0,0.0
109644,A,Mobile,Organic,New,0,1,0,0,0,0,0,0.0,0.0,0.0
109645,B,Desktop,Paid Search,New,1,1,0,0,0,0,0,0.0,0.0,0.0
109646,A,Mobile,Organic,Returning,0,1,0,0,0,0,0,0.0,0.0,0.0
109647,A,Mobile,Paid Search,Returning,0,0,0,0,0,0,1,0.0,0.0,0.0
109648,B,Desktop,Direct,Returning,1,1,0,0,0,0,0,0.0,0.0,0.0
109649,B,Desktop,Paid Search,New,0,0,0,0,0,0,0,0.0,0.0,0.0
109650,B,Mobile,Paid Search,New,0,0,0,0,0,0,1,0.0,0.0,0.0
109651,B,Mobile,Social,New,0,1,0,0,0,0,0,0.0,0.0,0.0
109652,A,Mobile,Direct,New,0,1,0,0,0,0,0,0.0,0.0,0.0
109653,A,Desktop,Direct,New,0,1,1,1,1,0,0,2210.8930532100862,0.0,2210.8930532100862
109654,B,Desktop,Organic,Returning,1,0,0,0,0,0,1,0.0,0.0,0.0
109655,A,Mobile,Organic,Returning,0,1,0,0,0,0,0,0.0,0.0,0.0
109656,A,Mobile,Email,New,0,0,0,0,0,0,0,0.0,0.0,0.0
109657,B,Desktop,Paid Search,New,0,1,0,0,0,0,0,0.0,0.0,0.0
109658,A,Mobile,Organic,Returning,1,1,1,0,0,0,1,0.0,0.0,0.0
109659,A,Mobile,Direct,New,0,0,0,0,0,0,1,0.0,0.0,0.0
109660,B,Mobile,Email,New,0,1,0,0,0,0,1,0.0,0.0,0.0
109661,B,Tablet,Organic,New,0,1,0,0,0,0,1,0.0,0.0,0.0
109662,A,Mobile,Email,New,0,1,0,0,0,0,1,0.0,0.0,0.0
109663,B,Mobile,Social,Returning,0,1,0,0,0,0,0,0.0,0.0,0.0
109664,A,Mobile,Organic,New,0,1,0,0,0,0,0,0.0,0.0,0.0
109665,A,Mobile,Paid Search,Returning,0,1,0,0,0,0,0,0.0,0.0,0.0
109666,A,Tablet,Paid Search,New,0,1,1,0,0,0,0,0.0,0.0,0.0
109667,A,Desktop,Organic,Returning,0,1,1,0,0,0,0,0.0,0.0,0.0
109668,A,Desktop,Social,New,0,1,0,0,0,0,0,0.0,0.0,0.0
109669,B,Mobile,Email,New,0,1,0,0,0,0,0,0.0,0.0,0.0
109670,A,Mobile,Paid Search,Returning,0,1,1,1,0,0,0,0.0,0.0,0.0
109671,A,Desktop,Paid Search,Returning,0,0,0,0,0,0,0,0.0,0.0,0.0
109672,A,Desktop,Social,New,0,1,0,0,0,0,0,0.0,0.0,0.0
109673,A,Tablet,Email,New,0,0,0,0,0,0,0,0.0,0.0,0.0
109674,A,Mobile,Organic,Returning,0,1,0,0,0,0,1,0.0,0.0,0.0
109675,A,Mobile,Paid Search,New,0,1,0,0,0,0,1,0.0,0.0,0.0
109676,A,Mobile,Paid Search,New,0,1,0,0,0,0,0,0.0,0.0,0.0
109677,A,Desktop,Email,New,1,1,0,0,0,0,0,0.0,0.0,0.0
109678,A,Tablet,Direct,New,1,1,1,0,0,0,1,0.0,0.0,0.0
109679,A,Desktop,Paid Search,Returning,0,0,0,0,0,0,0,0.0,0.0,0.0
109680,A,Desktop,Organic,New,0,1,0,0,0,0,0,0.0,0.0,0.0
109681,A,Mobile,Paid Search,New,0,0,0,0,0,0,0,0.0,0.0,0.0
109682,A,Mobile,Social,New,1,1,0,0,0,0,0,0.0,0.0,0.0
109683,A,Mobile,Social,Returning,0,1,0,0,0,0,0,0.0,0.0,0.0
109684,B,Mobile,Paid Search,Returning,0,1,1,1,0,0,0,0.0,0.0,0.0
109685,B,Desktop,Email,Returning,0,1,1,0,0,0,0,0.0,0.0,0.0
109686,B,Desktop,Paid Search,New,0,1,0,0,0,0,0,0.0,0.0,0.0
109687,A,Mobile,Social,New,0,0,0,0,0,0,0,0.0,0.0,0.0
109688,A,Mobile,Organic,Returning,0,0,0,0,0,0,0,0.0,0.0,0.0
109689,A,Desktop,Organic,New,0,1,0,0,0,0,0,0.0,0.0,0.0
109690,A,Mobile,Paid Search,New,0,1,0,0,0,0,0,0.0,0.0,0.0
109691,A,Mobile,Direct,Returning,0,1,0,0,0,0,1,0.0,0.0,0.0
109692,B,Desktop,Direct,New,0,1,0,0,0,0,0,0.0,0.0,0.0
109693,A,Mobile,Social,New,0,1,0,0,0,0,1,0.0,0.0,0.0
109694,B,Desktop,Email,New,0,1,0,0,0,0,1,0.0,0.0,0.0
109695,A,Mobile,Paid Search,Returning,0,0,0,0,0,0,0,0.0,0.0,0.0
109696,B,Desktop,Email,Returning,0,1,0,0,0,0,1,0.0,0.0,0.0
109697,B,Mobile,Email,New,0,1,0,0,0,0,0,0.0,0.0,0.0
109698,A,Mobile,Paid Search,New,0,0,0,0,0,0,1,0.0,0.0,0.0
109699,B,Mobile,Organic,New,0,1,0,0,0,0,1,0.0,0.0,0.0
109700,B,Mobile,Email,Returning,1,1,0,0,0,0,0,0.0,0.0,0.0
109701,A,Mobile,Organic,New,0,0,0,0,0,0,0,0.0,0.0,0.0
109702,B,Mobile,Social,New,1,1,0,0,0,0,1,0.0,0.0,0.0
109703,B,Mobile,Email,New,0,1,1,0,0,0,0,0.0,0.0,0.0
109704,A,Mobile,Direct,Returning,0,1,0,0,0,0,0,0.0,0.0,0.0
109705,A,Mobile,Social,New,0,0,0,0,0,0,0,0.0,0.0,0.0
109706,B,Mobile,Organic,Returning,0,1,0,0,0,0,0,0.0,0.0,0.0
109707,B,Desktop,Direct,New,0,1,1,1,1,1,0,3536.7124985378337,2954.955706114217,6491.668204652051
109708,B,Desktop,Paid Search,New,0,1,0,0,0,0,1,0.0,0.0,0.0
109709,B,Desktop,Direct,New,0,1,0,0,0,0,1,0.0,0.0,0.0
109710,B,Mobile,Organic,New,0,1,0,0,0,0,1,0.0,0.0,0.0
109711,B,Mobile,Social,New,0,1,0,0,0,0,1,0.0,0.0,0.0
109712,B,Mobile,Social,New,0,0,0,0,0,0,0,0.0,0.0,0.0
109713,A,Mobile,Organic,New,1,1,0,0,0,0,1,0.0,0.0,0.0
109714,A,Mobile,Direct,New,0,0,0,0,0,0,0,0.0,0.0,0.0
109715,B,Mobile,Paid Search,New,0,0,0,0,0,0,0,0.0,0.0,0.0
109716,A,Mobile,Organic,New,0,0,0,0,0,0,0,0.0,0.0,0.0
109717,B,Desktop,Direct,New,0,1,0,0,0,0,0,0.0,0.0,0.0
109718,A,Mobile,Email,New,0,1,0,0,0,0,0,0.0,0.0,0.0
109719,B,Desktop,Organic,New,0,0,0,0,0,0,0,0.0,0.0,0.0
109720,B,Mobile,Social,New,0,1,0,0,0,0,0,0.0,0.0,0.0
109721,A,Mobile,Organic,New,1,1,0,0,0,0,1,0.0,0.0,0.0
109722,B,Desktop,Paid Search,Returning,0,1,0,0,0,0,0,0.0,0.0,0.0
109723,A,Desktop,Paid Search,New,0,1,1,1,0,0,0,0.0,0.0,0.0
109724,A,Mobile,Social,New,0,1,0,0,0,0,0,0.0,0.0,0.0
109725,B,Mobile,Social,Returning,0,1,0,0,0,0,1,0.0,0.0,0.0
109726,A,Mobile,Direct,New,0,1,0,0,0,0,1,0.0,0.0,0.0
109727,A,Mobile,Direct,New,0,1,0,0,0,0,0,0.0,0.0,0.0
109728,A,Mobile,Direct,New,0,1,0,0,0,0,1,0.0,0.0,0.0
109729,A,Mobile,Direct,Returning,1,0,0,0,0,0,0,0.0,0.0,0.0
109730,B,Desktop,Paid Search,New,0,1,1,0,0,0,0,0.0,0.0,0.0
109731,B,Desktop,Paid Search,Returning,0,1,1,1,0,0,0,0.0,0.0,0.0
109732,A,Mobile,Organic,Returning,0,1,0,0,0,0,1,0.0,0.0,0.0
109733,B,Mobile,Social,New,0,0,0,0,0,0,1,0.0,0.0,0.0
109734,A,Mobile,Paid Search,New,1,1,0,0,0,0,0,0.0,0.0,0.0
109735,A,Mobile,Direct,New,0,1,0,0,0,0,0,0.0,0.0,0.0
109736,A,Desktop,Organic,Returning,0,1,0,0,0,0,0,0.0,0.0,0.0
109737,A,Mobile,Paid Search,New,0,0,0,0,0,0,1,0.0,0.0,0.0
109738,A,Mobile,Email,Returning,0,1,1,0,0,0,0,0.0,0.0,0.0
109739,B,Mobile,Social,New,0,1,0,0,0,0,0,0.0,0.0,0.0
109740,A,Mobile,Direct,New,0,1,0,0,0,0,0,0.0,0.0,0.0
109741,A,Mobile,Direct,Returning,0,1,0,0,0,0,0,0.0,0.0,0.0
109742,A,Tablet,Email,New,0,1,0,0,0,0,0,0.0,0.0,0.0
109743,B,Mobile,Paid Search,Returning,0,1,0,0,0,0,1,0.0,0.0,0.0
109744,B,Mobile,Organic,New,0,1,0,0,0,0,1,0.0,0.0,0.0
109745,A,Mobile,Paid Search,New,0,0,0,0,0,0,0,0.0,0.0,0.0
109746,A,Mobile,Organic,New,0,1,0,0,0,0,1,0.0,0.0,0.0
109747,B,Mobile,Organic,New,0,0,0,0,0,0,0,0.0,0.0,0.0
109748,A,Mobile,Social,Returning,0,1,0,0,0,0,1,0.0,0.0,0.0
109749,A,Desktop,Direct,New,0,1,0,0,0,0,1,0.0,0.0,0.0
109750,B,Mobile,Paid Search,New,0,1,0,0,0,0,0,0.0,0.0,0.0
109751,A,Desktop,Paid Search,New,0,1,0,0,0,0,0,0.0,0.0,0.0
109752,A,Mobile,Direct,New,0,0,0,0,0,0,1,0.0,0.0,0.0
109753,B,Mobile,Email,Returning,0,1,0,0,0,0,0,0.0,0.0,0.0
109754,A,Mobile,Direct,New,0,0,0,0,0,0,0,0.0,0.0,0.0
109755,B,Mobile,Organic,New,0,1,0,0,0,0,0,0.0,0.0,0.0
109756,B,Mobile,Social,New,0,1,0,0,0,0,0,0.0,0.0,0.0
109757,B,Mobile,Paid Search,New,0,1,0,0,0,0,1,0.0,0.0,0.0
109758,A,Desktop,Organic,Returning,0,1,0,0,0,0,0,0.0,0.0,0.0
109759,B,Tablet,Social,New,0,0,0,0,0,0,0,0.0,0.0,0.0
109760,B,Mobile,Organic,New,0,1,0,0,0,0,1,0.0,0.0,0.0
109761,B,Mobile,Social,Returning,0,1,0,0,0,0,1,0.0,0.0,0.0
109762,A,Desktop,Paid Search,Returning,0,0,0,0,0,0,0,0.0,0.0,0.0
109763,B,Desktop,Organic,Returning,1,1,0,0,0,0,0,0.0,0.0,0.0
109764,B,Mobile,Social,Returning,0,1,0,0,0,0,0,0.0,0.0,0.0
109765,A,Desktop,Email,New,0,1,0,0,0,0,0,0.0,0.0,0.0
109766,A,Mobile,Organic,New,0,1,1,0,0,0,0,0.0,0.0,0.0
109767,A,Mobile,Social,Returning,0,1,0,0,0,0,0,0.0,0.0,0.0
109768,A,Desktop,Social,New,0,1,0,0,0,0,0,0.0,0.0,0.0
109769,A,Mobile,Paid Search,New,0,1,0,0,0,0,0,0.0,0.0,0.0
109770,A,Mobile,Email,Returning,0,0,0,0,0,0,1,0.0,0.0,0.0
109771,A,Mobile,Email,New,0,1,0,0,0,0,1,0.0,0.0,0.0
109772,A,Mobile,Organic,New,0,1,0,0,0,0,0,0.0,0.0,0.0
109773,A,Desktop,Organic,New,0,0,0,0,0,0,0,0.0,0.0,0.0
109774,A,Desktop,Social,New,1,1,0,0,0,0,0,0.0,0.0,0.0
109775,A,Tablet,Organic,Returning,0,1,0,0,0,0,0,0.0,0.0,0.0
109776,A,Mobile,Email,New,0,1,0,0,0,0,0,0.0,0.0,0.0
109777,A,Desktop,Social,New,0,1,0,0,0,0,0,0.0,0.0,0.0
109778,B,Desktop,Organic,New,0,0,0,0,0,0,0,0.0,0.0,0.0
109779,A,Desktop,Organic,New,0,1,0,0,0,0,0,0.0,0.0,0.0
109780,A,Mobile,Organic,New,0,1,0,0,0,0,0,0.0,0.0,0.0
109781,B,Mobile,Paid Search,New,0,1,1,0,0,0,0,0.0,0.0,0.0
109782,A,Desktop,Paid Search,Returning,0,1,0,0,0,0,0,0.0,0.0,0.0
109783,B,Mobile,Email,New,0,0,0,0,0,0,0,0.0,0.0,0.0
109784,B,Mobile,Direct,New,0,1,0,0,0,0,0,0.0,0.0,0.0
109785,B,Mobile,Direct,New,0,1,1,0,0,0,1,0.0,0.0,0.0
109786,B,Mobile,Paid Search,New,0,1,0,0,0,0,1,0.0,0.0,0.0
109787,A,Desktop,Email,New,0,1,0,0,0,0,0,0.0,0.0,0.0
109788,B,Desktop,Social,New,0,1,0,0,0,0,0,0.0,0.0,0.0
109789,B,Desktop,Paid Search,New,0,1,0,0,0,0,0,0.0,0.0,0.0
109790,B,Desktop,Paid Search,New,0,1,1,1,1,1,1,3655.391911863656,4290.001551271434,7945.39346313509
109791,B,Mobile,Email,New,0,0,0,0,0,0,0,0.0,0.0,0.0
109792,B,Tablet,Paid Search,New,0,0,0,0,0,0,0,0.0,0.0,0.0
109793,B,Mobile,Organic,New,0,1,0,0,0,0,1,0.0,0.0,0.0
109794,B,Tablet,Organic,Returning,0,0,0,0,0,0,1,0.0,0.0,0.0
109795,A,Mobile,Social,New,0,1,0,0,0,0,1,0.0,0.0,0.0
109796,B,Mobile,Social,New,0,1,1,1,1,0,0,3324.15141927171,0.0,3324.15141927171
109797,A,Desktop,Organic,New,1,1,0,0,0,0,0,0.0,0.0,0.0
109798,B,Desktop,Paid Search,Returning,0,0,0,0,0,0,0,0.0,0.0,0.0
109799,A,Mobile,Email,New,0,1,0,0,0,0,0,0.0,0.0,0.0
109800,A,Mobile,Email,New,0,1,0,0,0,0,0,0.0,0.0,0.0
109801,A,Mobile,Paid Search,New,0,1,0,0,0,0,0,0.0,0.0,0.0
109802,A,Mobile,Email,Returning,0,1,0,0,0,0,1,0.0,0.0,0.0
109803,A,Mobile,Social,New,0,1,0,0,0,0,1,0.0,0.0,0.0
109804,B,Mobile,Direct,New,1,1,0,0,0,0,0,0.0,0.0,0.0
109805,A,Mobile,Social,Returning,0,0,0,0,0,0,0,0.0,0.0,0.0
109806,A,Mobile,Paid Search,New,0,1,0,0,0,0,0,0.0,0.0,0.0
109807,A,Desktop,Organic,New,0,1,0,0,0,0,0,0.0,0.0,0.0
109808,A,Desktop,Direct,New,0,0,0,0,0,0,1,0.0,0.0,0.0
109809,B,Mobile,Paid Search,New,0,1,0,0,0,0,0,0.0,0.0,0.0
109810,A,Desktop,Email,New,0,1,0,0,0,0,0,0.0,0.0,0.0
109811,A,Mobile,Organic,New,0,1,0,0,0,0,0,0.0,0.0,0.0
109812,A,Mobile,Social,New,0,1,0,0,0,0,1,0.0,0.0,0.0
109813,A,Mobile,Organic,New,1,1,0,0,0,0,0,0.0,0.0,0.0
109814,B,Desktop,Paid Search,New,0,1,0,0,0,0,1,0.0,0.0,0.0
109815,B,Desktop,Organic,New,0,0,0,0,0,0,0,0.0,0.0,0.0
109816,A,Desktop,Paid Search,New,0,0,0,0,0,0,0,0.0,0.0,0.0
109817,B,Mobile,Paid Search,Returning,0,1,1,1,1,1,0,2241.5908174528654,2743.6904510127265,4985.281268465592
109818,A,Desktop,Social,New,0,1,0,0,0,0,0,0.0,0.0,0.0
109819,A,Mobile,Organic,New,0,1,0,0,0,0,0,0.0,0.0,0.0
109820,B,Mobile,Social,New,0,1,1,0,0,0,0,0.0,0.0,0.0
109821,A,Desktop,Direct,New,0,1,0,0,0,0,1,0.0,0.0,0.0
109822,B,Mobile,Social,New,1,1,0,0,0,0,1,0.0,0.0,0.0
109823,A,Tablet,Social,New,0,1,0,0,0,0,1,0.0,0.0,0.0
109824,B,Mobile,Paid Search,New,1,1,0,0,0,0,0,0.0,0.0,0.0
109825,B,Mobile,Social,New,0,1,0,0,0,0,0,0.0,0.0,0.0
109826,B,Tablet,Direct,New,0,1,0,0,0,0,0,0.0,0.0,0.0
109827,A,Mobile,Social,New,0,1,0,0,0,0,0,0.0,0.0,0.0
109828,A,Mobile,Organic,Returning,0,1,0,0,0,0,1,0.0,0.0,0.0
109829,B,Mobile,Organic,New,0,0,0,0,0,0,0,0.0,0.0,0.0
109830,A,Desktop,Organic,New,0,1,0,0,0,0,1,0.0,0.0,0.0
109831,B,Desktop,Organic,New,0,1,0,0,0,0,1,0.0,0.0,0.0
109832,B,Desktop,Email,New,0,1,0,0,0,0,0,0.0,0.0,0.0
109833,A,Mobile,Paid Search,New,0,1,1,0,0,0,0,0.0,0.0,0.0
109834,A,Mobile,Organic,Returning,0,1,0,0,0,0,0,0.0,0.0,0.0
109835,A,Desktop,Social,New,0,1,0,0,0,0,0,0.0,0.0,0.0
109836,A,Tablet,Direct,New,0,1,0,0,0,0,0,0.0,0.0,0.0
109837,A,Mobile,Organic,New,0,1,0,0,0,0,0,0.0,0.0,0.0
109838,B,Mobile,Organic,New,1,1,0,0,0,0,1,0.0,0.0,0.0
109839,B,Mobile,Organic,Returning,0,0,0,0,0,0,1,0.0,0.0,0.0
109840,A,Mobile,Organic,New,0,1,0,0,0,0,0,0.0,0.0,0.0
109841,B,Mobile,Organic,New,0,1,0,0,0,0,0,0.0,0.0,0.0
109842,B,Mobile,Paid Search,New,0,1,0,0,0,0,0,0.0,0.0,0.0
109843,B,Mobile,Paid Search,New,0,1,0,0,0,0,0,0.0,0.0,0.0
109844,B,Mobile,Organic,New,0,0,0,0,0,0,0,0.0,0.0,0.0
109845,A,Mobile,Direct,New,0,1,0,0,0,0,0,0.0,0.0,0.0
109846,B,Mobile,Organic,New,0,1,1,0,0,0,0,0.0,0.0,0.0
109847,A,Mobile,Email,Returning,0,1,0,0,0,0,0,0.0,0.0,0.0
109848,B,Mobile,Social,Returning,0,1,0,0,0,0,1,0.0,0.0,0.0
109849,A,Mobile,Organic,New,0,1,0,0,0,0,0,0.0,0.0,0.0
109850,B,Mobile,Organic,Returning,1,1,0,0,0,0,0,0.0,0.0,0.0
109851,B,Mobile,Paid Search,Returning,0,1,0,0,0,0,0,0.0,0.0,0.0
109852,A,Desktop,Social,New,0,1,0,0,0,0,0,0.0,0.0,0.0
109853,A,Tablet,Direct,New,1,1,0,0,0,0,0,0.0,0.0,0.0
109854,B,Desktop,Organic,New,0,1,1,1,1,0,1,2146.0766954670667,0.0,2146.0766954670667
109855,A,Desktop,Social,New,0,1,0,0,0,0,0,0.0,0.0,0.0
109856,A,Mobile,Paid Search,New,0,1,1,1,0,0,0,0.0,0.0,0.0
109857,B,Mobile,Direct,New,0,1,0,0,0,0,1,0.0,0.0,0.0
109858,A,Mobile,Social,New,0,1,1,1,0,0,0,0.0,0.0,0.0
109859,B,Mobile,Social,New,1,1,0,0,0,0,1,0.0,0.0,0.0
109860,B,Mobile,Direct,New,0,1,0,0,0,0,0,0.0,0.0,0.0
109861,A,Desktop,Organic,New,0,0,0,0,0,0,1,0.0,0.0,0.0
109862,B,Desktop,Social,New,0,1,0,0,0,0,0,0.0,0.0,0.0
109863,B,Mobile,Organic,New,0,1,0,0,0,0,0,0.0,0.0,0.0
109864,B,Mobile,Email,New,0,1,1,1,0,0,0,0.0,0.0,0.0
109865,B,Desktop,Direct,New,0,1,0,0,0,0,0,0.0,0.0,0.0
109866,B,Desktop,Paid Search,New,0,1,0,0,0,0,0,0.0,0.0,0.0
109867,B,Desktop,Direct,New,0,1,0,0,0,0,1,0.0,0.0,0.0
109868,A,Mobile,Direct,New,1,1,0,0,0,0,0,0.0,0.0,0.0
109869,A,Mobile,Organic,New,0,0,0,0,0,0,0,0.0,0.0,0.0
109870,A,Desktop,Social,New,0,0,0,0,0,0,0,0.0,0.0,0.0
109871,A,Desktop,Organic,New,0,1,0,0,0,0,1,0.0,0.0,0.0
109872,B,Desktop,Organic,Returning,0,1,0,0,0,0,1,0.0,0.0,0.0
109873,A,Desktop,Paid Search,New,0,1,0,0,0,0,1,0.0,0.0,0.0
109874,B,Tablet,Paid Search,New,0,0,0,0,0,0,0,0.0,0.0,0.0
109875,B,Mobile,Paid Search,New,0,1,0,0,0,0,0,0.0,0.0,0.0
109876,A,Desktop,Organic,New,0,1,1,0,0,0,0,0.0,0.0,0.0
109877,A,Mobile,Paid Search,New,1,1,0,0,0,0,1,0.0,0.0,0.0
109878,B,Desktop,Organic,New,0,1,0,0,0,0,0,0.0,0.0,0.0
109879,B,Desktop,Email,Returning,0,1,0,0,0,0,1,0.0,0.0,0.0
109880,B,Mobile,Paid Search,New,0,0,0,0,0,0,0,0.0,0.0,0.0
109881,A,Mobile,Paid Search,New,0,1,1,1,1,1,0,2497.1835423050634,2907.768440218401,5404.951982523464
109882,B,Desktop,Organic,Returning,0,0,0,0,0,0,1,0.0,0.0,0.0
109883,B,Desktop,Organic,Returning,1,1,0,0,0,0,1,0.0,0.0,0.0
109884,A,Mobile,Paid Search,Returning,0,1,0,0,0,0,1,0.0,0.0,0.0
109885,A,Mobile,Organic,New,0,1,0,0,0,0,1,0.0,0.0,0.0
109886,B,Mobile,Social,Returning,0,1,0,0,0,0,1,0.0,0.0,0.0
109887,A,Mobile,Social,New,0,1,1,0,0,0,0,0.0,0.0,0.0
109888,B,Mobile,Paid Search,Returning,0,1,0,0,0,0,0,0.0,0.0,0.0
109889,B,Mobile,Organic,New,0,1,0,0,0,0,0,0.0,0.0,0.0
109890,A,Mobile,Email,New,0,0,0,0,0,0,0,0.0,0.0,0.0
109891,B,Desktop,Organic,New,0,1,0,0,0,0,1,0.0,0.0,0.0
109892,A,Mobile,Organic,Returning,0,1,0,0,0,0,0,0.0,0.0,0.0
109893,B,Mobile,Organic,New,1,1,0,0,0,0,0,0.0,0.0,0.0
109894,B,Mobile,Paid Search,New,0,1,0,0,0,0,1,0.0,0.0,0.0
109895,B,Mobile,Direct,Returning,0,0,0,0,0,0,0,0.0,0.0,0.0
109896,A,Mobile,Social,New,0,0,0,0,0,0,1,0.0,0.0,0.0
109897,A,Tablet,Organic,New,0,0,0,0,0,0,0,0.0,0.0,0.0
109898,A,Mobile,Email,Returning,0,0,0,0,0,0,1,0.0,0.0,0.0
109899,B,Mobile,Organic,New,0,1,0,0,0,0,0,0.0,0.0,0.0
109900,B,Mobile,Paid Search,New,0,0,0,0,0,0,0,0.0,0.0,0.0
109901,B,Mobile,Social,Returning,0,1,0,0,0,0,0,0.0,0.0,0.0
109902,A,Desktop,Paid Search,New,0,1,1,1,0,0,0,0.0,0.0,0.0
109903,B,Desktop,Paid Search,New,1,1,0,0,0,0,0,0.0,0.0,0.0
109904,A,Desktop,Organic,New,1,1,0,0,0,0,0,0.0,0.0,0.0
109905,A,Desktop,Organic,New,0,1,1,0,0,0,0,0.0,0.0,0.0
109906,A,Desktop,Email,Returning,0,1,0,0,0,0,1,0.0,0.0,0.0
109907,A,Desktop,Organic,New,0,1,0,0,0,0,0,0.0,0.0,0.0
109908,A,Desktop,Direct,New,0,0,0,0,0,0,0,0.0,0.0,0.0
109909,A,Tablet,Organic,New,0,1,0,0,0,0,1,0.0,0.0,0.0
109910,A,Mobile,Organic,New,1,1,0,0,0,0,0,0.0,0.0,0.0
109911,B,Mobile,Paid Search,New,0,1,0,0,0,0,1,0.0,0.0,0.0
109912,A,Mobile,Paid Search,New,0,0,0,0,0,0,0,0.0,0.0,0.0
109913,B,Mobile,Social,Returning,0,0,0,0,0,0,0,0.0,0.0,0.0
109914,A,Mobile,Email,Returning,0,1,0,0,0,0,0,0.0,0.0,0.0
109915,A,Mobile,Social,Returning,1,0,0,0,0,0,1,0.0,0.0,0.0
109916,B,Desktop,Organic,New,0,1,0,0,0,0,0,0.0,0.0,0.0
109917,A,Mobile,Organic,Returning,0,0,0,0,0,0,1,0.0,0.0,0.0
109918,B,Mobile,Direct,New,0,1,1,1,1,1,0,2583.0013358310516,2577.7398601339305,5160.741195964982
109919,B,Mobile,Paid Search,New,0,1,0,0,0,0,0,0.0,0.0,0.0
109920,A,Mobile,Social,Returning,0,1,1,0,0,0,0,0.0,0.0,0.0
109921,A,Mobile,Social,New,0,1,0,0,0,0,0,0.0,0.0,0.0
109922,B,Mobile,Paid Search,New,0,1,0,0,0,0,1,0.0,0.0,0.0
109923,B,Mobile,Paid Search,New,1,1,0,0,0,0,1,0.0,0.0,0.0
109924,A,Mobile,Social,New,0,1,0,0,0,0,0,0.0,0.0,0.0
109925,A,Mobile,Organic,Returning,0,1,0,0,0,0,1,0.0,0.0,0.0
109926,A,Mobile,Social,New,0,1,0,0,0,0,1,0.0,0.0,0.0
109927,A,Mobile,Social,New,0,1,0,0,0,0,1,0.0,0.0,0.0
109928,B,Mobile,Paid Search,New,0,0,0,0,0,0,1,0.0,0.0,0.0
109929,A,Mobile,Social,New,1,1,1,0,0,0,1,0.0,0.0,0.0
109930,B,Mobile,Organic,New,0,1,0,0,0,0,1,0.0,0.0,0.0
109931,A,Mobile,Email,New,0,0,0,0,0,0,1,0.0,0.0,0.0
109932,B,Desktop,Organic,New,0,1,0,0,0,0,0,0.0,0.0,0.0
109933,B,Mobile,Social,New,0,1,0,0,0,0,0,0.0,0.0,0.0
109934,B,Desktop,Social,New,0,1,1,1,1,0,1,3211.2979038715266,0.0,3211.2979038715266
109935,B,Desktop,Social,New,0,0,0,0,0,0,0,0.0,0.0,0.0
109936,A,Mobile,Organic,New,0,1,0,0,0,0,0,0.0,0.0,0.0
109937,A,Mobile,Organic,Returning,0,1,0,0,0,0,0,0.0,0.0,0.0
109938,A,Mobile,Organic,New,0,1,0,0,0,0,0,0.0,0.0,0.0
109939,B,Mobile,Organic,New,0,0,0,0,0,0,0,0.0,0.0,0.0
109940,A,Mobile,Social,New,0,1,0,0,0,0,1,0.0,0.0,0.0
109941,A,Mobile,Email,New,0,0,0,0,0,0,0,0.0,0.0,0.0
109942,A,Desktop,Paid Search,New,0,1,0,0,0,0,1,0.0,0.0,0.0
109943,B,Desktop,Email,New,0,1,0,0,0,0,0,0.0,0.0,0.0
109944,B,Mobile,Paid Search,New,0,1,0,0,0,0,1,0.0,0.0,0.0
109945,A,Mobile,Organic,Returning,0,0,0,0,0,0,0,0.0,0.0,0.0
109946,A,Mobile,Email,New,0,1,0,0,0,0,0,0.0,0.0,0.0
109947,A,Mobile,Social,New,0,1,1,0,0,0,1,0.0,0.0,0.0
109948,A,Mobile,Organic,New,0,1,0,0,0,0,1,0.0,0.0,0.0
109949,B,Desktop,Email,New,0,1,0,0,0,0,1,0.0,0.0,0.0
109950,B,Desktop,Direct,New,0,1,0,0,0,0,0,0.0,0.0,0.0
109951,B,Mobile,Social,New,0,1,0,0,0,0,0,0.0,0.0,0.0
109952,A,Mobile,Social,New,0,1,0,0,0,0,0,0.0,0.0,0.0
109953,B,Mobile,Social,Returning,0,1,1,1,1,1,0,3859.8535036176586,4488.621290340558,8348.474793958216
109954,B,Mobile,Paid Search,New,0,1,1,0,0,0,1,0.0,0.0,0.0
109955,B,Mobile,Organic,New,1,1,0,0,0,0,0,0.0,0.0,0.0
109956,B,Mobile,Organic,Returning,0,0,0,0,0,0,0,0.0,0.0,0.0
109957,A,Mobile,Organic,Returning,0,1,0,0,0,0,0,0.0,0.0,0.0
109958,A,Tablet,Organic,New,0,1,0,0,0,0,0,0.0,0.0,0.0
109959,A,Desktop,Paid Search,New,0,1,0,0,0,0,1,0.0,0.0,0.0
109960,B,Mobile,Paid Search,Returning,0,1,0,0,0,0,0,0.0,0.0,0.0
109961,A,Mobile,Direct,Returning,0,1,0,0,0,0,1,0.0,0.0,0.0
109962,A,Mobile,Social,New,1,1,0,0,0,0,1,0.0,0.0,0.0
109963,B,Desktop,Paid Search,New,0,0,0,0,0,0,1,0.0,0.0,0.0
109964,A,Mobile,Organic,Returning,0,1,0,0,0,0,1,0.0,0.0,0.0
109965,A,Desktop,Organic,New,0,1,1,0,0,0,0,0.0,0.0,0.0
109966,A,Mobile,Organic,New,0,1,0,0,0,0,0,0.0,0.0,0.0
109967,A,Desktop,Organic,Returning,1,1,0,0,0,0,1,0.0,0.0,0.0
109968,B,Mobile,Paid Search,New,0,1,0,0,0,0,1,0.0,0.0,0.0
109969,B,Mobile,Social,New,0,0,0,0,0,0,1,0.0,0.0,0.0
109970,B,Mobile,Paid Search,New,0,1,0,0,0,0,0,0.0,0.0,0.0
109971,B,Mobile,Paid Search,New,0,1,1,1,1,0,0,3679.333979348999,0.0,3679.333979348999
109972,B,Mobile,Email,New,0,1,0,0,0,0,1,0.0,0.0,0.0
109973,B,Mobile,Social,New,0,1,0,0,0,0,0,0.0,0.0,0.0
109974,A,Tablet,Organic,New,0,1,0,0,0,0,1,0.0,0.0,0.0
109975,A,Mobile,Paid Search,Returning,0,1,1,0,0,0,0,0.0,0.0,0.0
109976,B,Mobile,Social,New,0,0,0,0,0,0,0,0.0,0.0,0.0
109977,B,Desktop,Email,Returning,0,1,0,0,0,0,0,0.0,0.0,0.0
109978,B,Mobile,Organic,New,0,1,0,0,0,0,1,0.0,0.0,0.0
109979,A,Mobile,Email,Returning,0,1,1,0,0,0,0,0.0,0.0,0.0
109980,A,Desktop,Organic,New,0,1,0,0,0,0,0,0.0,0.0,0.0
109981,B,Mobile,Social,New,0,0,0,0,0,0,1,0.0,0.0,0.0
109982,A,Mobile,Organic,New,0,0,0,0,0,0,1,0.0,0.0,0.0
109983,A,Desktop,Organic,New,0,0,0,0,0,0,0,0.0,0.0,0.0
109984,B,Desktop,Organic,New,0,0,0,0,0,0,1,0.0,0.0,0.0
109985,A,Mobile,Paid Search,New,0,1,0,0,0,0,1,0.0,0.0,0.0
109986,B,Mobile,Email,New,0,1,0,0,0,0,0,0.0,0.0,0.0
109987,B,Mobile,Social,New,0,1,0,0,0,0,0,0.0,0.0,0.0
109988,A,Tablet,Direct,New,0,1,0,0,0,0,0,0.0,0.0,0.0
109989,A,Tablet,Paid Search,New,1,1,0,0,0,0,1,0.0,0.0,0.0
109990,B,Desktop,Paid Search,New,0,1,0,0,0,0,0,0.0,0.0,0.0
109991,A,Mobile,Organic,New,0,0,0,0,0,0,0,0.0,0.0,0.0
109992,A,Mobile,Social,Returning,0,1,0,0,0,0,0,0.0,0.0,0.0
109993,B,Mobile,Social,New,0,0,0,0,0,0,1,0.0,0.0,0.0
109994,B,Mobile,Paid Search,Returning,1,0,0,0,0,0,0,0.0,0.0,0.0
109995,B,Mobile,Organic,New,1,0,0,0,0,0,0,0.0,0.0,0.0
109996,B,Mobile,Paid Search,New,0,1,0,0,0,0,1,0.0,0.0,0.0
109997,B,Desktop,Organic,Returning,0,1,0,0,0,0,0,0.0,0.0,0.0
109998,A,Desktop,Direct,New,0,1,0,0,0,0,1,0.0,0.0,0.0
109999,A,Mobile,Email,Returning,0,1,1,1,0,0,1,0.0,0.0,0.0
110000,A,Mobile,Email,New,0,1,0,0,0,0,1,0.0,0.0,0.0
110001,B,Mobile,Social,New,0,1,1,1,1,1,0,2651.0212894982396,3015.462976923121,5666.484266421361
110002,B,Desktop,Organic,Returning,0,1,1,1,1,1,0,3810.2310759524185,4256.078860156095,8066.309936108513
110003,A,Mobile,Email,Returning,1,1,0,0,0,0,0,0.0,0.0,0.0
110004,A,Desktop,Organic,New,0,0,0,0,0,0,0,0.0,0.0,0.0
110005,A,Mobile,Social,New,0,1,1,0,0,0,0,0.0,0.0,0.0
110006,A,Mobile,Social,New,0,0,0,0,0,0,0,0.0,0.0,0.0
110007,B,Desktop,Paid Search,New,0,1,0,0,0,0,1,0.0,0.0,0.0
110008,B,Mobile,Organic,New,0,1,0,0,0,0,0,0.0,0.0,0.0
110009,B,Mobile,Paid Search,New,0,1,0,0,0,0,0,0.0,0.0,0.0
110010,B,Mobile,Direct,New,0,1,0,0,0,0,1,0.0,0.0,0.0
110011,B,Mobile,Organic,Returning,0,1,1,0,0,0,0,0.0,0.0,0.0
110012,A,Mobile,Organic,Returning,1,0,0,0,0,0,0,0.0,0.0,0.0
110013,B,Mobile,Direct,New,0,0,0,0,0,0,1,0.0,0.0,0.0
110014,B,Mobile,Organic,New,0,1,0,0,0,0,1,0.0,0.0,0.0
110015,B,Mobile,Organic,New,0,1,1,1,1,0,0,3025.9556296733367,0.0,3025.9556296733367
110016,A,Desktop,Direct,New,0,1,1,0,0,0,0,0.0,0.0,0.0
110017,B,Tablet,Paid Search,New,0,1,1,0,0,0,0,0.0,0.0,0.0
110018,B,Mobile,Social,Returning,0,1,0,0,0,0,1,0.0,0.0,0.0
110019,A,Mobile,Social,Returning,0,1,0,0,0,0,0,0.0,0.0,0.0
110020,A,Desktop,Organic,New,1,1,0,0,0,0,0,0.0,0.0,0.0
110021,A,Mobile,Organic,Returning,0,1,0,0,0,0,0,0.0,0.0,0.0
110022,A,Mobile,Paid Search,New,0,1,0,0,0,0,0,0.0,0.0,0.0
110023,B,Desktop,Direct,New,0,1,0,0,0,0,1,0.0,0.0,0.0
110024,A,Mobile,Organic,New,0,1,1,0,0,0,0,0.0,0.0,0.0
110025,B,Mobile,Direct,Returning,0,1,0,0,0,0,1,0.0,0.0,0.0
110026,B,Mobile,Paid Search,New,0,1,0,0,0,0,1,0.0,0.0,0.0
110027,A,Mobile,Paid Search,New,0,1,0,0,0,0,0,0.0,0.0,0.0
110028,B,Desktop,Organic,Returning,0,0,0,0,0,0,1,0.0,0.0,0.0
110029,B,Tablet,Organic,New,0,1,1,1,1,0,1,3986.281262444687,0.0,3986.281262444687
110030,B,Mobile,Organic,Returning,0,0,0,0,0,0,1,0.0,0.0,0.0
110031,A,Desktop,Email,New,0,1,0,0,0,0,0,0.0,0.0,0.0
110032,B,Mobile,Direct,New,0,1,0,0,0,0,1,0.0,0.0,0.0
110033,B,Mobile,Social,New,0,1,1,1,0,0,0,0.0,0.0,0.0
110034,A,Desktop,Social,New,0,1,0,0,0,0,0,0.0,0.0,0.0
110035,A,Desktop,Paid Search,Returning,0,1,0,0,0,0,0,0.0,0.0,0.0
110036,A,Mobile,Organic,Returning,0,1,0,0,0,0,0,0.0,0.0,0.0
110037,B,Mobile,Paid Search,Returning,0,1,1,1,1,0,1,1436.9429181876435,0.0,1436.9429181876435
110038,A,Mobile,Paid Search,Returning,0,1,0,0,0,0,1,0.0,0.0,0.0
110039,B,Mobile,Organic,Returning,0,1,0,0,0,0,1,0.0,0.0,0.0
110040,B,Mobile,Organic,Returning,0,1,1,1,0,0,0,0.0,0.0,0.0
110041,B,Desktop,Organic,Returning,0,1,0,0,0,0,1,0.0,0.0,0.0
110042,A,Mobile,Paid Search,New,0,0,0,0,0,0,0,0.0,0.0,0.0
110043,B,Mobile,Email,Returning,0,1,0,0,0,0,1,0.0,0.0,0.0
110044,A,Mobile,Paid Search,New,0,1,0,0,0,0,0,0.0,0.0,0.0
110045,A,Mobile,Social,New,0,1,0,0,0,0,1,0.0,0.0,0.0
110046,B,Desktop,Email,Returning,0,1,0,0,0,0,0,0.0,0.0,0.0
110047,B,Mobile,Email,New,0,1,1,1,1,0,0,3009.3888573247636,0.0,3009.3888573247636
110048,A,Tablet,Email,New,0,1,0,0,0,0,1,0.0,0.0,0.0
110049,B,Mobile,Social,Returning,1,0,0,0,0,0,1,0.0,0.0,0.0
110050,A,Desktop,Paid Search,New,0,0,0,0,0,0,0,0.0,0.0,0.0
110051,B,Desktop,Organic,New,0,1,0,0,0,0,1,0.0,0.0,0.0
110052,B,Mobile,Direct,New,0,0,0,0,0,0,1,0.0,0.0,0.0
110053,B,Tablet,Social,New,0,1,0,0,0,0,1,0.0,0.0,0.0
110054,A,Mobile,Organic,New,0,0,0,0,0,0,0,0.0,0.0,0.0
110055,A,Mobile,Organic,New,0,1,0,0,0,0,1,0.0,0.0,0.0
110056,B,Mobile,Social,New,0,0,0,0,0,0,0,0.0,0.0,0.0
110057,B,Mobile,Organic,New,0,1,0,0,0,0,0,0.0,0.0,0.0
110058,A,Desktop,Organic,New,1,1,0,0,0,0,1,0.0,0.0,0.0
110059,B,Desktop,Social,New,0,0,0,0,0,0,0,0.0,0.0,0.0
110060,B,Mobile,Social,New,0,1,0,0,0,0,0,0.0,0.0,0.0
110061,A,Desktop,Paid Search,New,0,1,0,0,0,0,0,0.0,0.0,0.0
110062,B,Mobile,Social,Returning,0,1,0,0,0,0,0,0.0,0.0,0.0
110063,A,Mobile,Email,New,1,1,1,1,1,1,0,3612.0048233005255,3195.568864370985,6807.573687671511
110064,B,Mobile,Organic,New,0,1,0,0,0,0,0,0.0,0.0,0.0
110065,A,Mobile,Organic,Returning,0,1,0,0,0,0,1,0.0,0.0,0.0
110066,B,Mobile,Email,New,0,1,0,0,0,0,0,0.0,0.0,0.0
110067,A,Mobile,Paid Search,New,0,0,0,0,0,0,0,0.0,0.0,0.0
110068,A,Mobile,Organic,New,0,1,0,0,0,0,0,0.0,0.0,0.0
110069,A,Mobile,Email,New,0,0,0,0,0,0,1,0.0,0.0,0.0
110070,B,Mobile,Social,New,0,1,0,0,0,0,0,0.0,0.0,0.0
110071,B,Mobile,Email,Returning,0,1,0,0,0,0,0,0.0,0.0,0.0
110072,A,Mobile,Paid Search,New,1,1,0,0,0,0,0,0.0,0.0,0.0
110073,A,Mobile,Social,New,0,0,0,0,0,0,0,0.0,0.0,0.0
110074,B,Desktop,Paid Search,New,0,1,0,0,0,0,0,0.0,0.0,0.0
110075,A,Desktop,Direct,New,0,1,0,0,0,0,0,0.0,0.0,0.0
110076,B,Desktop,Paid Search,Returning,1,0,0,0,0,0,1,0.0,0.0,0.0
110077,A,Desktop,Organic,New,0,1,0,0,0,0,0,0.0,0.0,0.0
110078,B,Desktop,Organic,Returning,0,1,0,0,0,0,1,0.0,0.0,0.0
110079,A,Desktop,Organic,Returning,0,1,0,0,0,0,1,0.0,0.0,0.0
110080,B,Mobile,Organic,Returning,0,1,0,0,0,0,0,0.0,0.0,0.0
110081,B,Mobile,Organic,New,0,1,0,0,0,0,0,0.0,0.0,0.0
110082,B,Mobile,Organic,Returning,0,1,0,0,0,0,1,0.0,0.0,0.0
110083,B,Mobile,Email,Returning,0,0,0,0,0,0,0,0.0,0.0,0.0
110084,A,Tablet,Organic,New,0,1,0,0,0,0,1,0.0,0.0,0.0
110085,A,Desktop,Email,New,0,1,1,1,1,1,0,2621.932120808192,3011.717226454793,5633.6493472629845
110086,A,Mobile,Organic,New,1,1,0,0,0,0,1,0.0,0.0,0.0
110087,B,Mobile,Direct,Returning,1,1,0,0,0,0,0,0.0,0.0,0.0
110088,B,Mobile,Direct,New,0,1,0,0,0,0,1,0.0,0.0,0.0
110089,A,Mobile,Direct,New,0,1,1,1,1,0,0,3716.3272238448926,0.0,3716.3272238448926
110090,A,Mobile,Social,Returning,0,1,0,0,0,0,0,0.0,0.0,0.0
110091,B,Mobile,Paid Search,Returning,0,0,0,0,0,0,0,0.0,0.0,0.0
110092,B,Mobile,Social,New,1,1,1,1,1,0,0,3129.156273133559,0.0,3129.156273133559
110093,B,Mobile,Organic,New,0,0,0,0,0,0,0,0.0,0.0,0.0
110094,B,Mobile,Organic,New,0,1,0,0,0,0,0,0.0,0.0,0.0
110095,B,Desktop,Email,Returning,0,1,0,0,0,0,0,0.0,0.0,0.0
110096,B,Mobile,Organic,New,0,1,0,0,0,0,0,0.0,0.0,0.0
110097,A,Mobile,Organic,Returning,0,1,0,0,0,0,1,0.0,0.0,0.0
110098,A,Mobile,Direct,New,1,1,1,1,0,0,0,0.0,0.0,0.0
110099,B,Mobile,Email,New,0,1,0,0,0,0,0,0.0,0.0,0.0
110100,A,Mobile,Social,New,0,1,0,0,0,0,1,0.0,0.0,0.0
110101,A,Mobile,Paid Search,New,0,1,0,0,0,0,0,0.0,0.0,0.0
110102,A,Tablet,Organic,New,0,1,1,0,0,0,0,0.0,0.0,0.0
110103,A,Mobile,Email,New,0,1,0,0,0,0,0,0.0,0.0,0.0
110104,A,Mobile,Organic,Returning,0,1,0,0,0,0,1,0.0,0.0,0.0
110105,A,Desktop,Paid Search,Returning,0,1,0,0,0,0,0,0.0,0.0,0.0
110106,A,Desktop,Direct,Returning,0,1,1,1,1,0,0,2160.519700758448,0.0,2160.519700758448
110107,B,Mobile,Social,New,0,0,0,0,0,0,0,0.0,0.0,0.0
110108,B,Desktop,Organic,Returning,0,0,0,0,0,0,0,0.0,0.0,0.0
110109,A,Mobile,Organic,New,0,0,0,0,0,0,0,0.0,0.0,0.0
110110,B,Tablet,Email,New,0,1,0,0,0,0,0,0.0,0.0,0.0
110111,A,Mobile,Paid Search,New,0,1,0,0,0,0,1,0.0,0.0,0.0
110112,B,Mobile,Paid Search,New,0,1,0,0,0,0,0,0.0,0.0,0.0
110113,B,Mobile,Paid Search,New,0,1,0,0,0,0,0,0.0,0.0,0.0
110114,B,Mobile,Paid Search,Returning,0,1,0,0,0,0,1,0.0,0.0,0.0
110115,A,Mobile,Email,New,0,0,0,0,0,0,0,0.0,0.0,0.0
110116,B,Desktop,Social,New,0,1,0,0,0,0,0,0.0,0.0,0.0
110117,A,Mobile,Organic,New,0,1,0,0,0,0,1,0.0,0.0,0.0
110118,A,Mobile,Direct,New,0,0,0,0,0,0,0,0.0,0.0,0.0
110119,B,Mobile,Direct,New,0,1,0,0,0,0,1,0.0,0.0,0.0
110120,B,Mobile,Social,New,0,0,0,0,0,0,0,0.0,0.0,0.0
110121,B,Mobile,Organic,New,0,1,1,1,0,0,0,0.0,0.0,0.0
110122,A,Mobile,Paid Search,New,0,1,0,0,0,0,0,0.0,0.0,0.0
110123,A,Mobile,Social,Returning,0,0,0,0,0,0,0,0.0,0.0,0.0
110124,B,Mobile,Email,New,0,0,0,0,0,0,1,0.0,0.0,0.0
110125,B,Mobile,Email,New,0,1,0,0,0,0,0,0.0,0.0,0.0
110126,B,Mobile,Email,Returning,0,1,0,0,0,0,0,0.0,0.0,0.0
110127,B,Desktop,Email,New,0,1,0,0,0,0,0,0.0,0.0,0.0
110128,A,Mobile,Paid Search,New,0,1,0,0,0,0,0,0.0,0.0,0.0
110129,A,Mobile,Paid Search,New,0,1,0,0,0,0,1,0.0,0.0,0.0
110130,B,Desktop,Paid Search,New,0,1,0,0,0,0,0,0.0,0.0,0.0
110131,B,Desktop,Email,Returning,0,1,0,0,0,0,0,0.0,0.0,0.0
110132,B,Mobile,Paid Search,New,0,1,0,0,0,0,0,0.0,0.0,0.0
110133,A,Mobile,Social,New,0,1,0,0,0,0,0,0.0,0.0,0.0
110134,A,Desktop,Paid Search,New,0,1,0,0,0,0,0,0.0,0.0,0.0
110135,B,Desktop,Organic,Returning,0,1,0,0,0,0,1,0.0,0.0,0.0
110136,B,Desktop,Direct,New,0,1,0,0,0,0,0,0.0,0.0,0.0
110137,A,Mobile,Organic,New,0,1,0,0,0,0,0,0.0,0.0,0.0
110138,B,Mobile,Paid Search,New,0,1,0,0,0,0,0,0.0,0.0,0.0
110139,B,Desktop,Direct,Returning,0,1,0,0,0,0,0,0.0,0.0,0.0
110140,A,Mobile,Paid Search,New,0,1,0,0,0,0,0,0.0,0.0,0.0
110141,A,Desktop,Paid Search,New,0,1,0,0,0,0,0,0.0,0.0,0.0
110142,A,Mobile,Organic,New,0,1,0,0,0,0,1,0.0,0.0,0.0
110143,B,Desktop,Organic,Returning,0,1,1,1,1,0,0,2717.9416473358074,0.0,2717.9416473358074
110144,B,Desktop,Email,New,0,1,0,0,0,0,0,0.0,0.0,0.0
110145,B,Desktop,Paid Search,New,0,1,0,0,0,0,0,0.0,0.0,0.0
110146,B,Tablet,Organic,New,0,1,0,0,0,0,0,0.0,0.0,0.0
110147,A,Mobile,Email,New,0,1,0,0,0,0,1,0.0,0.0,0.0
110148,B,Desktop,Social,New,0,1,1,1,1,0,0,2655.269146966308,0.0,2655.269146966308
110149,A,Mobile,Social,Returning,0,1,0,0,0,0,0,0.0,0.0,0.0
110150,B,Mobile,Paid Search,New,0,1,0,0,0,0,0,0.0,0.0,0.0
110151,B,Mobile,Organic,New,0,1,0,0,0,0,1,0.0,0.0,0.0
110152,A,Mobile,Paid Search,New,0,1,0,0,0,0,1,0.0,0.0,0.0
110153,B,Mobile,Social,New,0,1,0,0,0,0,0,0.0,0.0,0.0
110154,B,Tablet,Paid Search,Returning,0,1,1,0,0,0,0,0.0,0.0,0.0
110155,B,Desktop,Paid Search,Returning,0,0,0,0,0,0,1,0.0,0.0,0.0
110156,B,Tablet,Social,New,0,1,1,1,0,0,0,0.0,0.0,0.0
110157,A,Mobile,Organic,New,1,1,0,0,0,0,1,0.0,0.0,0.0
110158,B,Mobile,Paid Search,Returning,0,0,0,0,0,0,0,0.0,0.0,0.0
110159,B,Desktop,Email,New,0,0,0,0,0,0,1,0.0,0.0,0.0
110160,A,Mobile,Paid Search,New,0,1,0,0,0,0,1,0.0,0.0,0.0
110161,B,Desktop,Email,New,0,1,0,0,0,0,0,0.0,0.0,0.0
110162,A,Mobile,Email,New,0,1,0,0,0,0,1,0.0,0.0,0.0
110163,A,Mobile,Organic,New,0,1,0,0,0,0,0,0.0,0.0,0.0
110164,A,Desktop,Social,New,1,0,0,0,0,0,0,0.0,0.0,0.0
110165,A,Desktop,Paid Search,Returning,0,1,0,0,0,0,0,0.0,0.0,0.0
110166,B,Mobile,Email,New,0,0,0,0,0,0,1,0.0,0.0,0.0
110167,B,Desktop,Organic,New,0,1,1,1,1,0,1,3250.9390323580046,0.0,3250.9390323580046
110168,B,Mobile,Direct,New,1,1,0,0,0,0,1,0.0,0.0,0.0
110169,B,Mobile,Organic,New,1,1,0,0,0,0,1,0.0,0.0,0.0
110170,B,Mobile,Email,New,0,1,0,0,0,0,0,0.0,0.0,0.0
110171,A,Desktop,Organic,Returning,0,1,0,0,0,0,0,0.0,0.0,0.0
110172,A,Desktop,Organic,New,0,1,0,0,0,0,0,0.0,0.0,0.0
110173,B,Desktop,Organic,Returning,0,0,0,0,0,0,0,0.0,0.0,0.0
110174,B,Mobile,Organic,New,0,1,1,0,0,0,0,0.0,0.0,0.0
110175,B,Mobile,Paid Search,New,0,1,0,0,0,0,0,0.0,0.0,0.0
110176,B,Mobile,Paid Search,New,0,1,0,0,0,0,0,0.0,0.0,0.0
110177,A,Mobile,Organic,New,0,1,0,0,0,0,1,0.0,0.0,0.0
110178,B,Tablet,Direct,New,0,1,0,0,0,0,0,0.0,0.0,0.0
110179,B,Desktop,Social,Returning,0,1,0,0,0,0,0,0.0,0.0,0.0
110180,B,Mobile,Organic,New,0,1,0,0,0,0,0,0.0,0.0,0.0
110181,A,Mobile,Paid Search,Returning,1,0,0,0,0,0,1,0.0,0.0,0.0
110182,B,Mobile,Email,New,0,1,1,1,1,0,1,3230.284725375361,0.0,3230.284725375361
110183,A,Desktop,Organic,New,0,0,0,0,0,0,0,0.0,0.0,0.0
110184,A,Mobile,Email,New,0,1,0,0,0,0,0,0.0,0.0,0.0
110185,B,Mobile,Paid Search,New,0,1,0,0,0,0,0,0.0,0.0,0.0
110186,B,Mobile,Direct,New,0,1,0,0,0,0,0,0.0,0.0,0.0
110187,A,Mobile,Direct,New,0,0,0,0,0,0,1,0.0,0.0,0.0
110188,A,Mobile,Organic,New,0,1,0,0,0,0,1,0.0,0.0,0.0
110189,B,Mobile,Paid Search,New,0,1,0,0,0,0,0,0.0,0.0,0.0
110190,B,Desktop,Paid Search,New,0,1,0,0,0,0,0,0.0,0.0,0.0
110191,A,Mobile,Email,Returning,0,0,0,0,0,0,0,0.0,0.0,0.0
110192,B,Mobile,Social,New,1,1,0,0,0,0,0,0.0,0.0,0.0
110193,B,Mobile,Direct,New,0,1,0,0,0,0,0,0.0,0.0,0.0
110194,A,Desktop,Paid Search,New,0,1,0,0,0,0,1,0.0,0.0,0.0
110195,A,Mobile,Organic,New,0,1,0,0,0,0,1,0.0,0.0,0.0
110196,A,Mobile,Social,New,0,1,0,0,0,0,0,0.0,0.0,0.0
110197,A,Mobile,Organic,New,0,1,0,0,0,0,0,0.0,0.0,0.0
110198,A,Mobile,Email,Returning,0,0,0,0,0,0,1,0.0,0.0,0.0
110199,A,Mobile,Social,Returning,0,1,0,0,0,0,1,0.0,0.0,0.0
110200,A,Mobile,Paid Search,New,0,0,0,0,0,0,1,0.0,0.0,0.0
110201,B,Mobile,Organic,Returning,0,1,0,0,0,0,1,0.0,0.0,0.0
110202,A,Desktop,Paid Search,New,1,1,0,0,0,0,1,0.0,0.0,0.0
110203,A,Desktop,Social,New,0,1,0,0,0,0,0,0.0,0.0,0.0
110204,B,Mobile,Paid Search,Returning,1,1,1,0,0,0,1,0.0,0.0,0.0
110205,A,Desktop,Social,New,0,1,0,0,0,0,1,0.0,0.0,0.0
110206,B,Mobile,Direct,New,1,0,0,0,0,0,0,0.0,0.0,0.0
110207,A,Desktop,Direct,New,0,1,0,0,0,0,1,0.0,0.0,0.0
110208,A,Mobile,Social,Returning,0,1,0,0,0,0,1,0.0,0.0,0.0
110209,A,Desktop,Organic,New,0,1,0,0,0,0,0,0.0,0.0,0.0
110210,A,Desktop,Organic,Returning,0,0,0,0,0,0,1,0.0,0.0,0.0
110211,B,Mobile,Organic,New,0,0,0,0,0,0,0,0.0,0.0,0.0
110212,A,Mobile,Organic,New,0,1,0,0,0,0,0,0.0,0.0,0.0
110213,A,Mobile,Paid Search,Returning,0,0,0,0,0,0,0,0.0,0.0,0.0
110214,A,Mobile,Organic,New,0,1,0,0,0,0,1,0.0,0.0,0.0
110215,A,Mobile,Organic,New,0,1,0,0,0,0,0,0.0,0.0,0.0
110216,B,Mobile,Social,Returning,0,1,0,0,0,0,1,0.0,0.0,0.0
110217,B,Mobile,Organic,New,0,1,0,0,0,0,0,0.0,0.0,0.0
110218,B,Mobile,Paid Search,New,0,1,0,0,0,0,0,0.0,0.0,0.0
110219,A,Mobile,Organic,New,0,1,0,0,0,0,1,0.0,0.0,0.0
110220,A,Desktop,Paid Search,Returning,0,1,0,0,0,0,0,0.0,0.0,0.0
110221,B,Desktop,Email,New,0,1,1,0,0,0,1,0.0,0.0,0.0
110222,A,Desktop,Email,New,0,1,1,1,0,0,1,0.0,0.0,0.0
110223,A,Mobile,Organic,New,0,1,0,0,0,0,1,0.0,0.0,0.0
110224,B,Mobile,Organic,New,0,1,0,0,0,0,0,0.0,0.0,0.0
110225,B,Mobile,Social,Returning,0,1,0,0,0,0,1,0.0,0.0,0.0
110226,B,Mobile,Paid Search,New,0,0,0,0,0,0,1,0.0,0.0,0.0
110227,B,Mobile,Direct,New,0,1,0,0,0,0,0,0.0,0.0,0.0
110228,A,Mobile,Paid Search,New,0,1,1,1,1,0,0,2210.5106898978165,0.0,2210.5106898978165
110229,B,Mobile,Social,Returning,1,1,0,0,0,0,0,0.0,0.0,0.0
110230,B,Mobile,Paid Search,New,0,1,0,0,0,0,0,0.0,0.0,0.0
110231,B,Mobile,Social,New,0,1,0,0,0,0,1,0.0,0.0,0.0
110232,B,Mobile,Organic,New,1,1,0,0,0,0,0,0.0,0.0,0.0
110233,B,Mobile,Paid Search,Returning,1,1,0,0,0,0,1,0.0,0.0,0.0
110234,A,Mobile,Paid Search,Returning,0,1,0,0,0,0,0,0.0,0.0,0.0
110235,A,Desktop,Organic,New,0,1,0,0,0,0,0,0.0,0.0,0.0
110236,B,Desktop,Paid Search,Returning,0,1,0,0,0,0,0,0.0,0.0,0.0
110237,B,Desktop,Email,New,0,1,0,0,0,0,0,0.0,0.0,0.0
110238,A,Mobile,Direct,Returning,0,0,0,0,0,0,0,0.0,0.0,0.0
110239,A,Mobile,Email,New,0,1,0,0,0,0,0,0.0,0.0,0.0
110240,B,Mobile,Direct,New,0,1,0,0,0,0,0,0.0,0.0,0.0
110241,B,Mobile,Organic,New,0,1,1,1,1,0,0,3723.5046111153897,0.0,3723.5046111153897
110242,B,Tablet,Social,New,0,1,0,0,0,0,0,0.0,0.0,0.0
110243,A,Mobile,Email,New,1,1,0,0,0,0,0,0.0,0.0,0.0
110244,B,Mobile,Organic,New,0,1,1,1,1,0,0,3650.012469253928,0.0,3650.012469253928
110245,B,Mobile,Social,New,0,0,0,0,0,0,0,0.0,0.0,0.0
110246,A,Mobile,Organic,New,0,1,1,1,1,0,0,1536.5837276525194,0.0,1536.5837276525194
110247,B,Desktop,Direct,Returning,0,1,0,0,0,0,0,0.0,0.0,0.0
110248,B,Mobile,Direct,New,0,1,0,0,0,0,0,0.0,0.0,0.0
110249,B,Mobile,Organic,New,1,1,0,0,0,0,0,0.0,0.0,0.0
110250,B,Mobile,Social,New,1,1,0,0,0,0,1,0.0,0.0,0.0
110251,B,Mobile,Direct,Returning,0,1,0,0,0,0,1,0.0,0.0,0.0
110252,B,Mobile,Organic,New,0,1,0,0,0,0,1,0.0,0.0,0.0
110253,B,Desktop,Email,New,0,1,0,0,0,0,1,0.0,0.0,0.0
110254,A,Mobile,Paid Search,New,0,0,0,0,0,0,0,0.0,0.0,0.0
110255,A,Mobile,Paid Search,New,0,1,1,0,0,0,0,0.0,0.0,0.0
110256,A,Tablet,Paid Search,New,0,0,0,0,0,0,1,0.0,0.0,0.0
110257,B,Mobile,Paid Search,Returning,0,1,1,1,1,1,1,1422.5968471745534,1215.5816439429832,2638.1784911175364
110258,A,Mobile,Organic,New,1,1,0,0,0,0,0,0.0,0.0,0.0
110259,B,Desktop,Organic,New,0,1,0,0,0,0,0,0.0,0.0,0.0
110260,A,Tablet,Social,New,0,1,0,0,0,0,0,0.0,0.0,0.0
110261,A,Desktop,Paid Search,New,0,1,0,0,0,0,1,0.0,0.0,0.0
110262,B,Mobile,Social,New,0,0,0,0,0,0,1,0.0,0.0,0.0
110263,A,Mobile,Paid Search,Returning,0,0,0,0,0,0,0,0.0,0.0,0.0
110264,A,Desktop,Direct,New,0,1,0,0,0,0,0,0.0,0.0,0.0
110265,A,Mobile,Social,New,0,1,0,0,0,0,1,0.0,0.0,0.0
110266,B,Desktop,Social,New,0,1,0,0,0,0,0,0.0,0.0,0.0
110267,A,Mobile,Paid Search,Returning,0,0,0,0,0,0,0,0.0,0.0,0.0
110268,B,Mobile,Organic,Returning,0,1,0,0,0,0,0,0.0,0.0,0.0
110269,A,Mobile,Organic,New,1,1,0,0,0,0,0,0.0,0.0,0.0
110270,B,Desktop,Social,Returning,0,1,0,0,0,0,1,0.0,0.0,0.0
110271,B,Mobile,Organic,New,0,1,0,0,0,0,1,0.0,0.0,0.0
110272,B,Desktop,Organic,New,0,1,0,0,0,0,1,0.0,0.0,0.0
110273,B,Desktop,Organic,New,0,1,1,0,0,0,0,0.0,0.0,0.0
110274,B,Mobile,Direct,New,1,1,1,0,0,0,0,0.0,0.0,0.0
110275,B,Mobile,Social,New,0,1,0,0,0,0,0,0.0,0.0,0.0
110276,A,Desktop,Social,Returning,0,1,1,1,1,0,0,900.0,0.0,900.0
110277,A,Desktop,Email,New,0,1,1,1,1,0,0,4652.172358248707,0.0,4652.172358248707
110278,A,Mobile,Email,New,0,1,0,0,0,0,1,0.0,0.0,0.0
110279,A,Mobile,Direct,New,0,1,0,0,0,0,0,0.0,0.0,0.0
110280,B,Mobile,Organic,New,0,1,1,1,1,0,0,1914.1644352771705,0.0,1914.1644352771705
110281,A,Desktop,Organic,New,0,0,0,0,0,0,1,0.0,0.0,0.0
110282,B,Desktop,Direct,Returning,0,1,0,0,0,0,0,0.0,0.0,0.0
110283,B,Mobile,Paid Search,New,1,1,0,0,0,0,0,0.0,0.0,0.0
110284,A,Desktop,Direct,Returning,0,1,0,0,0,0,1,0.0,0.0,0.0
110285,A,Mobile,Social,New,0,0,0,0,0,0,1,0.0,0.0,0.0
110286,A,Mobile,Social,Returning,0,1,0,0,0,0,0,0.0,0.0,0.0
110287,B,Mobile,Paid Search,Returning,0,1,0,0,0,0,1,0.0,0.0,0.0
110288,B,Desktop,Direct,New,0,1,0,0,0,0,0,0.0,0.0,0.0
110289,A,Mobile,Organic,New,0,1,1,1,1,1,0,3625.561135320006,3748.423095243455,7373.984230563461
110290,A,Mobile,Organic,New,0,0,0,0,0,0,0,0.0,0.0,0.0
110291,A,Tablet,Direct,Returning,1,1,0,0,0,0,0,0.0,0.0,0.0
110292,B,Mobile,Organic,Returning,1,1,0,0,0,0,0,0.0,0.0,0.0
110293,A,Desktop,Direct,Returning,0,1,0,0,0,0,1,0.0,0.0,0.0
110294,A,Mobile,Organic,New,0,0,0,0,0,0,1,0.0,0.0,0.0
110295,B,Mobile,Direct,New,0,0,0,0,0,0,0,0.0,0.0,0.0
110296,A,Mobile,Organic,New,0,1,1,0,0,0,0,0.0,0.0,0.0
110297,A,Mobile,Organic,Returning,0,1,1,1,0,0,0,0.0,0.0,0.0
110298,A,Desktop,Organic,Returning,0,1,1,0,0,0,0,0.0,0.0,0.0
110299,A,Mobile,Email,New,0,1,0,0,0,0,1,0.0,0.0,0.0
110300,B,Desktop,Paid Search,Returning,0,1,1,0,0,0,0,0.0,0.0,0.0
110301,B,Mobile,Paid Search,Returning,0,1,0,0,0,0,0,0.0,0.0,0.0
110302,B,Mobile,Paid Search,New,0,1,0,0,0,0,1,0.0,0.0,0.0
110303,B,Mobile,Paid Search,New,0,1,1,0,0,0,0,0.0,0.0,0.0
110304,A,Tablet,Paid Search,Returning,0,1,0,0,0,0,0,0.0,0.0,0.0
110305,A,Desktop,Email,Returning,0,1,0,0,0,0,0,0.0,0.0,0.0
110306,B,Desktop,Social,New,0,0,0,0,0,0,0,0.0,0.0,0.0
110307,A,Desktop,Email,New,0,1,1,1,1,0,0,2835.1990993325767,0.0,2835.1990993325767
110308,A,Mobile,Social,New,0,1,0,0,0,0,0,0.0,0.0,0.0
110309,A,Desktop,Organic,Returning,0,1,0,0,0,0,1,0.0,0.0,0.0
110310,A,Mobile,Direct,New,0,1,0,0,0,0,0,0.0,0.0,0.0
110311,B,Desktop,Organic,New,0,1,1,1,0,0,1,0.0,0.0,0.0
110312,A,Mobile,Organic,New,1,1,0,0,0,0,1,0.0,0.0,0.0
110313,B,Mobile,Paid Search,New,0,1,0,0,0,0,0,0.0,0.0,0.0
110314,A,Mobile,Email,Returning,0,1,0,0,0,0,0,0.0,0.0,0.0
110315,B,Mobile,Organic,New,0,1,0,0,0,0,1,0.0,0.0,0.0
110316,B,Mobile,Organic,New,0,1,0,0,0,0,0,0.0,0.0,0.0
110317,A,Mobile,Email,Returning,0,1,0,0,0,0,0,0.0,0.0,0.0
110318,B,Mobile,Paid Search,New,0,1,0,0,0,0,1,0.0,0.0,0.0
110319,A,Mobile,Organic,Returning,0,1,0,0,0,0,0,0.0,0.0,0.0
110320,A,Mobile,Email,New,0,1,0,0,0,0,0,0.0,0.0,0.0
110321,B,Mobile,Direct,New,0,1,0,0,0,0,1,0.0,0.0,0.0
110322,A,Mobile,Paid Search,New,0,0,0,0,0,0,0,0.0,0.0,0.0
110323,A,Mobile,Email,New,0,1,0,0,0,0,1,0.0,0.0,0.0
110324,A,Mobile,Paid Search,New,1,0,0,0,0,0,1,0.0,0.0,0.0
110325,B,Desktop,Direct,New,1,1,0,0,0,0,1,0.0,0.0,0.0
110326,A,Mobile,Paid Search,New,0,1,0,0,0,0,0,0.0,0.0,0.0
110327,B,Mobile,Direct,New,0,1,0,0,0,0,0,0.0,0.0,0.0
110328,A,Desktop,Email,New,0,1,0,0,0,0,0,0.0,0.0,0.0
110329,B,Mobile,Email,New,0,0,0,0,0,0,1,0.0,0.0,0.0
110330,A,Desktop,Direct,New,0,1,0,0,0,0,0,0.0,0.0,0.0
110331,B,Mobile,Social,Returning,0,1,0,0,0,0,1,0.0,0.0,0.0
110332,B,Mobile,Organic,Returning,0,0,0,0,0,0,0,0.0,0.0,0.0
110333,A,Desktop,Direct,New,0,0,0,0,0,0,0,0.0,0.0,0.0
110334,B,Mobile,Social,New,0,0,0,0,0,0,1,0.0,0.0,0.0
110335,A,Mobile,Direct,New,0,1,0,0,0,0,1,0.0,0.0,0.0
110336,A,Mobile,Organic,New,0,1,0,0,0,0,1,0.0,0.0,0.0
110337,A,Desktop,Organic,New,1,1,0,0,0,0,1,0.0,0.0,0.0
110338,B,Tablet,Organic,New,0,1,0,0,0,0,0,0.0,0.0,0.0
110339,A,Mobile,Social,New,0,1,0,0,0,0,0,0.0,0.0,0.0
110340,B,Mobile,Organic,New,1,1,0,0,0,0,0,0.0,0.0,0.0
110341,B,Desktop,Social,New,0,1,0,0,0,0,1,0.0,0.0,0.0
110342,B,Mobile,Paid Search,New,0,1,0,0,0,0,0,0.0,0.0,0.0
110343,A,Mobile,Direct,New,0,1,0,0,0,0,0,0.0,0.0,0.0
110344,B,Mobile,Organic,New,0,1,1,0,0,0,0,0.0,0.0,0.0
110345,B,Mobile,Paid Search,New,0,0,0,0,0,0,0,0.0,0.0,0.0
110346,B,Mobile,Direct,New,0,1,0,0,0,0,1,0.0,0.0,0.0
110347,B,Tablet,Email,New,0,1,0,0,0,0,0,0.0,0.0,0.0
110348,B,Desktop,Organic,New,0,1,0,0,0,0,1,0.0,0.0,0.0
110349,A,Mobile,Direct,New,1,1,0,0,0,0,1,0.0,0.0,0.0
110350,B,Desktop,Email,New,0,1,0,0,0,0,1,0.0,0.0,0.0
110351,B,Mobile,Organic,New,0,0,0,0,0,0,0,0.0,0.0,0.0
110352,A,Mobile,Organic,Returning,1,1,0,0,0,0,1,0.0,0.0,0.0
110353,B,Mobile,Email,New,0,1,0,0,0,0,0,0.0,0.0,0.0
110354,B,Mobile,Direct,Returning,0,1,0,0,0,0,0,0.0,0.0,0.0
110355,A,Mobile,Direct,New,0,1,0,0,0,0,0,0.0,0.0,0.0
110356,A,Tablet,Social,New,1,1,0,0,0,0,0,0.0,0.0,0.0
110357,A,Desktop,Social,New,1,1,1,1,1,0,1,2759.242560100508,0.0,2759.242560100508
110358,B,Desktop,Social,New,0,1,0,0,0,0,0,0.0,0.0,0.0
110359,A,Mobile,Paid Search,New,0,1,0,0,0,0,0,0.0,0.0,0.0
110360,A,Mobile,Direct,New,0,1,0,0,0,0,0,0.0,0.0,0.0
110361,A,Desktop,Social,New,0,1,0,0,0,0,0,0.0,0.0,0.0
110362,A,Mobile,Organic,New,0,1,0,0,0,0,1,0.0,0.0,0.0
110363,A,Mobile,Email,Returning,0,1,0,0,0,0,0,0.0,0.0,0.0
110364,B,Desktop,Organic,New,1,1,1,1,1,1,0,2454.834275268254,1981.024073483338,4435.858348751592
110365,A,Desktop,Direct,New,1,1,0,0,0,0,1,0.0,0.0,0.0
110366,B,Mobile,Social,New,0,1,0,0,0,0,1,0.0,0.0,0.0
110367,A,Mobile,Paid Search,Returning,0,1,0,0,0,0,0,0.0,0.0,0.0
110368,A,Desktop,Paid Search,New,0,1,1,1,1,0,1,1781.8690282714856,0.0,1781.8690282714856
110369,B,Mobile,Paid Search,Returning,0,0,0,0,0,0,0,0.0,0.0,0.0
110370,A,Mobile,Email,New,0,1,1,1,1,0,1,2491.980235422742,0.0,2491.980235422742
110371,A,Tablet,Paid Search,New,0,1,0,0,0,0,1,0.0,0.0,0.0
110372,A,Mobile,Email,New,0,1,1,1,1,1,0,2260.213123412812,2851.62330808727,5111.836431500082
110373,B,Desktop,Paid Search,New,0,1,0,0,0,0,0,0.0,0.0,0.0
110374,B,Desktop,Direct,Returning,0,1,0,0,0,0,1,0.0,0.0,0.0
110375,B,Mobile,Social,New,0,1,0,0,0,0,1,0.0,0.0,0.0
110376,A,Tablet,Paid Search,New,0,1,0,0,0,0,0,0.0,0.0,0.0
110377,A,Tablet,Paid Search,New,0,1,0,0,0,0,1,0.0,0.0,0.0
110378,B,Mobile,Social,Returning,0,1,1,1,1,0,0,3033.614179539175,0.0,3033.614179539175
110379,A,Mobile,Email,Returning,0,1,0,0,0,0,0,0.0,0.0,0.0
110380,A,Mobile,Paid Search,Returning,0,1,0,0,0,0,0,0.0,0.0,0.0
110381,A,Desktop,Organic,New,0,1,1,1,1,1,1,3601.9904651758998,3571.706592897479,7173.697058073379
110382,B,Tablet,Organic,Returning,0,1,0,0,0,0,1,0.0,0.0,0.0
110383,A,Tablet,Paid Search,Returning,0,0,0,0,0,0,1,0.0,0.0,0.0
110384,B,Mobile,Organic,New,0,1,0,0,0,0,0,0.0,0.0,0.0
110385,B,Desktop,Direct,New,1,1,0,0,0,0,1,0.0,0.0,0.0
110386,B,Tablet,Paid Search,New,0,0,0,0,0,0,0,0.0,0.0,0.0
110387,B,Mobile,Direct,New,0,1,0,0,0,0,0,0.0,0.0,0.0
110388,B,Mobile,Email,Returning,0,1,0,0,0,0,1,0.0,0.0,0.0
110389,B,Mobile,Organic,New,0,1,1,1,1,0,0,3316.9883588044777,0.0,3316.9883588044777
110390,B,Desktop,Organic,New,0,1,0,0,0,0,1,0.0,0.0,0.0
110391,A,Mobile,Paid Search,New,1,1,1,0,0,0,0,0.0,0.0,0.0
110392,B,Mobile,Social,New,0,0,0,0,0,0,0,0.0,0.0,0.0
110393,B,Desktop,Social,New,0,1,0,0,0,0,0,0.0,0.0,0.0
110394,A,Mobile,Social,Returning,0,1,0,0,0,0,0,0.0,0.0,0.0
110395,B,Mobile,Social,New,0,1,0,0,0,0,0,0.0,0.0,0.0
110396,A,Tablet,Paid Search,New,0,0,0,0,0,0,0,0.0,0.0,0.0
110397,B,Mobile,Social,New,0,0,0,0,0,0,0,0.0,0.0,0.0
110398,B,Desktop,Direct,Returning,1,0,0,0,0,0,0,0.0,0.0,0.0
110399,A,Mobile,Organic,New,0,1,0,0,0,0,0,0.0,0.0,0.0
110400,B,Mobile,Social,New,0,1,0,0,0,0,0,0.0,0.0,0.0
110401,A,Mobile,Paid Search,Returning,0,1,1,0,0,0,0,0.0,0.0,0.0
110402,B,Mobile,Direct,New,0,0,0,0,0,0,0,0.0,0.0,0.0
110403,B,Mobile,Direct,New,0,1,1,0,0,0,0,0.0,0.0,0.0
110404,A,Mobile,Organic,Returning,0,0,0,0,0,0,0,0.0,0.0,0.0
110405,A,Mobile,Direct,Returning,0,1,0,0,0,0,1,0.0,0.0,0.0
110406,B,Tablet,Organic,New,0,0,0,0,0,0,0,0.0,0.0,0.0
110407,A,Mobile,Paid Search,New,0,1,0,0,0,0,1,0.0,0.0,0.0
110408,B,Mobile,Organic,Returning,0,0,0,0,0,0,0,0.0,0.0,0.0
110409,A,Mobile,Social,New,0,1,0,0,0,0,0,0.0,0.0,0.0
110410,B,Tablet,Paid Search,Returning,1,1,0,0,0,0,0,0.0,0.0,0.0
110411,B,Desktop,Paid Search,Returning,0,1,0,0,0,0,0,0.0,0.0,0.0
110412,B,Mobile,Direct,Returning,0,0,0,0,0,0,0,0.0,0.0,0.0
110413,B,Mobile,Paid Search,New,0,1,1,0,0,0,0,0.0,0.0,0.0
110414,B,Mobile,Organic,Returning,0,1,1,0,0,0,1,0.0,0.0,0.0
110415,B,Tablet,Social,New,0,0,0,0,0,0,1,0.0,0.0,0.0
110416,B,Desktop,Paid Search,Returning,0,0,0,0,0,0,0,0.0,0.0,0.0
110417,B,Desktop,Organic,Returning,0,1,0,0,0,0,0,0.0,0.0,0.0
110418,B,Mobile,Organic,New,0,1,0,0,0,0,0,0.0,0.0,0.0
110419,A,Mobile,Email,New,0,1,0,0,0,0,1,0.0,0.0,0.0
110420,B,Mobile,Direct,New,0,1,1,1,1,0,0,2482.3833787529356,0.0,2482.3833787529356
110421,B,Mobile,Paid Search,Returning,0,1,0,0,0,0,0,0.0,0.0,0.0
110422,A,Mobile,Social,New,0,0,0,0,0,0,0,0.0,0.0,0.0
110423,A,Mobile,Organic,New,0,1,0,0,0,0,0,0.0,0.0,0.0
110424,B,Mobile,Paid Search,New,0,1,1,1,1,0,1,4125.260914296288,0.0,4125.260914296288
110425,A,Mobile,Paid Search,New,1,1,1,1,1,0,0,3200.550009460925,0.0,3200.550009460925
110426,A,Mobile,Organic,New,0,1,0,0,0,0,0,0.0,0.0,0.0
110427,B,Desktop,Organic,New,0,0,0,0,0,0,0,0.0,0.0,0.0
110428,B,Mobile,Social,Returning,0,1,1,1,1,0,0,2171.513455987795,0.0,2171.513455987795
110429,B,Mobile,Paid Search,New,0,0,0,0,0,0,1,0.0,0.0,0.0
110430,B,Mobile,Paid Search,Returning,1,1,0,0,0,0,1,0.0,0.0,0.0
110431,B,Desktop,Direct,New,1,1,0,0,0,0,0,0.0,0.0,0.0
110432,A,Mobile,Organic,Returning,0,1,1,1,0,0,0,0.0,0.0,0.0
110433,B,Mobile,Email,New,0,1,0,0,0,0,1,0.0,0.0,0.0
110434,A,Mobile,Direct,New,0,1,0,0,0,0,0,0.0,0.0,0.0
110435,A,Desktop,Social,New,0,0,0,0,0,0,1,0.0,0.0,0.0
110436,A,Mobile,Paid Search,New,0,1,0,0,0,0,0,0.0,0.0,0.0
110437,B,Desktop,Paid Search,New,0,1,0,0,0,0,1,0.0,0.0,0.0
110438,A,Mobile,Organic,New,0,1,0,0,0,0,0,0.0,0.0,0.0
110439,A,Mobile,Organic,New,0,1,0,0,0,0,0,0.0,0.0,0.0
110440,A,Mobile,Organic,New,0,1,1,1,1,0,1,2162.4737812949106,0.0,2162.4737812949106
110441,B,Mobile,Paid Search,New,0,1,0,0,0,0,0,0.0,0.0,0.0
110442,B,Desktop,Organic,New,0,1,0,0,0,0,1,0.0,0.0,0.0
110443,B,Tablet,Email,New,1,1,0,0,0,0,0,0.0,0.0,0.0
110444,B,Mobile,Social,New,0,1,0,0,0,0,0,0.0,0.0,0.0
110445,B,Mobile,Organic,New,0,0,0,0,0,0,0,0.0,0.0,0.0
110446,A,Mobile,Organic,Returning,0,1,0,0,0,0,1,0.0,0.0,0.0
110447,B,Mobile,Direct,New,0,0,0,0,0,0,1,0.0,0.0,0.0
110448,B,Mobile,Social,New,0,1,0,0,0,0,0,0.0,0.0,0.0
110449,B,Mobile,Organic,New,0,1,0,0,0,0,0,0.0,0.0,0.0
110450,A,Desktop,Organic,New,0,1,0,0,0,0,0,0.0,0.0,0.0
110451,A,Mobile,Social,Returning,0,0,0,0,0,0,0,0.0,0.0,0.0
110452,B,Mobile,Direct,Returning,0,1,0,0,0,0,1,0.0,0.0,0.0
110453,A,Mobile,Direct,New,0,1,0,0,0,0,0,0.0,0.0,0.0
110454,A,Desktop,Social,New,0,0,0,0,0,0,1,0.0,0.0,0.0
110455,B,Mobile,Organic,New,0,0,0,0,0,0,1,0.0,0.0,0.0
110456,B,Mobile,Organic,New,1,1,0,0,0,0,0,0.0,0.0,0.0
110457,A,Mobile,Organic,New,0,1,0,0,0,0,0,0.0,0.0,0.0
110458,A,Mobile,Paid Search,New,0,1,0,0,0,0,1,0.0,0.0,0.0
110459,B,Mobile,Direct,Returning,0,1,0,0,0,0,1,0.0,0.0,0.0
110460,A,Mobile,Direct,New,0,1,0,0,0,0,0,0.0,0.0,0.0
110461,A,Tablet,Paid Search,New,0,1,0,0,0,0,0,0.0,0.0,0.0
110462,A,Mobile,Paid Search,New,0,1,1,1,1,0,1,1410.1944923490505,0.0,1410.1944923490505
110463,A,Mobile,Paid Search,New,1,1,0,0,0,0,0,0.0,0.0,0.0
110464,A,Mobile,Organic,New,0,1,0,0,0,0,1,0.0,0.0,0.0
110465,B,Mobile,Direct,Returning,0,1,0,0,0,0,0,0.0,0.0,0.0
110466,A,Mobile,Paid Search,Returning,0,0,0,0,0,0,0,0.0,0.0,0.0
110467,A,Desktop,Direct,Returning,0,1,1,0,0,0,0,0.0,0.0,0.0
110468,B,Mobile,Organic,Returning,0,0,0,0,0,0,1,0.0,0.0,0.0
110469,A,Desktop,Organic,New,0,1,1,1,1,1,0,2963.8213524558237,2376.200904579997,5340.02225703582
110470,A,Desktop,Social,New,0,0,0,0,0,0,1,0.0,0.0,0.0
110471,B,Desktop,Email,New,0,1,0,0,0,0,0,0.0,0.0,0.0
110472,B,Tablet,Paid Search,New,0,1,0,0,0,0,0,0.0,0.0,0.0
110473,B,Mobile,Paid Search,New,0,0,0,0,0,0,0,0.0,0.0,0.0
110474,B,Mobile,Social,New,0,1,0,0,0,0,1,0.0,0.0,0.0
110475,B,Mobile,Organic,New,0,1,0,0,0,0,1,0.0,0.0,0.0
110476,A,Mobile,Organic,New,1,0,0,0,0,0,0,0.0,0.0,0.0
110477,B,Mobile,Organic,Returning,0,0,0,0,0,0,1,0.0,0.0,0.0
110478,A,Mobile,Social,New,1,1,0,0,0,0,0,0.0,0.0,0.0
110479,B,Mobile,Social,New,0,0,0,0,0,0,1,0.0,0.0,0.0
110480,A,Mobile,Organic,New,0,1,0,0,0,0,0,0.0,0.0,0.0
110481,B,Mobile,Organic,Returning,0,1,0,0,0,0,0,0.0,0.0,0.0
110482,A,Mobile,Direct,Returning,0,1,0,0,0,0,0,0.0,0.0,0.0
110483,A,Mobile,Email,Returning,0,1,0,0,0,0,0,0.0,0.0,0.0
110484,A,Tablet,Paid Search,Returning,0,1,0,0,0,0,0,0.0,0.0,0.0
110485,B,Desktop,Social,New,0,1,0,0,0,0,0,0.0,0.0,0.0
110486,A,Mobile,Direct,New,0,1,0,0,0,0,0,0.0,0.0,0.0
110487,A,Mobile,Organic,Returning,0,1,0,0,0,0,1,0.0,0.0,0.0
110488,A,Mobile,Organic,New,0,1,1,1,1,1,1,2659.9121831534612,2849.097043905085,5509.0092270585465
110489,A,Mobile,Social,New,0,1,1,1,1,1,1,2436.7818996116766,2959.4290635600523,5396.2109631717285
110490,B,Mobile,Paid Search,New,0,1,0,0,0,0,0,0.0,0.0,0.0
110491,A,Mobile,Paid Search,New,1,1,0,0,0,0,1,0.0,0.0,0.0
110492,A,Mobile,Email,New,0,1,0,0,0,0,0,0.0,0.0,0.0
110493,B,Mobile,Organic,New,1,1,0,0,0,0,1,0.0,0.0,0.0
110494,A,Desktop,Paid Search,New,0,0,0,0,0,0,0,0.0,0.0,0.0
110495,B,Mobile,Organic,New,0,0,0,0,0,0,0,0.0,0.0,0.0
110496,A,Mobile,Direct,Returning,0,1,0,0,0,0,1,0.0,0.0,0.0
110497,B,Desktop,Paid Search,New,0,1,0,0,0,0,0,0.0,0.0,0.0
110498,A,Desktop,Email,Returning,0,1,0,0,0,0,0,0.0,0.0,0.0
110499,B,Mobile,Email,Returning,0,1,0,0,0,0,0,0.0,0.0,0.0
110500,B,Desktop,Email,New,0,1,0,0,0,0,0,0.0,0.0,0.0
110501,A,Mobile,Organic,Returning,0,1,0,0,0,0,0,0.0,0.0,0.0
110502,B,Mobile,Direct,Returning,0,0,0,0,0,0,0,0.0,0.0,0.0
110503,A,Desktop,Paid Search,New,0,1,1,1,1,0,0,3081.7614331097875,0.0,3081.7614331097875
110504,A,Mobile,Organic,New,0,1,0,0,0,0,0,0.0,0.0,0.0
110505,B,Mobile,Paid Search,New,0,1,0,0,0,0,0,0.0,0.0,0.0
110506,A,Mobile,Email,New,0,1,0,0,0,0,0,0.0,0.0,0.0
110507,B,Mobile,Social,Returning,0,1,0,0,0,0,1,0.0,0.0,0.0
110508,B,Mobile,Social,New,0,1,0,0,0,0,0,0.0,0.0,0.0
110509,B,Desktop,Organic,New,0,1,0,0,0,0,0,0.0,0.0,0.0
110510,B,Mobile,Email,Returning,0,1,0,0,0,0,0,0.0,0.0,0.0
110511,A,Desktop,Social,New,0,1,0,0,0,0,0,0.0,0.0,0.0
110512,B,Mobile,Paid Search,New,0,1,0,0,0,0,0,0.0,0.0,0.0
110513,B,Mobile,Email,Returning,0,1,0,0,0,0,0,0.0,0.0,0.0
110514,B,Desktop,Paid Search,New,0,1,0,0,0,0,1,0.0,0.0,0.0
110515,A,Mobile,Paid Search,Returning,1,1,0,0,0,0,0,0.0,0.0,0.0
110516,B,Desktop,Direct,New,0,1,0,0,0,0,1,0.0,0.0,0.0
110517,B,Mobile,Organic,New,0,1,0,0,0,0,0,0.0,0.0,0.0
110518,B,Mobile,Organic,New,0,1,0,0,0,0,0,0.0,0.0,0.0
110519,A,Mobile,Social,Returning,0,0,0,0,0,0,0,0.0,0.0,0.0
110520,B,Mobile,Paid Search,New,0,1,0,0,0,0,0,0.0,0.0,0.0
110521,B,Mobile,Organic,New,0,1,0,0,0,0,0,0.0,0.0,0.0
110522,A,Tablet,Organic,New,0,1,0,0,0,0,1,0.0,0.0,0.0
110523,A,Mobile,Social,New,0,1,0,0,0,0,1,0.0,0.0,0.0
110524,B,Desktop,Email,Returning,0,1,0,0,0,0,0,0.0,0.0,0.0
110525,B,Mobile,Direct,New,0,1,0,0,0,0,1,0.0,0.0,0.0
110526,A,Mobile,Email,New,0,0,0,0,0,0,0,0.0,0.0,0.0
110527,B,Desktop,Organic,Returning,0,0,0,0,0,0,0,0.0,0.0,0.0
110528,A,Mobile,Social,New,0,1,0,0,0,0,1,0.0,0.0,0.0
110529,B,Mobile,Organic,Returning,0,1,0,0,0,0,1,0.0,0.0,0.0
110530,A,Mobile,Organic,Returning,0,1,0,0,0,0,0,0.0,0.0,0.0
110531,B,Mobile,Organic,New,0,1,0,0,0,0,0,0.0,0.0,0.0
110532,A,Mobile,Organic,New,0,1,0,0,0,0,0,0.0,0.0,0.0
110533,B,Mobile,Organic,New,1,1,0,0,0,0,1,0.0,0.0,0.0
110534,B,Desktop,Paid Search,Returning,0,1,0,0,0,0,0,0.0,0.0,0.0
110535,A,Mobile,Paid Search,New,0,1,0,0,0,0,0,0.0,0.0,0.0
110536,A,Mobile,Direct,Returning,0,1,0,0,0,0,0,0.0,0.0,0.0
110537,A,Desktop,Email,New,0,1,0,0,0,0,1,0.0,0.0,0.0
110538,A,Desktop,Organic,New,0,1,0,0,0,0,0,0.0,0.0,0.0
110539,B,Mobile,Paid Search,New,0,1,0,0,0,0,1,0.0,0.0,0.0
110540,B,Tablet,Paid Search,New,0,1,1,0,0,0,0,0.0,0.0,0.0
110541,A,Mobile,Paid Search,New,0,1,0,0,0,0,0,0.0,0.0,0.0
110542,A,Tablet,Paid Search,New,0,1,0,0,0,0,1,0.0,0.0,0.0
110543,A,Desktop,Organic,New,0,1,0,0,0,0,0,0.0,0.0,0.0
110544,B,Mobile,Social,New,0,1,0,0,0,0,0,0.0,0.0,0.0
110545,B,Mobile,Paid Search,New,0,1,0,0,0,0,0,0.0,0.0,0.0
110546,B,Mobile,Paid Search,New,0,0,0,0,0,0,0,0.0,0.0,0.0
110547,A,Mobile,Direct,Returning,0,1,0,0,0,0,1,0.0,0.0,0.0
110548,A,Mobile,Email,New,0,1,0,0,0,0,1,0.0,0.0,0.0
110549,B,Mobile,Paid Search,New,0,1,0,0,0,0,1,0.0,0.0,0.0
110550,B,Mobile,Paid Search,New,0,1,0,0,0,0,1,0.0,0.0,0.0
110551,A,Mobile,Paid Search,New,0,1,0,0,0,0,1,0.0,0.0,0.0
110552,B,Mobile,Social,New,0,0,0,0,0,0,0,0.0,0.0,0.0
110553,B,Desktop,Direct,New,0,1,0,0,0,0,1,0.0,0.0,0.0
110554,A,Mobile,Social,Returning,0,1,0,0,0,0,0,0.0,0.0,0.0
110555,A,Mobile,Direct,New,0,1,0,0,0,0,0,0.0,0.0,0.0
110556,B,Mobile,Email,New,0,1,1,0,0,0,0,0.0,0.0,0.0
110557,A,Desktop,Organic,New,0,1,1,1,1,0,1,3099.121116745011,0.0,3099.121116745011
110558,A,Mobile,Paid Search,New,0,1,0,0,0,0,0,0.0,0.0,0.0
110559,A,Mobile,Paid Search,New,0,1,0,0,0,0,0,0.0,0.0,0.0
110560,B,Mobile,Organic,New,0,0,0,0,0,0,1,0.0,0.0,0.0
110561,A,Mobile,Organic,Returning,0,1,1,1,1,0,1,2432.168857558988,0.0,2432.168857558988
110562,A,Mobile,Paid Search,New,0,0,0,0,0,0,0,0.0,0.0,0.0
110563,B,Tablet,Email,New,0,0,0,0,0,0,1,0.0,0.0,0.0
110564,A,Mobile,Direct,Returning,0,0,0,0,0,0,0,0.0,0.0,0.0
110565,B,Mobile,Paid Search,Returning,0,0,0,0,0,0,1,0.0,0.0,0.0
110566,B,Mobile,Organic,New,1,1,0,0,0,0,0,0.0,0.0,0.0
110567,A,Desktop,Direct,Returning,1,1,0,0,0,0,1,0.0,0.0,0.0
110568,A,Desktop,Social,Returning,0,1,1,1,1,0,0,3536.868652642002,0.0,3536.868652642002
110569,B,Desktop,Direct,New,0,1,1,1,1,0,0,2424.0879663974147,0.0,2424.0879663974147
110570,B,Tablet,Organic,New,0,1,0,0,0,0,0,0.0,0.0,0.0
110571,A,Desktop,Email,New,0,1,0,0,0,0,1,0.0,0.0,0.0
110572,B,Mobile,Organic,New,0,0,0,0,0,0,0,0.0,0.0,0.0
110573,A,Desktop,Direct,New,0,0,0,0,0,0,0,0.0,0.0,0.0
110574,A,Mobile,Direct,New,0,1,0,0,0,0,0,0.0,0.0,0.0
110575,B,Desktop,Social,New,0,1,0,0,0,0,0,0.0,0.0,0.0
110576,A,Mobile,Paid Search,New,0,1,0,0,0,0,1,0.0,0.0,0.0
110577,A,Mobile,Social,New,0,1,0,0,0,0,0,0.0,0.0,0.0
110578,B,Mobile,Email,New,1,1,0,0,0,0,0,0.0,0.0,0.0
110579,A,Desktop,Email,New,0,1,0,0,0,0,0,0.0,0.0,0.0
110580,A,Desktop,Organic,New,0,1,1,1,1,0,1,2050.3754676711255,0.0,2050.3754676711255
110581,B,Mobile,Organic,Returning,0,1,0,0,0,0,1,0.0,0.0,0.0
110582,A,Desktop,Paid Search,Returning,0,1,0,0,0,0,0,0.0,0.0,0.0
110583,B,Desktop,Paid Search,New,0,1,0,0,0,0,1,0.0,0.0,0.0
110584,B,Desktop,Organic,New,0,1,0,0,0,0,1,0.0,0.0,0.0
110585,A,Mobile,Paid Search,New,0,0,0,0,0,0,0,0.0,0.0,0.0
110586,B,Mobile,Direct,New,0,1,0,0,0,0,0,0.0,0.0,0.0
110587,A,Mobile,Social,New,0,0,0,0,0,0,0,0.0,0.0,0.0
110588,B,Desktop,Paid Search,New,0,1,0,0,0,0,1,0.0,0.0,0.0
110589,A,Mobile,Paid Search,New,0,1,0,0,0,0,0,0.0,0.0,0.0
110590,A,Mobile,Paid Search,Returning,1,0,0,0,0,0,1,0.0,0.0,0.0
110591,A,Mobile,Organic,New,1,1,0,0,0,0,1,0.0,0.0,0.0
110592,A,Mobile,Organic,Returning,0,1,0,0,0,0,0,0.0,0.0,0.0
110593,A,Mobile,Social,New,0,1,0,0,0,0,0,0.0,0.0,0.0
110594,A,Mobile,Email,New,0,1,0,0,0,0,0,0.0,0.0,0.0
110595,B,Mobile,Paid Search,New,0,1,0,0,0,0,0,0.0,0.0,0.0
110596,B,Mobile,Direct,New,0,1,0,0,0,0,0,0.0,0.0,0.0
110597,A,Mobile,Organic,New,0,0,0,0,0,0,0,0.0,0.0,0.0
110598,A,Mobile,Organic,Returning,0,0,0,0,0,0,1,0.0,0.0,0.0
110599,B,Mobile,Social,Returning,0,0,0,0,0,0,0,0.0,0.0,0.0
110600,B,Mobile,Organic,New,0,1,0,0,0,0,0,0.0,0.0,0.0
110601,B,Mobile,Organic,New,0,1,0,0,0,0,0,0.0,0.0,0.0
110602,A,Mobile,Paid Search,New,0,1,0,0,0,0,0,0.0,0.0,0.0
110603,B,Mobile,Organic,New,0,1,0,0,0,0,1,0.0,0.0,0.0
110604,B,Mobile,Organic,New,0,0,0,0,0,0,0,0.0,0.0,0.0
110605,B,Mobile,Organic,New,0,1,1,0,0,0,1,0.0,0.0,0.0
110606,A,Mobile,Paid Search,Returning,0,1,1,0,0,0,0,0.0,0.0,0.0
110607,A,Mobile,Direct,New,0,0,0,0,0,0,0,0.0,0.0,0.0
110608,A,Mobile,Social,New,0,1,0,0,0,0,1,0.0,0.0,0.0
110609,B,Mobile,Social,Returning,0,0,0,0,0,0,0,0.0,0.0,0.0
110610,B,Mobile,Organic,New,0,0,0,0,0,0,0,0.0,0.0,0.0
110611,A,Mobile,Social,New,0,1,0,0,0,0,0,0.0,0.0,0.0
110612,B,Tablet,Social,New,1,1,0,0,0,0,1,0.0,0.0,0.0
110613,A,Mobile,Organic,Returning,0,1,0,0,0,0,1,0.0,0.0,0.0
110614,A,Mobile,Social,New,0,1,0,0,0,0,1,0.0,0.0,0.0
110615,A,Mobile,Paid Search,New,0,0,0,0,0,0,0,0.0,0.0,0.0
110616,A,Tablet,Direct,New,0,1,0,0,0,0,0,0.0,0.0,0.0
110617,A,Desktop,Organic,New,0,1,0,0,0,0,0,0.0,0.0,0.0
110618,A,Mobile,Organic,New,0,1,0,0,0,0,0,0.0,0.0,0.0
110619,A,Mobile,Social,New,0,0,0,0,0,0,1,0.0,0.0,0.0
110620,B,Mobile,Social,New,0,1,1,1,0,0,0,0.0,0.0,0.0
110621,B,Mobile,Organic,Returning,1,0,0,0,0,0,1,0.0,0.0,0.0
110622,B,Mobile,Social,Returning,0,0,0,0,0,0,1,0.0,0.0,0.0
110623,B,Mobile,Direct,New,1,1,1,1,0,0,1,0.0,0.0,0.0
110624,B,Mobile,Organic,New,0,1,0,0,0,0,1,0.0,0.0,0.0
110625,B,Mobile,Social,New,0,1,0,0,0,0,1,0.0,0.0,0.0
110626,A,Mobile,Organic,New,0,0,0,0,0,0,0,0.0,0.0,0.0
110627,B,Mobile,Email,New,0,1,0,0,0,0,0,0.0,0.0,0.0
110628,A,Mobile,Paid Search,New,0,0,0,0,0,0,0,0.0,0.0,0.0
110629,B,Mobile,Organic,New,0,0,0,0,0,0,0,0.0,0.0,0.0
110630,A,Mobile,Paid Search,New,0,1,1,0,0,0,1,0.0,0.0,0.0
110631,B,Mobile,Email,Returning,0,1,0,0,0,0,1,0.0,0.0,0.0
110632,B,Mobile,Paid Search,New,0,0,0,0,0,0,0,0.0,0.0,0.0
110633,A,Mobile,Direct,Returning,0,1,0,0,0,0,0,0.0,0.0,0.0
110634,B,Desktop,Paid Search,Returning,0,1,0,0,0,0,0,0.0,0.0,0.0
110635,B,Desktop,Paid Search,New,0,1,0,0,0,0,1,0.0,0.0,0.0
110636,B,Mobile,Organic,New,0,1,0,0,0,0,0,0.0,0.0,0.0
110637,A,Mobile,Direct,New,1,1,0,0,0,0,0,0.0,0.0,0.0
110638,A,Desktop,Email,Returning,0,0,0,0,0,0,0,0.0,0.0,0.0
110639,B,Mobile,Organic,New,0,1,0,0,0,0,1,0.0,0.0,0.0
110640,A,Mobile,Organic,New,0,0,0,0,0,0,0,0.0,0.0,0.0
110641,B,Desktop,Paid Search,Returning,0,1,1,1,0,0,0,0.0,0.0,0.0
110642,A,Mobile,Email,New,0,0,0,0,0,0,1,0.0,0.0,0.0
110643,A,Mobile,Email,New,0,1,0,0,0,0,0,0.0,0.0,0.0
110644,B,Mobile,Organic,New,0,1,0,0,0,0,0,0.0,0.0,0.0
110645,A,Tablet,Social,Returning,0,1,0,0,0,0,0,0.0,0.0,0.0
110646,B,Mobile,Direct,New,0,0,0,0,0,0,0,0.0,0.0,0.0
110647,B,Mobile,Social,New,0,1,0,0,0,0,0,0.0,0.0,0.0
110648,A,Mobile,Social,New,0,1,0,0,0,0,0,0.0,0.0,0.0
110649,A,Mobile,Social,New,0,1,0,0,0,0,0,0.0,0.0,0.0
110650,B,Desktop,Social,New,0,1,0,0,0,0,0,0.0,0.0,0.0
110651,B,Desktop,Organic,New,0,1,0,0,0,0,1,0.0,0.0,0.0
110652,A,Desktop,Social,New,0,1,0,0,0,0,0,0.0,0.0,0.0
110653,A,Desktop,Social,Returning,0,1,0,0,0,0,1,0.0,0.0,0.0
110654,B,Desktop,Social,New,0,1,0,0,0,0,0,0.0,0.0,0.0
110655,B,Mobile,Paid Search,New,0,1,0,0,0,0,1,0.0,0.0,0.0
110656,B,Mobile,Social,New,0,1,1,1,1,1,0,3753.887250315208,4057.853810793373,7811.741061108582
110657,A,Mobile,Email,Returning,0,1,0,0,0,0,0,0.0,0.0,0.0
110658,B,Mobile,Organic,New,0,1,1,1,1,0,0,1928.1278681259514,0.0,1928.1278681259514
110659,A,Mobile,Direct,New,0,0,0,0,0,0,0,0.0,0.0,0.0
110660,B,Desktop,Paid Search,Returning,0,1,0,0,0,0,0,0.0,0.0,0.0
110661,B,Mobile,Paid Search,New,0,1,0,0,0,0,0,0.0,0.0,0.0
110662,B,Desktop,Social,New,0,0,0,0,0,0,0,0.0,0.0,0.0
110663,A,Mobile,Direct,New,1,1,0,0,0,0,1,0.0,0.0,0.0
110664,B,Mobile,Organic,New,0,1,1,0,0,0,0,0.0,0.0,0.0
110665,A,Mobile,Email,New,0,1,0,0,0,0,0,0.0,0.0,0.0
110666,B,Mobile,Direct,New,0,0,0,0,0,0,0,0.0,0.0,0.0
110667,B,Mobile,Organic,Returning,0,0,0,0,0,0,0,0.0,0.0,0.0
110668,B,Mobile,Direct,New,0,1,1,1,1,0,0,2555.995150560181,0.0,2555.995150560181
110669,A,Mobile,Direct,New,0,1,0,0,0,0,0,0.0,0.0,0.0
110670,B,Desktop,Social,New,0,0,0,0,0,0,0,0.0,0.0,0.0
110671,A,Desktop,Organic,New,0,0,0,0,0,0,1,0.0,0.0,0.0
110672,B,Mobile,Organic,New,0,1,1,1,1,0,0,3208.233842267088,0.0,3208.233842267088
110673,B,Mobile,Social,New,0,1,0,0,0,0,0,0.0,0.0,0.0
110674,A,Mobile,Organic,Returning,0,1,1,0,0,0,0,0.0,0.0,0.0
110675,A,Desktop,Organic,New,0,1,0,0,0,0,0,0.0,0.0,0.0
110676,A,Mobile,Paid Search,Returning,0,1,1,1,1,0,1,2589.825283179341,0.0,2589.825283179341
110677,A,Desktop,Paid Search,New,1,1,0,0,0,0,1,0.0,0.0,0.0
110678,B,Desktop,Organic,New,0,1,0,0,0,0,1,0.0,0.0,0.0
110679,B,Mobile,Social,New,0,1,0,0,0,0,0,0.0,0.0,0.0
110680,B,Mobile,Paid Search,New,0,0,0,0,0,0,0,0.0,0.0,0.0
110681,A,Desktop,Paid Search,New,1,0,0,0,0,0,1,0.0,0.0,0.0
110682,A,Mobile,Organic,New,0,0,0,0,0,0,0,0.0,0.0,0.0
110683,A,Tablet,Direct,Returning,0,0,0,0,0,0,0,0.0,0.0,0.0
110684,A,Mobile,Organic,New,0,0,0,0,0,0,1,0.0,0.0,0.0
110685,A,Desktop,Email,New,0,1,0,0,0,0,1,0.0,0.0,0.0
110686,B,Mobile,Organic,New,0,1,1,1,1,0,1,3580.063965085179,0.0,3580.063965085179
110687,A,Tablet,Social,New,0,0,0,0,0,0,0,0.0,0.0,0.0
110688,B,Mobile,Organic,New,0,1,0,0,0,0,0,0.0,0.0,0.0
110689,A,Mobile,Organic,New,0,1,0,0,0,0,1,0.0,0.0,0.0
110690,A,Mobile,Organic,New,0,0,0,0,0,0,0,0.0,0.0,0.0
110691,A,Mobile,Social,New,0,1,0,0,0,0,0,0.0,0.0,0.0
110692,B,Desktop,Organic,Returning,0,0,0,0,0,0,0,0.0,0.0,0.0
110693,A,Desktop,Organic,New,0,1,0,0,0,0,0,0.0,0.0,0.0
110694,A,Desktop,Direct,Returning,0,1,1,0,0,0,0,0.0,0.0,0.0
110695,A,Desktop,Social,New,0,0,0,0,0,0,1,0.0,0.0,0.0
110696,B,Mobile,Paid Search,Returning,0,1,0,0,0,0,1,0.0,0.0,0.0
110697,B,Desktop,Organic,New,0,1,0,0,0,0,1,0.0,0.0,0.0
110698,B,Mobile,Organic,New,0,1,0,0,0,0,1,0.0,0.0,0.0
110699,A,Mobile,Social,New,0,1,0,0,0,0,0,0.0,0.0,0.0
110700,A,Mobile,Direct,New,0,1,0,0,0,0,0,0.0,0.0,0.0
110701,B,Mobile,Organic,New,0,1,0,0,0,0,0,0.0,0.0,0.0
110702,A,Mobile,Organic,New,0,1,0,0,0,0,1,0.0,0.0,0.0
110703,A,Desktop,Direct,New,0,1,1,1,1,0,1,2583.7604513773294,0.0,2583.7604513773294
110704,A,Mobile,Direct,New,0,1,0,0,0,0,0,0.0,0.0,0.0
110705,B,Mobile,Paid Search,Returning,0,1,1,1,1,0,0,2889.137950008277,0.0,2889.137950008277
110706,A,Desktop,Social,New,0,1,0,0,0,0,0,0.0,0.0,0.0
110707,A,Mobile,Social,New,1,1,0,0,0,0,0,0.0,0.0,0.0
110708,B,Mobile,Organic,New,0,1,1,1,1,0,1,3090.0482607930862,0.0,3090.0482607930862
110709,A,Mobile,Paid Search,New,0,0,0,0,0,0,0,0.0,0.0,0.0
110710,B,Mobile,Organic,New,0,0,0,0,0,0,0,0.0,0.0,0.0
110711,A,Desktop,Organic,Returning,1,0,0,0,0,0,0,0.0,0.0,0.0
110712,B,Desktop,Paid Search,New,0,1,0,0,0,0,1,0.0,0.0,0.0
110713,B,Mobile,Organic,New,1,1,0,0,0,0,0,0.0,0.0,0.0
110714,B,Desktop,Paid Search,New,0,1,0,0,0,0,0,0.0,0.0,0.0
110715,B,Mobile,Organic,New,0,1,0,0,0,0,0,0.0,0.0,0.0
110716,B,Mobile,Direct,New,0,0,0,0,0,0,0,0.0,0.0,0.0
110717,A,Mobile,Organic,Returning,0,1,0,0,0,0,0,0.0,0.0,0.0
110718,A,Tablet,Paid Search,Returning,0,0,0,0,0,0,0,0.0,0.0,0.0
110719,B,Mobile,Direct,New,0,1,1,1,0,0,0,0.0,0.0,0.0
110720,B,Desktop,Paid Search,New,0,1,0,0,0,0,0,0.0,0.0,0.0
110721,A,Mobile,Organic,Returning,0,1,0,0,0,0,0,0.0,0.0,0.0
110722,B,Mobile,Social,New,1,0,0,0,0,0,0,0.0,0.0,0.0
110723,A,Desktop,Paid Search,New,0,1,0,0,0,0,1,0.0,0.0,0.0
110724,A,Desktop,Organic,Returning,0,1,0,0,0,0,0,0.0,0.0,0.0
110725,B,Desktop,Social,New,0,1,0,0,0,0,0,0.0,0.0,0.0
110726,A,Desktop,Organic,New,0,0,0,0,0,0,1,0.0,0.0,0.0
110727,A,Desktop,Organic,New,0,1,0,0,0,0,1,0.0,0.0,0.0
110728,A,Mobile,Social,Returning,0,0,0,0,0,0,1,0.0,0.0,0.0
110729,B,Mobile,Social,New,0,1,0,0,0,0,1,0.0,0.0,0.0
110730,A,Mobile,Paid Search,New,0,1,0,0,0,0,0,0.0,0.0,0.0
110731,B,Mobile,Organic,New,0,1,1,1,0,0,0,0.0,0.0,0.0
110732,B,Mobile,Organic,New,0,1,0,0,0,0,0,0.0,0.0,0.0
110733,A,Mobile,Social,New,0,1,1,1,1,0,0,3746.6563943876154,0.0,3746.6563943876154
110734,B,Mobile,Social,Returning,0,1,0,0,0,0,1,0.0,0.0,0.0
110735,A,Desktop,Email,New,0,1,1,0,0,0,0,0.0,0.0,0.0
110736,A,Mobile,Organic,New,0,0,0,0,0,0,1,0.0,0.0,0.0
110737,B,Desktop,Organic,New,0,1,0,0,0,0,0,0.0,0.0,0.0
110738,A,Desktop,Organic,Returning,0,1,0,0,0,0,0,0.0,0.0,0.0
110739,A,Mobile,Email,New,0,1,0,0,0,0,1,0.0,0.0,0.0
110740,B,Mobile,Organic,New,0,1,0,0,0,0,0,0.0,0.0,0.0
110741,B,Mobile,Social,New,0,1,0,0,0,0,1,0.0,0.0,0.0
110742,A,Mobile,Social,Returning,0,1,0,0,0,0,0,0.0,0.0,0.0
110743,B,Mobile,Email,New,1,0,0,0,0,0,0,0.0,0.0,0.0
110744,A,Mobile,Organic,New,0,0,0,0,0,0,0,0.0,0.0,0.0
110745,B,Desktop,Social,Returning,0,1,0,0,0,0,1,0.0,0.0,0.0
110746,A,Mobile,Direct,Returning,0,0,0,0,0,0,1,0.0,0.0,0.0
110747,A,Mobile,Paid Search,New,0,1,0,0,0,0,0,0.0,0.0,0.0
110748,B,Mobile,Email,Returning,0,1,0,0,0,0,0,0.0,0.0,0.0
110749,B,Mobile,Paid Search,New,0,1,0,0,0,0,0,0.0,0.0,0.0
110750,A,Desktop,Organic,New,0,0,0,0,0,0,0,0.0,0.0,0.0
110751,A,Desktop,Paid Search,Returning,0,1,0,0,0,0,1,0.0,0.0,0.0
110752,A,Mobile,Social,New,0,0,0,0,0,0,1,0.0,0.0,0.0
110753,A,Desktop,Organic,New,0,1,0,0,0,0,0,0.0,0.0,0.0
110754,A,Desktop,Paid Search,Returning,0,1,0,0,0,0,0,0.0,0.0,0.0
110755,A,Mobile,Organic,New,0,0,0,0,0,0,0,0.0,0.0,0.0
110756,A,Mobile,Direct,New,0,1,0,0,0,0,1,0.0,0.0,0.0
110757,A,Mobile,Direct,New,0,1,0,0,0,0,1,0.0,0.0,0.0
110758,A,Mobile,Paid Search,Returning,0,0,0,0,0,0,0,0.0,0.0,0.0
110759,B,Desktop,Paid Search,Returning,1,1,0,0,0,0,0,0.0,0.0,0.0
110760,A,Mobile,Email,Returning,0,0,0,0,0,0,1,0.0,0.0,0.0
110761,B,Mobile,Direct,New,0,0,0,0,0,0,0,0.0,0.0,0.0
110762,B,Mobile,Social,New,0,1,0,0,0,0,0,0.0,0.0,0.0
110763,B,Mobile,Direct,New,0,1,0,0,0,0,1,0.0,0.0,0.0
110764,A,Mobile,Paid Search,Returning,0,0,0,0,0,0,0,0.0,0.0,0.0
110765,B,Desktop,Organic,New,0,0,0,0,0,0,1,0.0,0.0,0.0
110766,A,Mobile,Direct,New,0,1,0,0,0,0,1,0.0,0.0,0.0
110767,B,Mobile,Direct,New,0,1,0,0,0,0,1,0.0,0.0,0.0
110768,B,Desktop,Email,New,0,1,0,0,0,0,1,0.0,0.0,0.0
110769,B,Mobile,Direct,Returning,1,1,0,0,0,0,0,0.0,0.0,0.0
110770,B,Mobile,Organic,New,0,1,0,0,0,0,1,0.0,0.0,0.0
110771,A,Desktop,Direct,New,0,1,0,0,0,0,1,0.0,0.0,0.0
110772,A,Mobile,Paid Search,New,0,1,0,0,0,0,1,0.0,0.0,0.0
110773,B,Desktop,Organic,New,0,1,0,0,0,0,0,0.0,0.0,0.0
110774,B,Mobile,Social,New,0,0,0,0,0,0,0,0.0,0.0,0.0
110775,B,Mobile,Organic,Returning,0,1,0,0,0,0,1,0.0,0.0,0.0
110776,B,Mobile,Organic,New,0,1,0,0,0,0,1,0.0,0.0,0.0
110777,B,Desktop,Paid Search,Returning,0,1,0,0,0,0,1,0.0,0.0,0.0
110778,A,Desktop,Direct,Returning,0,1,0,0,0,0,0,0.0,0.0,0.0
110779,A,Desktop,Social,Returning,0,0,0,0,0,0,0,0.0,0.0,0.0
110780,A,Mobile,Direct,New,0,1,0,0,0,0,0,0.0,0.0,0.0
110781,A,Mobile,Organic,New,1,1,0,0,0,0,1,0.0,0.0,0.0
110782,A,Mobile,Email,New,0,0,0,0,0,0,0,0.0,0.0,0.0
110783,B,Mobile,Organic,New,0,1,0,0,0,0,1,0.0,0.0,0.0
110784,B,Tablet,Paid Search,New,0,1,0,0,0,0,1,0.0,0.0,0.0
110785,A,Mobile,Email,New,0,0,0,0,0,0,0,0.0,0.0,0.0
110786,B,Mobile,Organic,New,0,1,0,0,0,0,0,0.0,0.0,0.0
110787,B,Desktop,Direct,New,0,1,0,0,0,0,0,0.0,0.0,0.0
110788,B,Tablet,Social,New,0,1,0,0,0,0,1,0.0,0.0,0.0
110789,B,Desktop,Paid Search,Returning,0,1,1,0,0,0,0,0.0,0.0,0.0
110790,B,Mobile,Direct,New,1,1,0,0,0,0,0,0.0,0.0,0.0
110791,B,Mobile,Social,New,0,1,0,0,0,0,0,0.0,0.0,0.0
110792,B,Desktop,Organic,New,0,0,0,0,0,0,0,0.0,0.0,0.0
110793,B,Tablet,Social,Returning,0,1,0,0,0,0,1,0.0,0.0,0.0
110794,A,Mobile,Organic,Returning,0,1,0,0,0,0,0,0.0,0.0,0.0
110795,A,Mobile,Direct,Returning,0,0,0,0,0,0,0,0.0,0.0,0.0
110796,A,Desktop,Social,New,0,0,0,0,0,0,0,0.0,0.0,0.0
110797,A,Mobile,Social,New,0,0,0,0,0,0,1,0.0,0.0,0.0
110798,B,Desktop,Paid Search,Returning,1,1,0,0,0,0,0,0.0,0.0,0.0
110799,B,Mobile,Email,New,0,1,1,1,0,0,0,0.0,0.0,0.0
110800,B,Desktop,Email,New,1,1,1,0,0,0,0,0.0,0.0,0.0
110801,B,Desktop,Social,New,0,1,0,0,0,0,0,0.0,0.0,0.0
110802,A,Mobile,Paid Search,New,0,1,0,0,0,0,0,0.0,0.0,0.0
110803,A,Desktop,Paid Search,New,0,1,0,0,0,0,0,0.0,0.0,0.0
110804,B,Mobile,Email,Returning,1,1,0,0,0,0,0,0.0,0.0,0.0
110805,A,Mobile,Direct,Returning,0,1,1,0,0,0,0,0.0,0.0,0.0
110806,B,Mobile,Social,Returning,1,0,0,0,0,0,0,0.0,0.0,0.0
110807,A,Mobile,Direct,Returning,1,1,0,0,0,0,0,0.0,0.0,0.0
110808,A,Desktop,Direct,Returning,0,1,0,0,0,0,1,0.0,0.0,0.0
110809,B,Mobile,Social,New,0,1,1,1,1,0,0,3408.89305467453,0.0,3408.89305467453
110810,A,Mobile,Paid Search,New,0,1,0,0,0,0,0,0.0,0.0,0.0
110811,B,Desktop,Paid Search,New,0,1,0,0,0,0,1,0.0,0.0,0.0
110812,B,Mobile,Paid Search,New,0,1,1,1,0,0,1,0.0,0.0,0.0
110813,A,Mobile,Email,Returning,0,1,0,0,0,0,0,0.0,0.0,0.0
110814,A,Mobile,Social,New,0,1,0,0,0,0,0,0.0,0.0,0.0
110815,B,Mobile,Social,New,0,1,0,0,0,0,1,0.0,0.0,0.0
110816,A,Desktop,Email,Returning,0,1,0,0,0,0,0,0.0,0.0,0.0
110817,B,Desktop,Social,New,1,1,0,0,0,0,0,0.0,0.0,0.0
110818,B,Mobile,Direct,New,0,0,0,0,0,0,0,0.0,0.0,0.0
110819,B,Desktop,Organic,Returning,0,0,0,0,0,0,0,0.0,0.0,0.0
110820,A,Mobile,Social,New,0,1,1,0,0,0,0,0.0,0.0,0.0
110821,A,Mobile,Email,Returning,0,1,0,0,0,0,1,0.0,0.0,0.0
110822,B,Mobile,Email,Returning,0,1,0,0,0,0,0,0.0,0.0,0.0
110823,B,Mobile,Paid Search,New,0,1,0,0,0,0,0,0.0,0.0,0.0
110824,A,Desktop,Organic,Returning,0,1,0,0,0,0,0,0.0,0.0,0.0
110825,A,Mobile,Organic,New,0,1,0,0,0,0,0,0.0,0.0,0.0
110826,A,Mobile,Paid Search,New,0,1,0,0,0,0,0,0.0,0.0,0.0
110827,B,Mobile,Direct,New,0,0,0,0,0,0,0,0.0,0.0,0.0
110828,A,Mobile,Social,New,0,1,0,0,0,0,1,0.0,0.0,0.0
110829,B,Desktop,Social,New,0,0,0,0,0,0,0,0.0,0.0,0.0
110830,B,Mobile,Paid Search,New,0,0,0,0,0,0,1,0.0,0.0,0.0
110831,A,Desktop,Social,New,0,0,0,0,0,0,0,0.0,0.0,0.0
110832,B,Desktop,Direct,New,0,1,1,1,1,0,0,3464.8060704879117,0.0,3464.8060704879117
110833,A,Mobile,Social,New,0,0,0,0,0,0,0,0.0,0.0,0.0
110834,B,Mobile,Direct,New,0,1,0,0,0,0,0,0.0,0.0,0.0
110835,B,Mobile,Email,New,0,0,0,0,0,0,1,0.0,0.0,0.0
110836,B,Mobile,Organic,New,0,1,0,0,0,0,0,0.0,0.0,0.0
110837,B,Mobile,Organic,New,0,1,0,0,0,0,0,0.0,0.0,0.0
110838,A,Mobile,Direct,New,0,1,1,1,0,0,0,0.0,0.0,0.0
110839,A,Mobile,Organic,New,1,1,0,0,0,0,0,0.0,0.0,0.0
110840,B,Mobile,Organic,New,0,1,1,1,1,0,1,2447.449734821087,0.0,2447.449734821087
110841,B,Mobile,Paid Search,New,0,1,1,1,1,0,1,3032.01652223521,0.0,3032.01652223521
110842,B,Desktop,Social,New,0,1,0,0,0,0,1,0.0,0.0,0.0
110843,A,Desktop,Organic,New,0,1,1,1,0,0,0,0.0,0.0,0.0
110844,B,Mobile,Social,New,0,1,0,0,0,0,0,0.0,0.0,0.0
110845,B,Mobile,Organic,New,0,1,0,0,0,0,0,0.0,0.0,0.0
110846,A,Desktop,Direct,New,0,1,1,1,0,0,1,0.0,0.0,0.0
110847,B,Mobile,Organic,Returning,0,1,0,0,0,0,1,0.0,0.0,0.0
110848,B,Desktop,Organic,Returning,0,1,0,0,0,0,0,0.0,0.0,0.0
110849,A,Mobile,Organic,New,0,1,0,0,0,0,1,0.0,0.0,0.0
110850,A,Mobile,Email,New,0,1,0,0,0,0,1,0.0,0.0,0.0
110851,A,Desktop,Organic,New,0,1,0,0,0,0,1,0.0,0.0,0.0
110852,A,Mobile,Paid Search,New,0,0,0,0,0,0,1,0.0,0.0,0.0
110853,A,Mobile,Email,Returning,0,1,1,1,1,0,0,2777.4478357480384,0.0,2777.4478357480384
110854,A,Desktop,Organic,New,0,1,0,0,0,0,1,0.0,0.0,0.0
110855,B,Mobile,Paid Search,New,0,1,1,1,1,0,1,3924.4877526114333,0.0,3924.4877526114333
110856,A,Mobile,Organic,New,0,0,0,0,0,0,1,0.0,0.0,0.0
110857,B,Mobile,Paid Search,New,0,1,0,0,0,0,0,0.0,0.0,0.0
110858,B,Desktop,Email,New,0,1,0,0,0,0,0,0.0,0.0,0.0
110859,B,Mobile,Social,Returning,0,1,1,1,1,1,0,1742.7520117225374,1907.3550629926665,3650.107074715204
110860,B,Mobile,Organic,New,0,1,0,0,0,0,0,0.0,0.0,0.0
110861,B,Desktop,Organic,New,0,1,0,0,0,0,0,0.0,0.0,0.0
110862,B,Mobile,Organic,Returning,0,0,0,0,0,0,1,0.0,0.0,0.0
110863,B,Mobile,Paid Search,Returning,0,0,0,0,0,0,0,0.0,0.0,0.0
110864,B,Desktop,Paid Search,New,1,1,1,0,0,0,1,0.0,0.0,0.0
110865,B,Mobile,Paid Search,Returning,0,1,0,0,0,0,1,0.0,0.0,0.0
110866,A,Mobile,Social,New,0,1,0,0,0,0,0,0.0,0.0,0.0
110867,A,Mobile,Organic,New,0,0,0,0,0,0,1,0.0,0.0,0.0
110868,B,Tablet,Organic,New,0,0,0,0,0,0,1,0.0,0.0,0.0
110869,A,Mobile,Organic,New,0,1,0,0,0,0,1,0.0,0.0,0.0
110870,B,Mobile,Social,Returning,0,1,0,0,0,0,0,0.0,0.0,0.0
110871,A,Desktop,Organic,Returning,0,1,0,0,0,0,0,0.0,0.0,0.0
110872,B,Mobile,Organic,New,0,0,0,0,0,0,0,0.0,0.0,0.0
110873,A,Desktop,Direct,New,0,1,0,0,0,0,0,0.0,0.0,0.0
110874,B,Desktop,Paid Search,New,0,1,0,0,0,0,1,0.0,0.0,0.0
110875,A,Desktop,Organic,New,0,1,0,0,0,0,0,0.0,0.0,0.0
110876,B,Desktop,Social,New,0,1,0,0,0,0,0,0.0,0.0,0.0
110877,B,Mobile,Organic,New,0,0,0,0,0,0,1,0.0,0.0,0.0
110878,A,Mobile,Organic,New,0,1,0,0,0,0,1,0.0,0.0,0.0
110879,A,Mobile,Email,New,0,1,1,1,0,0,1,0.0,0.0,0.0
110880,B,Mobile,Organic,New,0,1,0,0,0,0,0,0.0,0.0,0.0
110881,B,Mobile,Organic,New,0,1,1,1,1,1,0,1612.6075775738384,1317.9552410863964,2930.562818660235
110882,B,Mobile,Organic,New,0,1,1,1,1,0,0,3306.2836292066163,0.0,3306.2836292066163
110883,B,Mobile,Paid Search,Returning,1,0,0,0,0,0,0,0.0,0.0,0.0
110884,A,Mobile,Direct,New,0,1,0,0,0,0,0,0.0,0.0,0.0
110885,B,Mobile,Organic,New,1,1,0,0,0,0,0,0.0,0.0,0.0
110886,A,Desktop,Paid Search,New,0,1,0,0,0,0,0,0.0,0.0,0.0
110887,B,Desktop,Email,Returning,0,1,0,0,0,0,1,0.0,0.0,0.0
110888,B,Mobile,Organic,New,0,0,0,0,0,0,1,0.0,0.0,0.0
110889,A,Mobile,Social,New,0,1,1,1,0,0,1,0.0,0.0,0.0
110890,B,Mobile,Organic,Returning,0,1,0,0,0,0,1,0.0,0.0,0.0
110891,A,Mobile,Organic,New,0,1,0,0,0,0,1,0.0,0.0,0.0
110892,B,Mobile,Email,New,0,0,0,0,0,0,1,0.0,0.0,0.0
110893,A,Desktop,Organic,New,0,1,1,0,0,0,0,0.0,0.0,0.0
110894,A,Desktop,Direct,New,0,1,0,0,0,0,1,0.0,0.0,0.0
110895,B,Mobile,Paid Search,New,1,1,0,0,0,0,1,0.0,0.0,0.0
110896,B,Mobile,Paid Search,New,0,0,0,0,0,0,0,0.0,0.0,0.0
110897,A,Mobile,Paid Search,New,0,1,0,0,0,0,1,0.0,0.0,0.0
110898,B,Mobile,Organic,New,0,0,0,0,0,0,0,0.0,0.0,0.0
110899,B,Mobile,Organic,New,0,1,0,0,0,0,0,0.0,0.0,0.0
110900,A,Desktop,Paid Search,New,0,1,0,0,0,0,1,0.0,0.0,0.0
110901,A,Mobile,Email,New,0,1,1,1,0,0,1,0.0,0.0,0.0
110902,B,Desktop,Organic,New,0,1,0,0,0,0,1,0.0,0.0,0.0
110903,A,Desktop,Organic,Returning,0,1,0,0,0,0,0,0.0,0.0,0.0
110904,B,Desktop,Organic,Returning,0,1,1,0,0,0,0,0.0,0.0,0.0
110905,B,Desktop,Paid Search,New,0,1,0,0,0,0,0,0.0,0.0,0.0
110906,A,Mobile,Paid Search,New,0,1,0,0,0,0,0,0.0,0.0,0.0
110907,B,Mobile,Social,New,0,0,0,0,0,0,0,0.0,0.0,0.0
110908,A,Mobile,Paid Search,New,1,1,0,0,0,0,0,0.0,0.0,0.0
110909,A,Mobile,Organic,New,0,1,0,0,0,0,1,0.0,0.0,0.0
110910,A,Desktop,Social,New,0,1,0,0,0,0,0,0.0,0.0,0.0
110911,B,Tablet,Social,New,0,1,0,0,0,0,1,0.0,0.0,0.0
110912,B,Mobile,Social,New,0,1,0,0,0,0,0,0.0,0.0,0.0
110913,A,Desktop,Social,Returning,0,1,0,0,0,0,0,0.0,0.0,0.0
110914,B,Tablet,Paid Search,New,0,0,0,0,0,0,0,0.0,0.0,0.0
110915,A,Desktop,Organic,Returning,0,1,0,0,0,0,0,0.0,0.0,0.0
110916,A,Mobile,Direct,New,0,1,1,1,1,0,0,2605.6763314339796,0.0,2605.6763314339796
110917,A,Mobile,Organic,Returning,0,1,1,1,0,0,1,0.0,0.0,0.0
110918,A,Mobile,Email,New,0,1,0,0,0,0,1,0.0,0.0,0.0
110919,A,Mobile,Paid Search,Returning,0,1,1,1,0,0,0,0.0,0.0,0.0
110920,A,Mobile,Paid Search,Returning,1,1,1,1,0,0,0,0.0,0.0,0.0
110921,A,Mobile,Organic,New,0,1,1,1,1,0,1,2135.814503232409,0.0,2135.814503232409
110922,B,Desktop,Email,New,0,0,0,0,0,0,1,0.0,0.0,0.0
110923,A,Mobile,Email,New,0,1,1,1,1,1,0,3973.8870781019104,3607.2767810038486,7581.163859105759
110924,B,Desktop,Social,New,0,1,0,0,0,0,0,0.0,0.0,0.0
110925,A,Desktop,Organic,New,0,1,0,0,0,0,0,0.0,0.0,0.0
110926,B,Mobile,Paid Search,New,0,1,0,0,0,0,1,0.0,0.0,0.0
110927,A,Tablet,Social,New,0,0,0,0,0,0,1,0.0,0.0,0.0
110928,B,Mobile,Organic,New,0,1,0,0,0,0,0,0.0,0.0,0.0
110929,A,Desktop,Direct,Returning,0,1,0,0,0,0,1,0.0,0.0,0.0
110930,A,Desktop,Organic,New,0,1,0,0,0,0,0,0.0,0.0,0.0
110931,B,Mobile,Paid Search,New,0,1,0,0,0,0,1,0.0,0.0,0.0
110932,B,Desktop,Email,New,0,1,0,0,0,0,1,0.0,0.0,0.0
110933,A,Desktop,Social,New,0,0,0,0,0,0,0,0.0,0.0,0.0
110934,A,Desktop,Paid Search,New,0,1,0,0,0,0,0,0.0,0.0,0.0
110935,B,Desktop,Paid Search,Returning,0,1,0,0,0,0,0,0.0,0.0,0.0
110936,A,Mobile,Organic,New,1,1,0,0,0,0,1,0.0,0.0,0.0
110937,A,Desktop,Email,New,0,1,1,0,0,0,0,0.0,0.0,0.0
110938,A,Mobile,Social,Returning,0,1,0,0,0,0,0,0.0,0.0,0.0
110939,B,Desktop,Email,New,0,1,0,0,0,0,1,0.0,0.0,0.0
110940,B,Desktop,Email,New,0,1,0,0,0,0,0,0.0,0.0,0.0
110941,B,Mobile,Organic,New,0,1,0,0,0,0,0,0.0,0.0,0.0
110942,A,Desktop,Organic,New,0,0,0,0,0,0,1,0.0,0.0,0.0
110943,B,Mobile,Organic,New,0,1,1,1,1,0,0,2114.227740367787,0.0,2114.227740367787
110944,A,Mobile,Organic,New,0,1,0,0,0,0,0,0.0,0.0,0.0
110945,A,Mobile,Direct,Returning,0,1,0,0,0,0,1,0.0,0.0,0.0
110946,B,Mobile,Paid Search,New,0,1,0,0,0,0,1,0.0,0.0,0.0
110947,A,Mobile,Direct,Returning,0,1,0,0,0,0,0,0.0,0.0,0.0
110948,A,Mobile,Organic,New,0,1,0,0,0,0,1,0.0,0.0,0.0
110949,B,Mobile,Social,New,0,1,0,0,0,0,1,0.0,0.0,0.0
110950,B,Tablet,Organic,New,0,1,0,0,0,0,0,0.0,0.0,0.0
110951,B,Desktop,Social,New,0,1,0,0,0,0,0,0.0,0.0,0.0
110952,B,Mobile,Organic,New,0,0,0,0,0,0,0,0.0,0.0,0.0
110953,B,Tablet,Organic,Returning,0,1,0,0,0,0,0,0.0,0.0,0.0
110954,A,Tablet,Organic,Returning,0,1,1,1,1,0,0,3421.188025084776,0.0,3421.188025084776
110955,B,Desktop,Social,New,0,1,0,0,0,0,1,0.0,0.0,0.0
110956,A,Desktop,Paid Search,Returning,1,1,0,0,0,0,0,0.0,0.0,0.0
110957,A,Mobile,Social,New,0,1,1,0,0,0,1,0.0,0.0,0.0
110958,A,Mobile,Email,New,0,1,0,0,0,0,0,0.0,0.0,0.0
110959,B,Mobile,Organic,New,0,1,0,0,0,0,1,0.0,0.0,0.0
110960,B,Mobile,Paid Search,New,0,1,1,1,1,0,0,1896.9680211066593,0.0,1896.9680211066593
110961,B,Desktop,Organic,New,0,1,0,0,0,0,0,0.0,0.0,0.0
110962,B,Mobile,Paid Search,New,1,1,0,0,0,0,0,0.0,0.0,0.0
110963,B,Mobile,Organic,New,0,1,0,0,0,0,0,0.0,0.0,0.0
110964,A,Desktop,Paid Search,Returning,0,1,1,0,0,0,1,0.0,0.0,0.0
110965,B,Mobile,Paid Search,New,0,1,0,0,0,0,1,0.0,0.0,0.0
110966,A,Mobile,Direct,Returning,0,1,0,0,0,0,1,0.0,0.0,0.0
110967,A,Desktop,Organic,New,0,1,0,0,0,0,0,0.0,0.0,0.0
110968,A,Desktop,Organic,New,0,0,0,0,0,0,1,0.0,0.0,0.0
110969,A,Mobile,Paid Search,Returning,0,1,1,1,1,0,0,4063.4971629313377,0.0,4063.4971629313377
110970,B,Tablet,Direct,New,0,0,0,0,0,0,1,0.0,0.0,0.0
110971,A,Mobile,Email,Returning,1,1,0,0,0,0,0,0.0,0.0,0.0
110972,B,Mobile,Paid Search,Returning,0,1,0,0,0,0,1,0.0,0.0,0.0
110973,B,Mobile,Social,New,1,1,0,0,0,0,0,0.0,0.0,0.0
110974,B,Mobile,Organic,Returning,1,1,0,0,0,0,0,0.0,0.0,0.0
110975,B,Mobile,Direct,Returning,1,1,1,1,1,0,0,2518.6331115725193,0.0,2518.6331115725193
110976,B,Mobile,Organic,New,0,1,1,0,0,0,0,0.0,0.0,0.0
110977,A,Mobile,Organic,Returning,0,0,0,0,0,0,0,0.0,0.0,0.0
110978,A,Mobile,Organic,Returning,0,0,0,0,0,0,0,0.0,0.0,0.0
110979,B,Mobile,Organic,New,0,0,0,0,0,0,1,0.0,0.0,0.0
110980,A,Mobile,Organic,Returning,0,1,0,0,0,0,1,0.0,0.0,0.0
110981,A,Mobile,Direct,New,0,1,1,1,0,0,0,0.0,0.0,0.0
110982,B,Desktop,Paid Search,New,0,0,0,0,0,0,0,0.0,0.0,0.0
110983,B,Mobile,Paid Search,Returning,0,1,0,0,0,0,1,0.0,0.0,0.0
110984,A,Mobile,Organic,New,0,1,0,0,0,0,0,0.0,0.0,0.0
110985,B,Mobile,Organic,New,0,1,0,0,0,0,1,0.0,0.0,0.0
110986,B,Mobile,Organic,New,0,1,0,0,0,0,0,0.0,0.0,0.0
110987,A,Mobile,Paid Search,New,0,1,0,0,0,0,1,0.0,0.0,0.0
110988,B,Desktop,Paid Search,New,0,1,0,0,0,0,1,0.0,0.0,0.0
110989,A,Desktop,Social,New,0,1,1,1,1,0,0,3055.350402444282,0.0,3055.350402444282
110990,B,Mobile,Direct,New,0,1,0,0,0,0,0,0.0,0.0,0.0
110991,B,Mobile,Direct,Returning,0,1,0,0,0,0,0,0.0,0.0,0.0
110992,A,Mobile,Direct,Returning,0,1,0,0,0,0,1,0.0,0.0,0.0
110993,B,Desktop,Paid Search,Returning,0,1,1,1,1,0,0,2704.0748919324587,0.0,2704.0748919324587
110994,B,Mobile,Organic,New,0,0,0,0,0,0,0,0.0,0.0,0.0
110995,B,Mobile,Paid Search,New,0,1,1,0,0,0,0,0.0,0.0,0.0
110996,B,Desktop,Social,New,0,1,0,0,0,0,1,0.0,0.0,0.0
110997,B,Desktop,Organic,New,0,1,0,0,0,0,1,0.0,0.0,0.0
110998,A,Mobile,Social,New,0,0,0,0,0,0,0,0.0,0.0,0.0
110999,A,Mobile,Organic,New,0,1,0,0,0,0,0,0.0,0.0,0.0
111000,A,Desktop,Organic,New,0,1,0,0,0,0,0,0.0,0.0,0.0
111001,A,Mobile,Direct,New,0,1,0,0,0,0,0,0.0,0.0,0.0
111002,A,Mobile,Email,New,0,0,0,0,0,0,0,0.0,0.0,0.0
111003,B,Tablet,Email,New,0,1,0,0,0,0,0,0.0,0.0,0.0
111004,B,Mobile,Direct,New,0,1,0,0,0,0,0,0.0,0.0,0.0
111005,A,Mobile,Paid Search,New,0,1,0,0,0,0,0,0.0,0.0,0.0
111006,B,Desktop,Social,New,0,1,0,0,0,0,0,0.0,0.0,0.0
111007,B,Mobile,Social,Returning,0,1,0,0,0,0,1,0.0,0.0,0.0
111008,A,Desktop,Social,New,0,1,0,0,0,0,1,0.0,0.0,0.0
111009,B,Mobile,Organic,New,0,1,0,0,0,0,0,0.0,0.0,0.0
111010,B,Desktop,Organic,New,0,1,0,0,0,0,1,0.0,0.0,0.0
111011,A,Mobile,Paid Search,New,0,1,0,0,0,0,1,0.0,0.0,0.0
111012,B,Mobile,Direct,Returning,0,1,0,0,0,0,0,0.0,0.0,0.0
111013,B,Desktop,Social,New,0,1,0,0,0,0,0,0.0,0.0,0.0
111014,B,Mobile,Paid Search,New,0,0,0,0,0,0,0,0.0,0.0,0.0
111015,A,Mobile,Paid Search,New,0,1,0,0,0,0,1,0.0,0.0,0.0
111016,B,Mobile,Social,New,0,1,0,0,0,0,0,0.0,0.0,0.0
111017,A,Desktop,Direct,New,0,1,0,0,0,0,0,0.0,0.0,0.0
111018,A,Tablet,Organic,New,0,1,0,0,0,0,0,0.0,0.0,0.0
111019,A,Tablet,Paid Search,Returning,0,1,0,0,0,0,0,0.0,0.0,0.0
111020,B,Desktop,Direct,New,0,1,0,0,0,0,0,0.0,0.0,0.0
111021,A,Mobile,Social,New,0,1,0,0,0,0,1,0.0,0.0,0.0
111022,A,Mobile,Paid Search,New,0,1,1,1,0,0,1,0.0,0.0,0.0
111023,A,Desktop,Social,New,0,1,0,0,0,0,0,0.0,0.0,0.0
111024,B,Mobile,Email,New,0,0,0,0,0,0,0,0.0,0.0,0.0
111025,B,Mobile,Paid Search,New,0,1,0,0,0,0,0,0.0,0.0,0.0
111026,A,Mobile,Email,Returning,0,0,0,0,0,0,0,0.0,0.0,0.0
111027,A,Mobile,Organic,New,0,1,0,0,0,0,0,0.0,0.0,0.0
111028,A,Desktop,Organic,New,0,1,0,0,0,0,0,0.0,0.0,0.0
111029,A,Mobile,Social,New,0,1,0,0,0,0,0,0.0,0.0,0.0
111030,B,Desktop,Social,Returning,0,1,0,0,0,0,0,0.0,0.0,0.0
111031,B,Mobile,Paid Search,New,0,1,1,0,0,0,1,0.0,0.0,0.0
111032,A,Desktop,Organic,New,0,1,1,0,0,0,0,0.0,0.0,0.0
111033,B,Desktop,Paid Search,Returning,0,1,0,0,0,0,0,0.0,0.0,0.0
111034,A,Desktop,Paid Search,Returning,0,1,0,0,0,0,0,0.0,0.0,0.0
111035,A,Mobile,Email,New,0,1,0,0,0,0,0,0.0,0.0,0.0
111036,B,Mobile,Social,New,0,1,0,0,0,0,0,0.0,0.0,0.0
111037,A,Mobile,Email,Returning,0,1,0,0,0,0,0,0.0,0.0,0.0
111038,B,Mobile,Social,New,0,1,0,0,0,0,0,0.0,0.0,0.0
111039,A,Mobile,Organic,New,0,1,0,0,0,0,0,0.0,0.0,0.0
111040,A,Mobile,Email,New,0,1,0,0,0,0,0,0.0,0.0,0.0
111041,A,Mobile,Organic,New,0,0,0,0,0,0,1,0.0,0.0,0.0
111042,B,Mobile,Social,New,0,1,0,0,0,0,0,0.0,0.0,0.0
111043,A,Desktop,Organic,Returning,0,1,0,0,0,0,0,0.0,0.0,0.0
111044,A,Mobile,Paid Search,New,0,1,0,0,0,0,1,0.0,0.0,0.0
111045,A,Desktop,Paid Search,Returning,1,1,0,0,0,0,0,0.0,0.0,0.0
111046,A,Mobile,Paid Search,New,0,1,0,0,0,0,0,0.0,0.0,0.0
111047,A,Desktop,Paid Search,New,1,1,0,0,0,0,0,0.0,0.0,0.0
111048,B,Mobile,Paid Search,Returning,1,0,0,0,0,0,1,0.0,0.0,0.0
111049,B,Mobile,Email,New,1,1,0,0,0,0,0,0.0,0.0,0.0
111050,A,Mobile,Email,New,0,1,1,1,1,0,0,2259.470954297575,0.0,2259.470954297575
111051,A,Desktop,Paid Search,New,0,1,0,0,0,0,1,0.0,0.0,0.0
111052,B,Mobile,Email,Returning,0,1,0,0,0,0,1,0.0,0.0,0.0
111053,A,Mobile,Paid Search,New,0,0,0,0,0,0,1,0.0,0.0,0.0
111054,A,Mobile,Social,Returning,0,1,0,0,0,0,0,0.0,0.0,0.0
111055,B,Mobile,Organic,New,0,0,0,0,0,0,0,0.0,0.0,0.0
111056,B,Desktop,Email,New,0,1,0,0,0,0,0,0.0,0.0,0.0
111057,B,Desktop,Organic,New,0,1,1,0,0,0,0,0.0,0.0,0.0
111058,B,Mobile,Social,Returning,0,1,1,1,0,0,1,0.0,0.0,0.0
111059,A,Tablet,Direct,Returning,0,1,0,0,0,0,0,0.0,0.0,0.0
111060,A,Mobile,Paid Search,New,0,1,0,0,0,0,0,0.0,0.0,0.0
111061,A,Mobile,Organic,New,0,1,0,0,0,0,1,0.0,0.0,0.0
111062,B,Mobile,Social,New,0,1,0,0,0,0,1,0.0,0.0,0.0
111063,B,Mobile,Email,New,0,1,0,0,0,0,1,0.0,0.0,0.0
111064,B,Mobile,Direct,Returning,0,1,0,0,0,0,0,0.0,0.0,0.0
111065,A,Mobile,Organic,Returning,0,1,0,0,0,0,0,0.0,0.0,0.0
111066,B,Mobile,Direct,New,0,1,1,0,0,0,1,0.0,0.0,0.0
111067,A,Tablet,Social,New,0,1,0,0,0,0,0,0.0,0.0,0.0
111068,B,Mobile,Social,New,0,1,0,0,0,0,0,0.0,0.0,0.0
111069,B,Mobile,Organic,New,0,1,0,0,0,0,1,0.0,0.0,0.0
111070,B,Mobile,Paid Search,New,0,1,0,0,0,0,0,0.0,0.0,0.0
111071,A,Mobile,Organic,New,0,1,0,0,0,0,0,0.0,0.0,0.0
111072,A,Mobile,Email,New,0,0,0,0,0,0,0,0.0,0.0,0.0
111073,B,Mobile,Paid Search,Returning,0,1,0,0,0,0,1,0.0,0.0,0.0
111074,B,Mobile,Social,Returning,0,1,0,0,0,0,1,0.0,0.0,0.0
111075,A,Mobile,Email,New,0,1,0,0,0,0,0,0.0,0.0,0.0
111076,B,Mobile,Social,New,0,1,1,1,1,0,0,1951.7281713557538,0.0,1951.7281713557538
111077,A,Mobile,Organic,New,0,1,1,1,1,0,1,3138.851317306517,0.0,3138.851317306517
111078,B,Mobile,Organic,New,0,1,1,1,0,0,0,0.0,0.0,0.0
111079,A,Desktop,Paid Search,New,0,1,0,0,0,0,0,0.0,0.0,0.0
111080,B,Desktop,Paid Search,Returning,0,0,0,0,0,0,0,0.0,0.0,0.0
111081,B,Mobile,Paid Search,New,0,0,0,0,0,0,1,0.0,0.0,0.0
111082,B,Desktop,Organic,New,0,1,1,1,0,0,0,0.0,0.0,0.0
111083,A,Mobile,Organic,Returning,0,1,0,0,0,0,0,0.0,0.0,0.0
111084,B,Mobile,Paid Search,New,1,0,0,0,0,0,0,0.0,0.0,0.0
111085,B,Desktop,Direct,Returning,1,1,0,0,0,0,1,0.0,0.0,0.0
111086,B,Desktop,Organic,New,1,1,0,0,0,0,0,0.0,0.0,0.0
111087,A,Mobile,Organic,New,0,0,0,0,0,0,0,0.0,0.0,0.0
111088,B,Mobile,Organic,New,0,1,1,0,0,0,1,0.0,0.0,0.0
111089,A,Mobile,Social,New,0,1,0,0,0,0,0,0.0,0.0,0.0
111090,A,Mobile,Organic,New,0,0,0,0,0,0,0,0.0,0.0,0.0
111091,A,Desktop,Organic,Returning,0,1,0,0,0,0,1,0.0,0.0,0.0
111092,A,Desktop,Email,New,0,0,0,0,0,0,1,0.0,0.0,0.0
111093,B,Desktop,Social,New,0,1,0,0,0,0,0,0.0,0.0,0.0
111094,A,Desktop,Direct,Returning,0,1,0,0,0,0,0,0.0,0.0,0.0
111095,A,Desktop,Email,Returning,0,0,0,0,0,0,0,0.0,0.0,0.0
111096,A,Desktop,Paid Search,Returning,0,1,1,1,1,1,0,2687.070580205341,2840.7783255136155,5527.848905718956
111097,B,Desktop,Social,New,0,0,0,0,0,0,0,0.0,0.0,0.0
111098,A,Mobile,Paid Search,New,0,1,0,0,0,0,1,0.0,0.0,0.0
111099,B,Desktop,Organic,New,0,1,0,0,0,0,0,0.0,0.0,0.0
111100,A,Desktop,Paid Search,New,0,1,0,0,0,0,1,0.0,0.0,0.0
111101,A,Mobile,Direct,New,0,1,0,0,0,0,1,0.0,0.0,0.0
111102,B,Mobile,Email,Returning,0,0,0,0,0,0,0,0.0,0.0,0.0
111103,B,Mobile,Organic,New,0,0,0,0,0,0,1,0.0,0.0,0.0
111104,B,Mobile,Paid Search,New,0,1,0,0,0,0,0,0.0,0.0,0.0
111105,B,Mobile,Social,New,0,0,0,0,0,0,1,0.0,0.0,0.0
111106,B,Mobile,Social,New,0,1,1,1,0,0,1,0.0,0.0,0.0
111107,A,Mobile,Organic,New,0,0,0,0,0,0,0,0.0,0.0,0.0
111108,B,Desktop,Paid Search,New,0,1,0,0,0,0,1,0.0,0.0,0.0
111109,A,Desktop,Social,Returning,0,1,0,0,0,0,0,0.0,0.0,0.0
111110,A,Mobile,Direct,Returning,0,1,0,0,0,0,0,0.0,0.0,0.0
111111,A,Mobile,Paid Search,New,0,1,1,1,1,0,1,2083.6247119923423,0.0,2083.6247119923423
111112,B,Mobile,Organic,Returning,0,0,0,0,0,0,1,0.0,0.0,0.0
111113,A,Mobile,Social,New,0,1,0,0,0,0,0,0.0,0.0,0.0
111114,A,Mobile,Paid Search,New,0,0,0,0,0,0,0,0.0,0.0,0.0
111115,A,Mobile,Social,New,0,1,1,0,0,0,1,0.0,0.0,0.0
111116,A,Desktop,Organic,New,1,1,1,0,0,0,0,0.0,0.0,0.0
111117,B,Mobile,Social,New,0,1,1,0,0,0,1,0.0,0.0,0.0
111118,A,Desktop,Organic,New,0,1,0,0,0,0,0,0.0,0.0,0.0
111119,A,Mobile,Organic,New,0,0,0,0,0,0,1,0.0,0.0,0.0
111120,B,Mobile,Direct,New,0,1,0,0,0,0,0,0.0,0.0,0.0
111121,B,Mobile,Organic,Returning,0,1,1,1,1,0,1,3002.8888501111574,0.0,3002.8888501111574
111122,A,Mobile,Paid Search,New,0,1,0,0,0,0,1,0.0,0.0,0.0
111123,A,Mobile,Paid Search,New,0,0,0,0,0,0,1,0.0,0.0,0.0
111124,A,Mobile,Paid Search,New,0,0,0,0,0,0,0,0.0,0.0,0.0
111125,B,Desktop,Direct,New,0,0,0,0,0,0,0,0.0,0.0,0.0
111126,A,Mobile,Paid Search,New,0,1,0,0,0,0,1,0.0,0.0,0.0
111127,B,Mobile,Social,Returning,0,0,0,0,0,0,1,0.0,0.0,0.0
111128,A,Desktop,Paid Search,New,0,1,0,0,0,0,0,0.0,0.0,0.0
111129,B,Mobile,Social,New,0,0,0,0,0,0,1,0.0,0.0,0.0
111130,A,Mobile,Direct,Returning,0,1,0,0,0,0,0,0.0,0.0,0.0
111131,A,Mobile,Direct,New,0,1,0,0,0,0,0,0.0,0.0,0.0
111132,A,Desktop,Direct,New,0,1,0,0,0,0,0,0.0,0.0,0.0
111133,B,Mobile,Email,Returning,0,1,0,0,0,0,0,0.0,0.0,0.0
111134,A,Desktop,Social,Returning,1,1,1,0,0,0,1,0.0,0.0,0.0
111135,B,Mobile,Social,New,0,1,1,1,1,0,1,3407.011663795772,0.0,3407.011663795772
111136,A,Mobile,Social,New,0,1,0,0,0,0,0,0.0,0.0,0.0
111137,B,Mobile,Organic,New,0,0,0,0,0,0,0,0.0,0.0,0.0
111138,B,Mobile,Email,New,0,1,0,0,0,0,0,0.0,0.0,0.0
111139,A,Mobile,Social,New,0,1,0,0,0,0,1,0.0,0.0,0.0
111140,B,Mobile,Social,Returning,0,1,0,0,0,0,1,0.0,0.0,0.0
111141,A,Mobile,Social,New,0,1,0,0,0,0,1,0.0,0.0,0.0
111142,B,Desktop,Social,New,0,1,0,0,0,0,0,0.0,0.0,0.0
111143,B,Mobile,Organic,New,0,1,0,0,0,0,1,0.0,0.0,0.0
111144,B,Tablet,Direct,New,0,1,0,0,0,0,1,0.0,0.0,0.0
111145,A,Mobile,Organic,New,0,1,0,0,0,0,0,0.0,0.0,0.0
111146,A,Desktop,Social,New,0,1,0,0,0,0,0,0.0,0.0,0.0
111147,A,Mobile,Paid Search,Returning,0,1,0,0,0,0,1,0.0,0.0,0.0
111148,A,Mobile,Organic,New,0,1,0,0,0,0,1,0.0,0.0,0.0
111149,B,Mobile,Direct,Returning,0,1,0,0,0,0,0,0.0,0.0,0.0
111150,B,Desktop,Paid Search,New,0,1,0,0,0,0,0,0.0,0.0,0.0
111151,B,Mobile,Email,Returning,0,1,0,0,0,0,0,0.0,0.0,0.0
111152,A,Mobile,Paid Search,New,0,1,0,0,0,0,0,0.0,0.0,0.0
111153,B,Mobile,Direct,New,0,0,0,0,0,0,0,0.0,0.0,0.0
111154,A,Desktop,Organic,New,0,1,0,0,0,0,0,0.0,0.0,0.0
111155,A,Mobile,Direct,New,0,1,0,0,0,0,0,0.0,0.0,0.0
111156,B,Mobile,Direct,New,1,0,0,0,0,0,1,0.0,0.0,0.0
111157,A,Mobile,Email,New,1,1,0,0,0,0,0,0.0,0.0,0.0
111158,A,Mobile,Social,New,0,1,0,0,0,0,1,0.0,0.0,0.0
111159,B,Mobile,Direct,New,0,1,0,0,0,0,0,0.0,0.0,0.0
111160,A,Desktop,Paid Search,New,1,1,0,0,0,0,0,0.0,0.0,0.0
111161,A,Mobile,Social,New,0,1,0,0,0,0,0,0.0,0.0,0.0
111162,A,Mobile,Social,Returning,0,1,0,0,0,0,0,0.0,0.0,0.0
111163,B,Desktop,Organic,New,0,0,0,0,0,0,0,0.0,0.0,0.0
111164,B,Mobile,Social,Returning,0,1,0,0,0,0,1,0.0,0.0,0.0
111165,A,Mobile,Paid Search,New,0,1,0,0,0,0,0,0.0,0.0,0.0
111166,A,Mobile,Organic,New,0,0,0,0,0,0,0,0.0,0.0,0.0
111167,A,Desktop,Paid Search,New,0,1,1,0,0,0,0,0.0,0.0,0.0
111168,B,Mobile,Organic,Returning,0,1,0,0,0,0,1,0.0,0.0,0.0
111169,B,Mobile,Direct,New,0,0,0,0,0,0,1,0.0,0.0,0.0
111170,A,Mobile,Organic,Returning,0,1,0,0,0,0,1,0.0,0.0,0.0
111171,B,Mobile,Paid Search,New,0,1,1,1,1,1,0,1748.436673764921,2221.9651043256645,3970.401778090585
111172,B,Mobile,Organic,New,0,1,0,0,0,0,1,0.0,0.0,0.0
111173,A,Mobile,Paid Search,New,0,1,0,0,0,0,1,0.0,0.0,0.0
111174,A,Desktop,Social,New,0,0,0,0,0,0,0,0.0,0.0,0.0
111175,A,Mobile,Social,New,0,1,0,0,0,0,0,0.0,0.0,0.0
111176,A,Mobile,Paid Search,Returning,0,0,0,0,0,0,0,0.0,0.0,0.0
111177,B,Mobile,Organic,New,0,1,0,0,0,0,0,0.0,0.0,0.0
111178,A,Mobile,Paid Search,New,0,0,0,0,0,0,1,0.0,0.0,0.0
111179,B,Mobile,Organic,New,0,1,0,0,0,0,0,0.0,0.0,0.0
111180,A,Mobile,Paid Search,New,1,0,0,0,0,0,0,0.0,0.0,0.0
111181,A,Desktop,Paid Search,Returning,0,1,0,0,0,0,0,0.0,0.0,0.0
111182,A,Mobile,Paid Search,New,0,0,0,0,0,0,0,0.0,0.0,0.0
111183,B,Mobile,Organic,Returning,0,0,0,0,0,0,0,0.0,0.0,0.0
111184,A,Mobile,Organic,New,1,1,0,0,0,0,0,0.0,0.0,0.0
111185,A,Tablet,Social,Returning,0,1,0,0,0,0,1,0.0,0.0,0.0
111186,A,Tablet,Organic,New,0,1,0,0,0,0,0,0.0,0.0,0.0
111187,A,Desktop,Paid Search,New,0,1,0,0,0,0,1,0.0,0.0,0.0
111188,B,Mobile,Direct,Returning,0,1,0,0,0,0,0,0.0,0.0,0.0
111189,A,Mobile,Organic,New,0,1,0,0,0,0,0,0.0,0.0,0.0
111190,A,Mobile,Social,Returning,0,0,0,0,0,0,0,0.0,0.0,0.0
111191,B,Desktop,Social,New,0,0,0,0,0,0,0,0.0,0.0,0.0
111192,B,Mobile,Direct,New,0,1,0,0,0,0,0,0.0,0.0,0.0
111193,A,Desktop,Direct,New,0,1,1,1,1,0,0,1426.4083513870207,0.0,1426.4083513870207
111194,B,Mobile,Email,New,0,1,0,0,0,0,0,0.0,0.0,0.0
111195,B,Mobile,Email,New,0,1,0,0,0,0,1,0.0,0.0,0.0
111196,B,Mobile,Social,New,0,0,0,0,0,0,1,0.0,0.0,0.0
111197,B,Mobile,Paid Search,New,0,1,0,0,0,0,0,0.0,0.0,0.0
111198,A,Mobile,Social,New,0,1,0,0,0,0,0,0.0,0.0,0.0
111199,B,Mobile,Organic,New,0,1,0,0,0,0,0,0.0,0.0,0.0
111200,A,Mobile,Social,Returning,0,1,0,0,0,0,0,0.0,0.0,0.0
111201,B,Tablet,Social,Returning,0,0,0,0,0,0,0,0.0,0.0,0.0
111202,A,Mobile,Organic,New,0,1,0,0,0,0,0,0.0,0.0,0.0
111203,A,Mobile,Paid Search,Returning,0,1,1,1,0,0,1,0.0,0.0,0.0
111204,B,Mobile,Organic,New,0,1,1,1,0,0,0,0.0,0.0,0.0
111205,B,Desktop,Organic,New,0,1,0,0,0,0,1,0.0,0.0,0.0
111206,B,Mobile,Paid Search,New,1,1,0,0,0,0,0,0.0,0.0,0.0
111207,B,Tablet,Direct,New,0,1,0,0,0,0,1,0.0,0.0,0.0
111208,A,Mobile,Organic,New,0,1,0,0,0,0,1,0.0,0.0,0.0
111209,B,Mobile,Organic,Returning,0,1,0,0,0,0,0,0.0,0.0,0.0
111210,A,Mobile,Direct,New,0,0,0,0,0,0,0,0.0,0.0,0.0
111211,A,Mobile,Paid Search,New,0,0,0,0,0,0,1,0.0,0.0,0.0
111212,A,Mobile,Paid Search,Returning,1,1,0,0,0,0,1,0.0,0.0,0.0
111213,A,Mobile,Social,Returning,0,1,1,1,1,0,0,5446.8231440757945,0.0,5446.8231440757945
111214,A,Desktop,Direct,New,1,0,0,0,0,0,0,0.0,0.0,0.0
111215,A,Mobile,Email,New,0,1,0,0,0,0,0,0.0,0.0,0.0
111216,B,Tablet,Organic,Returning,0,0,0,0,0,0,1,0.0,0.0,0.0
111217,B,Desktop,Social,New,0,1,0,0,0,0,0,0.0,0.0,0.0
111218,A,Tablet,Paid Search,Returning,0,1,0,0,0,0,0,0.0,0.0,0.0
111219,B,Mobile,Social,New,1,1,0,0,0,0,1,0.0,0.0,0.0
111220,B,Mobile,Organic,New,0,0,0,0,0,0,1,0.0,0.0,0.0
111221,A,Mobile,Email,New,0,1,0,0,0,0,1,0.0,0.0,0.0
111222,B,Mobile,Email,New,0,1,0,0,0,0,0,0.0,0.0,0.0
111223,A,Desktop,Social,New,0,0,0,0,0,0,1,0.0,0.0,0.0
111224,A,Mobile,Organic,New,0,0,0,0,0,0,1,0.0,0.0,0.0
111225,A,Mobile,Direct,New,0,1,0,0,0,0,1,0.0,0.0,0.0
111226,A,Mobile,Social,New,0,1,0,0,0,0,0,0.0,0.0,0.0
111227,B,Mobile,Paid Search,New,1,1,0,0,0,0,0,0.0,0.0,0.0
111228,B,Mobile,Social,Returning,0,1,0,0,0,0,1,0.0,0.0,0.0
111229,A,Mobile,Paid Search,New,0,1,0,0,0,0,0,0.0,0.0,0.0
111230,B,Mobile,Social,Returning,0,1,1,1,1,0,0,2371.606508027612,0.0,2371.606508027612
111231,B,Desktop,Social,New,0,0,0,0,0,0,0,0.0,0.0,0.0
111232,B,Desktop,Organic,New,1,0,0,0,0,0,1,0.0,0.0,0.0
111233,B,Tablet,Paid Search,Returning,0,0,0,0,0,0,0,0.0,0.0,0.0
111234,B,Mobile,Paid Search,New,0,1,1,1,1,1,0,3847.5578369635587,3785.2618683471815,7632.81970531074
111235,A,Mobile,Paid Search,New,0,1,1,1,1,0,0,1678.0334096134354,0.0,1678.0334096134354
111236,B,Mobile,Social,New,1,1,0,0,0,0,0,0.0,0.0,0.0
111237,A,Mobile,Organic,New,0,1,0,0,0,0,1,0.0,0.0,0.0
111238,A,Mobile,Direct,Returning,0,1,0,0,0,0,0,0.0,0.0,0.0
111239,A,Tablet,Paid Search,New,0,1,0,0,0,0,1,0.0,0.0,0.0
111240,A,Desktop,Social,New,0,1,0,0,0,0,1,0.0,0.0,0.0
111241,B,Desktop,Social,Returning,0,1,0,0,0,0,0,0.0,0.0,0.0
111242,A,Mobile,Direct,Returning,0,1,0,0,0,0,0,0.0,0.0,0.0
111243,B,Mobile,Email,New,0,1,0,0,0,0,0,0.0,0.0,0.0
111244,B,Desktop,Email,Returning,0,1,0,0,0,0,0,0.0,0.0,0.0
111245,B,Desktop,Social,New,0,1,0,0,0,0,0,0.0,0.0,0.0
111246,B,Mobile,Paid Search,New,0,1,0,0,0,0,0,0.0,0.0,0.0
111247,A,Mobile,Paid Search,New,1,1,1,0,0,0,1,0.0,0.0,0.0
111248,B,Mobile,Paid Search,Returning,0,1,0,0,0,0,1,0.0,0.0,0.0
111249,B,Mobile,Organic,New,0,1,0,0,0,0,0,0.0,0.0,0.0
111250,A,Desktop,Paid Search,New,0,1,0,0,0,0,1,0.0,0.0,0.0
111251,B,Desktop,Email,Returning,0,1,0,0,0,0,0,0.0,0.0,0.0
111252,B,Mobile,Social,New,0,1,0,0,0,0,1,0.0,0.0,0.0
111253,A,Desktop,Paid Search,New,1,1,0,0,0,0,0,0.0,0.0,0.0
111254,A,Desktop,Email,New,0,1,0,0,0,0,1,0.0,0.0,0.0
111255,A,Mobile,Social,New,0,0,0,0,0,0,0,0.0,0.0,0.0
111256,B,Desktop,Paid Search,New,0,0,0,0,0,0,1,0.0,0.0,0.0
111257,B,Desktop,Organic,Returning,0,1,0,0,0,0,0,0.0,0.0,0.0
111258,A,Mobile,Direct,Returning,0,0,0,0,0,0,1,0.0,0.0,0.0
111259,A,Mobile,Organic,New,0,1,0,0,0,0,0,0.0,0.0,0.0
111260,B,Mobile,Email,New,0,1,0,0,0,0,0,0.0,0.0,0.0
111261,A,Mobile,Organic,Returning,0,1,1,1,1,0,0,3054.5099897797563,0.0,3054.5099897797563
111262,B,Mobile,Email,Returning,0,0,0,0,0,0,0,0.0,0.0,0.0
111263,B,Mobile,Social,New,0,1,0,0,0,0,1,0.0,0.0,0.0
111264,B,Mobile,Social,Returning,0,1,0,0,0,0,1,0.0,0.0,0.0
111265,B,Mobile,Organic,New,0,1,0,0,0,0,1,0.0,0.0,0.0
111266,A,Desktop,Direct,New,0,1,1,0,0,0,0,0.0,0.0,0.0
111267,A,Mobile,Paid Search,New,0,1,0,0,0,0,0,0.0,0.0,0.0
111268,B,Mobile,Organic,Returning,0,1,0,0,0,0,0,0.0,0.0,0.0
111269,A,Desktop,Organic,New,0,0,0,0,0,0,0,0.0,0.0,0.0
111270,A,Desktop,Social,Returning,0,1,0,0,0,0,0,0.0,0.0,0.0
111271,B,Mobile,Email,Returning,0,1,0,0,0,0,0,0.0,0.0,0.0
111272,B,Mobile,Organic,New,0,0,0,0,0,0,1,0.0,0.0,0.0
111273,A,Mobile,Paid Search,New,0,1,0,0,0,0,0,0.0,0.0,0.0
111274,A,Mobile,Direct,New,0,1,0,0,0,0,0,0.0,0.0,0.0
111275,A,Mobile,Social,New,0,1,1,1,1,0,0,3059.5329776940266,0.0,3059.5329776940266
111276,B,Tablet,Organic,New,0,1,0,0,0,0,0,0.0,0.0,0.0
111277,A,Mobile,Paid Search,New,0,1,0,0,0,0,0,0.0,0.0,0.0
111278,B,Mobile,Organic,New,0,1,0,0,0,0,0,0.0,0.0,0.0
111279,B,Mobile,Organic,New,0,1,0,0,0,0,1,0.0,0.0,0.0
111280,B,Mobile,Social,New,0,1,0,0,0,0,1,0.0,0.0,0.0
111281,B,Mobile,Organic,New,0,0,0,0,0,0,0,0.0,0.0,0.0
111282,B,Mobile,Social,New,0,0,0,0,0,0,0,0.0,0.0,0.0
111283,A,Desktop,Direct,Returning,0,1,0,0,0,0,0,0.0,0.0,0.0
111284,A,Mobile,Organic,New,0,1,0,0,0,0,0,0.0,0.0,0.0
111285,A,Desktop,Organic,New,0,0,0,0,0,0,0,0.0,0.0,0.0
111286,A,Mobile,Organic,New,0,1,1,1,1,1,0,3129.9831557507932,2665.8436251470443,5795.826780897838
111287,A,Tablet,Social,Returning,0,1,0,0,0,0,0,0.0,0.0,0.0
111288,A,Mobile,Organic,New,0,1,0,0,0,0,0,0.0,0.0,0.0
111289,A,Desktop,Social,New,0,1,0,0,0,0,0,0.0,0.0,0.0
111290,A,Mobile,Email,Returning,0,1,0,0,0,0,0,0.0,0.0,0.0
111291,A,Desktop,Paid Search,New,0,1,1,1,1,0,0,4051.6585934775744,0.0,4051.6585934775744
111292,B,Mobile,Organic,New,0,1,0,0,0,0,0,0.0,0.0,0.0
111293,B,Mobile,Organic,New,0,1,0,0,0,0,1,0.0,0.0,0.0
111294,B,Desktop,Social,New,0,1,0,0,0,0,0,0.0,0.0,0.0
111295,A,Desktop,Organic,New,0,1,0,0,0,0,1,0.0,0.0,0.0
111296,B,Mobile,Social,New,0,1,0,0,0,0,0,0.0,0.0,0.0
111297,A,Desktop,Organic,Returning,0,1,0,0,0,0,0,0.0,0.0,0.0
111298,B,Desktop,Organic,Returning,0,1,0,0,0,0,0,0.0,0.0,0.0
111299,B,Mobile,Email,New,0,1,0,0,0,0,1,0.0,0.0,0.0
111300,A,Mobile,Email,New,0,1,0,0,0,0,0,0.0,0.0,0.0
111301,B,Desktop,Organic,New,0,0,0,0,0,0,0,0.0,0.0,0.0
111302,B,Mobile,Paid Search,New,0,1,0,0,0,0,1,0.0,0.0,0.0
111303,A,Mobile,Social,Returning,0,0,0,0,0,0,0,0.0,0.0,0.0
111304,A,Mobile,Social,New,0,1,0,0,0,0,1,0.0,0.0,0.0
111305,A,Mobile,Direct,Returning,0,1,0,0,0,0,0,0.0,0.0,0.0
111306,B,Desktop,Paid Search,New,0,1,0,0,0,0,0,0.0,0.0,0.0
111307,B,Mobile,Social,New,0,0,0,0,0,0,0,0.0,0.0,0.0
111308,B,Mobile,Social,New,0,1,1,1,1,0,1,2815.331972369098,0.0,2815.331972369098
111309,B,Mobile,Paid Search,New,0,1,1,0,0,0,0,0.0,0.0,0.0
111310,A,Mobile,Email,New,1,1,0,0,0,0,0,0.0,0.0,0.0
111311,B,Desktop,Organic,New,1,1,0,0,0,0,1,0.0,0.0,0.0
111312,A,Tablet,Social,New,0,1,1,1,0,0,0,0.0,0.0,0.0
111313,A,Mobile,Organic,New,0,0,0,0,0,0,0,0.0,0.0,0.0
111314,B,Mobile,Organic,New,0,1,0,0,0,0,0,0.0,0.0,0.0
111315,A,Desktop,Email,New,0,0,0,0,0,0,0,0.0,0.0,0.0
111316,B,Desktop,Social,New,0,1,1,0,0,0,0,0.0,0.0,0.0
111317,A,Mobile,Social,New,0,0,0,0,0,0,1,0.0,0.0,0.0
111318,A,Mobile,Paid Search,New,0,0,0,0,0,0,1,0.0,0.0,0.0
111319,A,Mobile,Direct,New,0,1,0,0,0,0,0,0.0,0.0,0.0
111320,B,Desktop,Paid Search,New,0,0,0,0,0,0,1,0.0,0.0,0.0
111321,B,Desktop,Organic,New,0,0,0,0,0,0,1,0.0,0.0,0.0
111322,A,Mobile,Paid Search,Returning,0,1,1,0,0,0,0,0.0,0.0,0.0
111323,A,Mobile,Organic,Returning,0,1,0,0,0,0,0,0.0,0.0,0.0
111324,A,Desktop,Direct,New,1,1,0,0,0,0,0,0.0,0.0,0.0
111325,B,Mobile,Direct,Returning,0,1,0,0,0,0,0,0.0,0.0,0.0
111326,A,Mobile,Email,New,0,1,1,1,1,0,0,3267.5426402347516,0.0,3267.5426402347516
111327,A,Desktop,Social,New,0,1,0,0,0,0,0,0.0,0.0,0.0
111328,A,Mobile,Organic,New,0,1,0,0,0,0,0,0.0,0.0,0.0
111329,A,Mobile,Paid Search,Returning,0,1,0,0,0,0,1,0.0,0.0,0.0
111330,A,Mobile,Organic,New,0,1,0,0,0,0,1,0.0,0.0,0.0
111331,B,Desktop,Organic,New,0,1,0,0,0,0,1,0.0,0.0,0.0
111332,B,Desktop,Email,Returning,0,0,0,0,0,0,0,0.0,0.0,0.0
111333,B,Mobile,Direct,New,1,1,0,0,0,0,1,0.0,0.0,0.0
111334,B,Mobile,Social,New,0,1,1,1,1,0,0,2761.7007638422374,0.0,2761.7007638422374
111335,B,Mobile,Organic,New,0,1,0,0,0,0,0,0.0,0.0,0.0
111336,B,Desktop,Direct,Returning,0,0,0,0,0,0,0,0.0,0.0,0.0
111337,A,Mobile,Social,New,0,1,0,0,0,0,0,0.0,0.0,0.0
111338,B,Mobile,Organic,New,1,1,1,0,0,0,0,0.0,0.0,0.0
111339,A,Mobile,Social,New,0,1,0,0,0,0,1,0.0,0.0,0.0
111340,A,Mobile,Organic,New,0,1,0,0,0,0,0,0.0,0.0,0.0
111341,B,Mobile,Paid Search,New,0,1,0,0,0,0,1,0.0,0.0,0.0
111342,B,Mobile,Organic,New,0,1,0,0,0,0,0,0.0,0.0,0.0
111343,B,Mobile,Email,New,1,1,1,1,1,1,1,3355.3602541857317,2685.977040211264,6041.337294396995
111344,A,Mobile,Social,New,1,1,0,0,0,0,0,0.0,0.0,0.0
111345,A,Mobile,Paid Search,Returning,0,0,0,0,0,0,0,0.0,0.0,0.0
111346,B,Mobile,Email,New,0,1,0,0,0,0,1,0.0,0.0,0.0
111347,A,Mobile,Email,Returning,0,0,0,0,0,0,0,0.0,0.0,0.0
111348,A,Mobile,Social,New,1,1,0,0,0,0,0,0.0,0.0,0.0
111349,A,Mobile,Organic,New,0,1,0,0,0,0,0,0.0,0.0,0.0
111350,B,Mobile,Direct,Returning,1,1,1,1,1,0,0,3232.5025982736943,0.0,3232.5025982736943
111351,B,Desktop,Direct,New,0,1,0,0,0,0,1,0.0,0.0,0.0
111352,B,Mobile,Paid Search,New,1,1,0,0,0,0,0,0.0,0.0,0.0
111353,A,Mobile,Direct,New,0,1,0,0,0,0,0,0.0,0.0,0.0
111354,B,Mobile,Paid Search,Returning,0,1,0,0,0,0,1,0.0,0.0,0.0
111355,B,Desktop,Organic,New,0,1,0,0,0,0,1,0.0,0.0,0.0
111356,A,Desktop,Paid Search,New,0,1,0,0,0,0,0,0.0,0.0,0.0
111357,B,Desktop,Email,New,0,0,0,0,0,0,0,0.0,0.0,0.0
111358,B,Mobile,Organic,Returning,0,1,1,1,1,0,1,2382.206058048367,0.0,2382.206058048367
111359,A,Mobile,Direct,Returning,0,1,1,1,1,1,0,3048.8272019175133,3406.436639005752,6455.263840923266
111360,A,Tablet,Direct,New,1,1,0,0,0,0,0,0.0,0.0,0.0
111361,A,Mobile,Organic,New,0,1,1,1,1,1,0,2835.2489066390654,3131.1816622789365,5966.430568918002
111362,B,Tablet,Paid Search,New,0,0,0,0,0,0,0,0.0,0.0,0.0
111363,B,Desktop,Email,Returning,0,1,0,0,0,0,1,0.0,0.0,0.0
111364,B,Mobile,Direct,Returning,0,0,0,0,0,0,0,0.0,0.0,0.0
111365,B,Mobile,Email,New,0,1,0,0,0,0,0,0.0,0.0,0.0
111366,B,Mobile,Organic,New,1,1,0,0,0,0,1,0.0,0.0,0.0
111367,B,Desktop,Paid Search,New,0,1,1,0,0,0,0,0.0,0.0,0.0
111368,A,Mobile,Paid Search,New,0,1,0,0,0,0,0,0.0,0.0,0.0
111369,B,Mobile,Organic,Returning,0,1,0,0,0,0,0,0.0,0.0,0.0
111370,B,Mobile,Paid Search,New,0,1,0,0,0,0,1,0.0,0.0,0.0
111371,A,Mobile,Social,New,0,0,0,0,0,0,0,0.0,0.0,0.0
111372,A,Mobile,Social,New,0,1,0,0,0,0,1,0.0,0.0,0.0
111373,A,Mobile,Organic,New,1,1,1,1,1,0,1,3024.8572430783897,0.0,3024.8572430783897
111374,B,Mobile,Organic,New,0,1,0,0,0,0,1,0.0,0.0,0.0
111375,B,Mobile,Email,New,0,1,0,0,0,0,0,0.0,0.0,0.0
111376,B,Desktop,Direct,New,0,1,0,0,0,0,1,0.0,0.0,0.0
111377,B,Mobile,Paid Search,New,0,1,0,0,0,0,0,0.0,0.0,0.0
111378,B,Mobile,Email,Returning,0,1,0,0,0,0,0,0.0,0.0,0.0
111379,A,Desktop,Organic,New,1,1,0,0,0,0,1,0.0,0.0,0.0
111380,A,Mobile,Organic,Returning,0,1,0,0,0,0,0,0.0,0.0,0.0
111381,A,Mobile,Direct,New,0,0,0,0,0,0,0,0.0,0.0,0.0
111382,A,Mobile,Email,New,0,1,0,0,0,0,1,0.0,0.0,0.0
111383,B,Desktop,Paid Search,New,0,0,0,0,0,0,1,0.0,0.0,0.0
111384,B,Mobile,Direct,New,1,1,0,0,0,0,1,0.0,0.0,0.0
111385,B,Mobile,Email,Returning,0,1,0,0,0,0,1,0.0,0.0,0.0
111386,B,Desktop,Paid Search,New,0,0,0,0,0,0,0,0.0,0.0,0.0
111387,B,Desktop,Organic,New,0,1,0,0,0,0,1,0.0,0.0,0.0
111388,B,Desktop,Paid Search,New,0,1,0,0,0,0,1,0.0,0.0,0.0
111389,B,Mobile,Social,New,1,1,0,0,0,0,0,0.0,0.0,0.0
111390,B,Mobile,Organic,New,0,1,0,0,0,0,0,0.0,0.0,0.0
111391,B,Mobile,Organic,New,0,1,1,1,0,0,0,0.0,0.0,0.0
111392,A,Mobile,Paid Search,New,0,1,0,0,0,0,0,0.0,0.0,0.0
111393,A,Mobile,Organic,Returning,0,0,0,0,0,0,0,0.0,0.0,0.0
111394,B,Desktop,Paid Search,Returning,0,1,1,0,0,0,1,0.0,0.0,0.0
111395,A,Mobile,Direct,New,0,1,0,0,0,0,0,0.0,0.0,0.0
111396,B,Mobile,Social,New,0,1,0,0,0,0,1,0.0,0.0,0.0
111397,A,Mobile,Social,New,0,1,0,0,0,0,0,0.0,0.0,0.0
111398,B,Desktop,Email,New,0,1,0,0,0,0,0,0.0,0.0,0.0
111399,B,Mobile,Social,New,0,1,0,0,0,0,0,0.0,0.0,0.0
111400,A,Mobile,Paid Search,New,0,1,0,0,0,0,0,0.0,0.0,0.0
111401,B,Mobile,Organic,Returning,0,1,0,0,0,0,0,0.0,0.0,0.0
111402,B,Mobile,Direct,New,0,1,0,0,0,0,1,0.0,0.0,0.0
111403,B,Tablet,Social,New,0,1,1,1,1,1,0,3263.441475510623,2693.9966336527727,5957.438109163396
111404,A,Desktop,Social,Returning,0,0,0,0,0,0,0,0.0,0.0,0.0
111405,B,Mobile,Paid Search,New,0,1,0,0,0,0,1,0.0,0.0,0.0
111406,A,Mobile,Organic,New,0,1,0,0,0,0,1,0.0,0.0,0.0
111407,B,Mobile,Social,New,0,1,0,0,0,0,0,0.0,0.0,0.0
111408,A,Mobile,Paid Search,Returning,0,1,0,0,0,0,0,0.0,0.0,0.0
111409,A,Mobile,Social,Returning,0,1,0,0,0,0,0,0.0,0.0,0.0
111410,A,Mobile,Organic,New,0,0,0,0,0,0,1,0.0,0.0,0.0
111411,A,Mobile,Email,Returning,0,1,0,0,0,0,0,0.0,0.0,0.0
111412,A,Mobile,Email,New,1,1,0,0,0,0,1,0.0,0.0,0.0
111413,A,Mobile,Email,New,0,0,0,0,0,0,0,0.0,0.0,0.0
111414,B,Mobile,Email,New,0,0,0,0,0,0,0,0.0,0.0,0.0
111415,B,Mobile,Organic,New,0,1,0,0,0,0,0,0.0,0.0,0.0
111416,A,Desktop,Organic,New,1,0,0,0,0,0,1,0.0,0.0,0.0
111417,B,Mobile,Social,New,0,1,1,0,0,0,0,0.0,0.0,0.0
111418,B,Desktop,Social,New,1,1,1,0,0,0,0,0.0,0.0,0.0
111419,A,Mobile,Paid Search,New,0,1,0,0,0,0,1,0.0,0.0,0.0
111420,B,Mobile,Paid Search,New,0,0,0,0,0,0,0,0.0,0.0,0.0
111421,A,Mobile,Social,New,0,1,0,0,0,0,0,0.0,0.0,0.0
111422,A,Desktop,Paid Search,Returning,0,1,0,0,0,0,1,0.0,0.0,0.0
111423,B,Desktop,Email,New,0,1,0,0,0,0,0,0.0,0.0,0.0
111424,A,Mobile,Direct,New,0,1,0,0,0,0,0,0.0,0.0,0.0
111425,A,Mobile,Organic,New,0,1,0,0,0,0,0,0.0,0.0,0.0
111426,A,Mobile,Social,New,0,1,0,0,0,0,0,0.0,0.0,0.0
111427,B,Desktop,Paid Search,New,0,1,0,0,0,0,1,0.0,0.0,0.0
111428,B,Mobile,Social,New,0,1,0,0,0,0,0,0.0,0.0,0.0
111429,A,Desktop,Organic,New,0,1,0,0,0,0,1,0.0,0.0,0.0
111430,B,Mobile,Organic,New,0,1,0,0,0,0,0,0.0,0.0,0.0
111431,A,Mobile,Paid Search,New,0,1,0,0,0,0,0,0.0,0.0,0.0
111432,A,Desktop,Paid Search,Returning,0,0,0,0,0,0,0,0.0,0.0,0.0
111433,B,Desktop,Paid Search,Returning,0,1,0,0,0,0,0,0.0,0.0,0.0
111434,A,Mobile,Paid Search,Returning,1,1,0,0,0,0,0,0.0,0.0,0.0
111435,A,Mobile,Organic,New,0,1,0,0,0,0,0,0.0,0.0,0.0
111436,B,Desktop,Paid Search,New,0,0,0,0,0,0,0,0.0,0.0,0.0
111437,B,Mobile,Organic,New,0,1,0,0,0,0,1,0.0,0.0,0.0
111438,B,Mobile,Email,New,1,0,0,0,0,0,0,0.0,0.0,0.0
111439,B,Mobile,Paid Search,New,1,1,1,1,1,0,0,4035.3717339312343,0.0,4035.3717339312343
111440,B,Mobile,Paid Search,Returning,0,1,0,0,0,0,1,0.0,0.0,0.0
111441,B,Mobile,Paid Search,New,0,1,0,0,0,0,0,0.0,0.0,0.0
111442,B,Mobile,Organic,New,0,1,0,0,0,0,0,0.0,0.0,0.0
111443,B,Desktop,Paid Search,New,0,0,0,0,0,0,0,0.0,0.0,0.0
111444,A,Mobile,Email,Returning,0,0,0,0,0,0,0,0.0,0.0,0.0
111445,B,Mobile,Paid Search,New,0,1,0,0,0,0,1,0.0,0.0,0.0
111446,B,Mobile,Social,New,0,0,0,0,0,0,0,0.0,0.0,0.0
111447,A,Mobile,Email,New,0,1,0,0,0,0,0,0.0,0.0,0.0
111448,A,Mobile,Social,New,0,1,0,0,0,0,1,0.0,0.0,0.0
111449,A,Mobile,Organic,New,0,1,0,0,0,0,0,0.0,0.0,0.0
111450,A,Mobile,Paid Search,New,0,1,0,0,0,0,0,0.0,0.0,0.0
111451,A,Mobile,Organic,New,0,1,0,0,0,0,0,0.0,0.0,0.0
111452,A,Mobile,Paid Search,New,0,1,0,0,0,0,1,0.0,0.0,0.0
111453,B,Desktop,Social,New,0,1,0,0,0,0,0,0.0,0.0,0.0
111454,A,Mobile,Organic,New,0,1,1,1,1,0,0,3399.7457617015248,0.0,3399.7457617015248
111455,B,Mobile,Paid Search,Returning,0,1,0,0,0,0,0,0.0,0.0,0.0
111456,A,Mobile,Social,Returning,0,1,1,1,1,0,0,2197.1147686532754,0.0,2197.1147686532754
111457,B,Mobile,Paid Search,Returning,0,1,0,0,0,0,0,0.0,0.0,0.0
111458,B,Mobile,Social,New,0,1,0,0,0,0,0,0.0,0.0,0.0
111459,B,Desktop,Direct,New,0,1,0,0,0,0,1,0.0,0.0,0.0
111460,A,Mobile,Organic,New,0,1,0,0,0,0,0,0.0,0.0,0.0
111461,B,Desktop,Email,New,0,1,0,0,0,0,0,0.0,0.0,0.0
111462,A,Desktop,Paid Search,New,0,1,0,0,0,0,1,0.0,0.0,0.0
111463,B,Mobile,Direct,New,1,0,0,0,0,0,0,0.0,0.0,0.0
111464,B,Desktop,Email,New,0,0,0,0,0,0,0,0.0,0.0,0.0
111465,B,Mobile,Social,Returning,0,1,0,0,0,0,0,0.0,0.0,0.0
111466,A,Mobile,Social,New,0,0,0,0,0,0,0,0.0,0.0,0.0
111467,A,Mobile,Paid Search,Returning,0,0,0,0,0,0,1,0.0,0.0,0.0
111468,A,Mobile,Paid Search,New,0,1,0,0,0,0,0,0.0,0.0,0.0
111469,A,Desktop,Email,New,0,1,0,0,0,0,0,0.0,0.0,0.0
111470,B,Mobile,Paid Search,New,0,1,0,0,0,0,0,0.0,0.0,0.0
111471,A,Mobile,Direct,Returning,0,0,0,0,0,0,1,0.0,0.0,0.0
111472,B,Mobile,Organic,Returning,0,1,0,0,0,0,1,0.0,0.0,0.0
111473,A,Desktop,Email,Returning,0,1,0,0,0,0,0,0.0,0.0,0.0
111474,A,Desktop,Email,New,0,0,0,0,0,0,0,0.0,0.0,0.0
111475,B,Mobile,Paid Search,Returning,0,1,0,0,0,0,0,0.0,0.0,0.0
111476,B,Mobile,Direct,Returning,0,1,0,0,0,0,0,0.0,0.0,0.0
111477,B,Mobile,Organic,New,0,0,0,0,0,0,0,0.0,0.0,0.0
111478,B,Mobile,Paid Search,New,1,1,0,0,0,0,0,0.0,0.0,0.0
111479,A,Mobile,Organic,New,0,0,0,0,0,0,1,0.0,0.0,0.0
111480,A,Desktop,Organic,Returning,0,0,0,0,0,0,0,0.0,0.0,0.0
111481,B,Desktop,Email,New,0,1,0,0,0,0,1,0.0,0.0,0.0
111482,A,Mobile,Paid Search,New,0,1,0,0,0,0,0,0.0,0.0,0.0
111483,B,Mobile,Paid Search,New,0,1,0,0,0,0,0,0.0,0.0,0.0
111484,B,Mobile,Paid Search,New,0,0,0,0,0,0,0,0.0,0.0,0.0
111485,A,Mobile,Social,Returning,0,0,0,0,0,0,0,0.0,0.0,0.0
111486,A,Desktop,Social,New,0,0,0,0,0,0,0,0.0,0.0,0.0
111487,A,Mobile,Email,Returning,0,1,0,0,0,0,0,0.0,0.0,0.0
111488,A,Mobile,Social,New,0,0,0,0,0,0,1,0.0,0.0,0.0
111489,A,Mobile,Direct,New,0,1,1,1,1,0,0,2179.1360394237454,0.0,2179.1360394237454
111490,B,Desktop,Email,New,1,1,1,1,0,0,1,0.0,0.0,0.0
111491,B,Mobile,Organic,New,0,1,1,0,0,0,0,0.0,0.0,0.0
111492,B,Mobile,Organic,New,0,0,0,0,0,0,0,0.0,0.0,0.0
111493,B,Desktop,Organic,Returning,0,1,0,0,0,0,0,0.0,0.0,0.0
111494,B,Desktop,Email,New,0,1,1,0,0,0,0,0.0,0.0,0.0
111495,A,Mobile,Paid Search,New,0,1,0,0,0,0,0,0.0,0.0,0.0
111496,B,Mobile,Email,Returning,0,1,0,0,0,0,0,0.0,0.0,0.0
111497,B,Mobile,Social,New,0,1,0,0,0,0,1,0.0,0.0,0.0
111498,A,Mobile,Email,New,0,0,0,0,0,0,0,0.0,0.0,0.0
111499,B,Mobile,Paid Search,New,0,0,0,0,0,0,0,0.0,0.0,0.0
111500,A,Mobile,Email,New,0,1,1,0,0,0,0,0.0,0.0,0.0
111501,A,Mobile,Direct,New,0,0,0,0,0,0,1,0.0,0.0,0.0
111502,A,Mobile,Email,Returning,0,1,0,0,0,0,0,0.0,0.0,0.0
111503,A,Mobile,Organic,New,0,1,0,0,0,0,0,0.0,0.0,0.0
111504,A,Tablet,Organic,New,0,1,1,1,0,0,1,0.0,0.0,0.0
111505,B,Desktop,Paid Search,Returning,0,1,0,0,0,0,1,0.0,0.0,0.0
111506,B,Mobile,Paid Search,New,0,1,0,0,0,0,1,0.0,0.0,0.0
111507,A,Mobile,Social,New,0,1,0,0,0,0,0,0.0,0.0,0.0
111508,B,Desktop,Organic,New,0,1,1,1,0,0,0,0.0,0.0,0.0
111509,B,Mobile,Social,New,0,1,0,0,0,0,1,0.0,0.0,0.0
111510,B,Mobile,Email,New,0,1,0,0,0,0,1,0.0,0.0,0.0
111511,B,Mobile,Email,Returning,1,1,1,1,1,0,0,3935.732029610296,0.0,3935.732029610296
111512,B,Mobile,Social,New,0,0,0,0,0,0,0,0.0,0.0,0.0
111513,A,Desktop,Email,New,0,1,0,0,0,0,0,0.0,0.0,0.0
111514,B,Mobile,Email,New,0,1,0,0,0,0,0,0.0,0.0,0.0
111515,B,Mobile,Organic,New,0,1,0,0,0,0,0,0.0,0.0,0.0
111516,B,Mobile,Paid Search,New,0,1,0,0,0,0,0,0.0,0.0,0.0
111517,A,Desktop,Organic,New,0,1,0,0,0,0,1,0.0,0.0,0.0
111518,A,Mobile,Direct,New,0,1,0,0,0,0,1,0.0,0.0,0.0
111519,B,Mobile,Organic,New,0,1,0,0,0,0,0,0.0,0.0,0.0
111520,A,Desktop,Organic,New,0,0,0,0,0,0,1,0.0,0.0,0.0
111521,B,Mobile,Social,Returning,0,1,0,0,0,0,0,0.0,0.0,0.0
111522,A,Mobile,Paid Search,New,1,1,0,0,0,0,0,0.0,0.0,0.0
111523,B,Mobile,Organic,New,0,1,0,0,0,0,0,0.0,0.0,0.0
111524,A,Mobile,Social,New,0,0,0,0,0,0,0,0.0,0.0,0.0
111525,A,Mobile,Organic,New,0,1,0,0,0,0,1,0.0,0.0,0.0
111526,B,Desktop,Organic,New,0,0,0,0,0,0,0,0.0,0.0,0.0
111527,A,Desktop,Organic,New,1,1,0,0,0,0,0,0.0,0.0,0.0
111528,A,Desktop,Paid Search,Returning,1,1,1,0,0,0,1,0.0,0.0,0.0
111529,B,Desktop,Direct,New,0,1,1,1,1,0,0,3103.235243820633,0.0,3103.235243820633
111530,A,Desktop,Organic,New,0,1,1,0,0,0,1,0.0,0.0,0.0
111531,A,Mobile,Organic,New,0,1,0,0,0,0,1,0.0,0.0,0.0
111532,A,Mobile,Social,Returning,0,1,0,0,0,0,1,0.0,0.0,0.0
111533,B,Mobile,Social,New,0,1,0,0,0,0,0,0.0,0.0,0.0
111534,A,Mobile,Organic,New,0,1,0,0,0,0,0,0.0,0.0,0.0
111535,B,Mobile,Social,New,1,1,0,0,0,0,0,0.0,0.0,0.0
111536,A,Mobile,Email,New,0,1,0,0,0,0,1,0.0,0.0,0.0
111537,B,Mobile,Organic,Returning,0,1,0,0,0,0,1,0.0,0.0,0.0
111538,B,Mobile,Social,Returning,0,1,0,0,0,0,1,0.0,0.0,0.0
111539,B,Mobile,Direct,New,0,1,0,0,0,0,1,0.0,0.0,0.0
111540,B,Desktop,Direct,New,0,0,0,0,0,0,0,0.0,0.0,0.0
111541,B,Desktop,Organic,New,0,1,0,0,0,0,1,0.0,0.0,0.0
111542,A,Mobile,Social,New,1,1,0,0,0,0,1,0.0,0.0,0.0
111543,B,Desktop,Organic,New,0,1,0,0,0,0,1,0.0,0.0,0.0
111544,A,Mobile,Email,New,0,1,0,0,0,0,0,0.0,0.0,0.0
111545,B,Mobile,Paid Search,New,0,1,0,0,0,0,1,0.0,0.0,0.0
111546,A,Mobile,Social,New,0,1,1,1,1,0,1,2938.7756845766335,0.0,2938.7756845766335
111547,B,Mobile,Paid Search,New,0,0,0,0,0,0,0,0.0,0.0,0.0
111548,B,Desktop,Email,Returning,0,1,0,0,0,0,0,0.0,0.0,0.0
111549,B,Mobile,Organic,New,0,1,1,1,0,0,0,0.0,0.0,0.0
111550,B,Mobile,Social,Returning,0,1,0,0,0,0,0,0.0,0.0,0.0
111551,B,Desktop,Social,New,0,0,0,0,0,0,0,0.0,0.0,0.0
111552,A,Mobile,Organic,Returning,0,1,1,1,0,0,1,0.0,0.0,0.0
111553,A,Desktop,Paid Search,New,0,1,0,0,0,0,1,0.0,0.0,0.0
111554,B,Mobile,Email,Returning,0,1,0,0,0,0,0,0.0,0.0,0.0
111555,B,Mobile,Email,New,0,1,1,0,0,0,1,0.0,0.0,0.0
111556,B,Mobile,Direct,New,0,1,1,1,0,0,0,0.0,0.0,0.0
111557,A,Mobile,Direct,Returning,0,1,0,0,0,0,0,0.0,0.0,0.0
111558,B,Mobile,Direct,New,0,0,0,0,0,0,1,0.0,0.0,0.0
111559,A,Mobile,Social,New,0,0,0,0,0,0,1,0.0,0.0,0.0
111560,B,Desktop,Organic,New,0,1,1,1,1,0,1,3223.6817041366057,0.0,3223.6817041366057
111561,B,Mobile,Organic,New,0,0,0,0,0,0,1,0.0,0.0,0.0
111562,B,Mobile,Social,Returning,0,1,1,1,1,0,0,3265.7331498356966,0.0,3265.7331498356966
111563,B,Desktop,Organic,Returning,0,1,1,0,0,0,1,0.0,0.0,0.0
111564,B,Mobile,Organic,New,0,0,0,0,0,0,0,0.0,0.0,0.0
111565,A,Mobile,Social,New,0,1,0,0,0,0,1,0.0,0.0,0.0
111566,B,Desktop,Social,New,0,1,0,0,0,0,0,0.0,0.0,0.0
111567,A,Desktop,Social,New,0,1,0,0,0,0,0,0.0,0.0,0.0
111568,A,Mobile,Social,Returning,0,1,0,0,0,0,0,0.0,0.0,0.0
111569,A,Mobile,Direct,New,0,0,0,0,0,0,1,0.0,0.0,0.0
111570,A,Mobile,Paid Search,New,0,1,0,0,0,0,0,0.0,0.0,0.0
111571,B,Tablet,Paid Search,New,0,1,0,0,0,0,0,0.0,0.0,0.0
111572,B,Desktop,Social,New,0,1,0,0,0,0,0,0.0,0.0,0.0
111573,B,Desktop,Paid Search,New,0,1,1,1,1,0,0,2024.2153587186817,0.0,2024.2153587186817
111574,A,Mobile,Organic,New,0,1,0,0,0,0,1,0.0,0.0,0.0
111575,A,Mobile,Organic,New,0,0,0,0,0,0,0,0.0,0.0,0.0
111576,A,Mobile,Social,New,0,1,0,0,0,0,0,0.0,0.0,0.0
111577,B,Mobile,Social,New,0,0,0,0,0,0,0,0.0,0.0,0.0
111578,A,Mobile,Paid Search,New,0,1,1,1,0,0,0,0.0,0.0,0.0
111579,A,Desktop,Organic,New,0,1,0,0,0,0,0,0.0,0.0,0.0
111580,A,Mobile,Social,New,1,1,0,0,0,0,0,0.0,0.0,0.0
111581,A,Mobile,Paid Search,New,0,1,0,0,0,0,0,0.0,0.0,0.0
111582,A,Mobile,Organic,New,0,0,0,0,0,0,1,0.0,0.0,0.0
111583,A,Mobile,Paid Search,New,1,1,0,0,0,0,0,0.0,0.0,0.0
111584,B,Desktop,Social,New,0,1,1,1,1,0,0,3670.8864474402762,0.0,3670.8864474402762
111585,B,Mobile,Social,New,0,0,0,0,0,0,0,0.0,0.0,0.0
111586,B,Desktop,Organic,New,0,0,0,0,0,0,1,0.0,0.0,0.0
111587,A,Mobile,Direct,New,0,1,1,1,1,0,0,2883.5686341177925,0.0,2883.5686341177925
111588,A,Mobile,Email,Returning,0,1,1,0,0,0,0,0.0,0.0,0.0
111589,B,Mobile,Organic,Returning,0,1,0,0,0,0,1,0.0,0.0,0.0
111590,B,Mobile,Email,New,0,0,0,0,0,0,1,0.0,0.0,0.0
111591,A,Mobile,Social,Returning,0,1,1,1,1,0,0,1542.0665310773131,0.0,1542.0665310773131
111592,B,Mobile,Organic,New,0,1,0,0,0,0,0,0.0,0.0,0.0
111593,B,Mobile,Paid Search,New,0,1,0,0,0,0,0,0.0,0.0,0.0
111594,A,Tablet,Organic,New,0,1,0,0,0,0,0,0.0,0.0,0.0
111595,B,Mobile,Direct,New,0,1,0,0,0,0,0,0.0,0.0,0.0
111596,B,Tablet,Social,New,0,1,0,0,0,0,0,0.0,0.0,0.0
111597,B,Desktop,Direct,Returning,0,1,0,0,0,0,1,0.0,0.0,0.0
111598,B,Mobile,Paid Search,New,0,1,0,0,0,0,1,0.0,0.0,0.0
111599,B,Mobile,Direct,Returning,0,1,0,0,0,0,1,0.0,0.0,0.0
111600,B,Mobile,Organic,New,1,1,1,0,0,0,1,0.0,0.0,0.0
111601,B,Mobile,Social,Returning,1,1,0,0,0,0,0,0.0,0.0,0.0
111602,B,Tablet,Organic,New,1,1,1,1,1,0,1,3145.198614673079,0.0,3145.198614673079
111603,A,Desktop,Direct,Returning,0,0,0,0,0,0,1,0.0,0.0,0.0
111604,A,Mobile,Organic,New,0,1,0,0,0,0,0,0.0,0.0,0.0
111605,B,Mobile,Social,Returning,0,0,0,0,0,0,1,0.0,0.0,0.0
111606,A,Desktop,Social,New,0,0,0,0,0,0,1,0.0,0.0,0.0
111607,A,Mobile,Organic,New,0,1,1,0,0,0,0,0.0,0.0,0.0
111608,B,Mobile,Social,New,0,0,0,0,0,0,1,0.0,0.0,0.0
111609,B,Mobile,Paid Search,New,0,1,0,0,0,0,0,0.0,0.0,0.0
111610,B,Mobile,Organic,New,0,1,0,0,0,0,1,0.0,0.0,0.0
111611,B,Mobile,Social,Returning,0,0,0,0,0,0,0,0.0,0.0,0.0
111612,A,Mobile,Paid Search,New,0,1,0,0,0,0,1,0.0,0.0,0.0
111613,A,Mobile,Organic,New,0,1,0,0,0,0,1,0.0,0.0,0.0
111614,A,Mobile,Organic,New,0,1,0,0,0,0,0,0.0,0.0,0.0
111615,A,Mobile,Social,Returning,0,1,1,1,0,0,1,0.0,0.0,0.0
111616,A,Desktop,Paid Search,New,0,1,0,0,0,0,0,0.0,0.0,0.0
111617,A,Mobile,Direct,New,0,1,0,0,0,0,1,0.0,0.0,0.0
111618,B,Mobile,Direct,New,0,0,0,0,0,0,0,0.0,0.0,0.0
111619,B,Desktop,Organic,New,0,1,1,1,1,1,0,3993.2309747115764,4809.3720390644585,8802.603013776035
111620,B,Mobile,Organic,New,0,0,0,0,0,0,0,0.0,0.0,0.0
111621,A,Desktop,Paid Search,New,0,1,0,0,0,0,0,0.0,0.0,0.0
111622,A,Mobile,Organic,New,0,1,0,0,0,0,0,0.0,0.0,0.0
111623,A,Mobile,Paid Search,New,0,0,0,0,0,0,0,0.0,0.0,0.0
111624,B,Desktop,Organic,Returning,1,1,0,0,0,0,0,0.0,0.0,0.0
111625,A,Mobile,Paid Search,New,0,1,0,0,0,0,0,0.0,0.0,0.0
111626,A,Mobile,Organic,New,0,0,0,0,0,0,1,0.0,0.0,0.0
111627,B,Mobile,Direct,New,0,1,0,0,0,0,1,0.0,0.0,0.0
111628,B,Mobile,Organic,New,0,1,1,1,1,0,0,2677.1952495949663,0.0,2677.1952495949663
111629,B,Mobile,Organic,New,0,0,0,0,0,0,1,0.0,0.0,0.0
111630,B,Mobile,Organic,New,0,1,1,0,0,0,0,0.0,0.0,0.0
111631,A,Desktop,Paid Search,New,0,1,0,0,0,0,0,0.0,0.0,0.0
111632,A,Desktop,Organic,Returning,0,1,0,0,0,0,1,0.0,0.0,0.0
111633,B,Desktop,Paid Search,Returning,0,1,0,0,0,0,1,0.0,0.0,0.0
111634,B,Desktop,Paid Search,Returning,0,1,0,0,0,0,1,0.0,0.0,0.0
111635,A,Desktop,Email,New,0,1,1,1,1,0,1,4185.725580343052,0.0,4185.725580343052
111636,B,Mobile,Social,New,0,1,1,1,1,0,0,3126.3058276593147,0.0,3126.3058276593147
111637,B,Desktop,Direct,New,0,0,0,0,0,0,0,0.0,0.0,0.0
111638,B,Mobile,Direct,New,0,1,0,0,0,0,1,0.0,0.0,0.0
111639,A,Desktop,Organic,New,0,1,1,0,0,0,1,0.0,0.0,0.0
111640,B,Desktop,Organic,New,0,1,1,1,1,0,1,3201.112854954231,0.0,3201.112854954231
111641,B,Desktop,Email,New,0,1,0,0,0,0,1,0.0,0.0,0.0
111642,B,Desktop,Paid Search,New,0,1,0,0,0,0,1,0.0,0.0,0.0
111643,A,Desktop,Email,New,0,1,0,0,0,0,0,0.0,0.0,0.0
111644,B,Desktop,Direct,New,0,0,0,0,0,0,0,0.0,0.0,0.0
111645,B,Mobile,Paid Search,New,1,1,0,0,0,0,1,0.0,0.0,0.0
111646,A,Tablet,Direct,Returning,0,0,0,0,0,0,1,0.0,0.0,0.0
111647,B,Mobile,Paid Search,Returning,0,0,0,0,0,0,1,0.0,0.0,0.0
111648,A,Desktop,Paid Search,New,1,1,0,0,0,0,0,0.0,0.0,0.0
111649,A,Desktop,Email,New,0,1,0,0,0,0,0,0.0,0.0,0.0
111650,B,Desktop,Email,Returning,0,1,1,1,1,0,1,2673.018697697203,0.0,2673.018697697203
111651,A,Mobile,Organic,New,0,1,0,0,0,0,1,0.0,0.0,0.0
111652,A,Mobile,Organic,New,0,0,0,0,0,0,1,0.0,0.0,0.0
111653,B,Mobile,Social,New,0,1,0,0,0,0,0,0.0,0.0,0.0
111654,A,Desktop,Paid Search,Returning,0,1,0,0,0,0,0,0.0,0.0,0.0
111655,B,Mobile,Social,New,0,0,0,0,0,0,1,0.0,0.0,0.0
111656,A,Mobile,Paid Search,Returning,0,0,0,0,0,0,0,0.0,0.0,0.0
111657,A,Mobile,Direct,New,0,1,0,0,0,0,0,0.0,0.0,0.0
111658,B,Desktop,Social,New,0,0,0,0,0,0,0,0.0,0.0,0.0
111659,B,Mobile,Paid Search,Returning,0,1,0,0,0,0,0,0.0,0.0,0.0
111660,B,Mobile,Direct,New,0,1,0,0,0,0,0,0.0,0.0,0.0
111661,B,Mobile,Organic,Returning,0,1,0,0,0,0,0,0.0,0.0,0.0
111662,B,Mobile,Social,New,0,1,0,0,0,0,0,0.0,0.0,0.0
111663,B,Desktop,Organic,New,1,1,0,0,0,0,0,0.0,0.0,0.0
111664,A,Desktop,Organic,Returning,0,1,0,0,0,0,0,0.0,0.0,0.0
111665,A,Desktop,Paid Search,New,0,1,0,0,0,0,1,0.0,0.0,0.0
111666,B,Desktop,Email,New,0,0,0,0,0,0,0,0.0,0.0,0.0
111667,A,Mobile,Paid Search,Returning,0,1,0,0,0,0,0,0.0,0.0,0.0
111668,B,Mobile,Organic,New,1,1,0,0,0,0,1,0.0,0.0,0.0
111669,B,Desktop,Paid Search,Returning,0,1,0,0,0,0,1,0.0,0.0,0.0
111670,B,Mobile,Paid Search,Returning,0,1,0,0,0,0,0,0.0,0.0,0.0
111671,A,Desktop,Social,Returning,0,1,0,0,0,0,0,0.0,0.0,0.0
111672,A,Mobile,Paid Search,New,0,1,1,1,1,1,0,2604.639776413163,2903.1293922627538,5507.769168675917
111673,A,Mobile,Paid Search,New,0,1,0,0,0,0,0,0.0,0.0,0.0
111674,A,Tablet,Direct,New,0,0,0,0,0,0,0,0.0,0.0,0.0
111675,B,Desktop,Social,New,0,1,0,0,0,0,1,0.0,0.0,0.0
111676,B,Mobile,Social,Returning,0,1,0,0,0,0,1,0.0,0.0,0.0
111677,A,Mobile,Organic,Returning,0,0,0,0,0,0,0,0.0,0.0,0.0
111678,A,Desktop,Paid Search,New,0,0,0,0,0,0,1,0.0,0.0,0.0
111679,A,Mobile,Organic,New,0,1,0,0,0,0,0,0.0,0.0,0.0
111680,B,Mobile,Social,New,0,0,0,0,0,0,0,0.0,0.0,0.0
111681,B,Mobile,Organic,New,0,1,0,0,0,0,1,0.0,0.0,0.0
111682,B,Mobile,Direct,New,0,1,0,0,0,0,0,0.0,0.0,0.0
111683,B,Mobile,Organic,New,0,1,0,0,0,0,1,0.0,0.0,0.0
111684,B,Desktop,Paid Search,New,0,1,0,0,0,0,1,0.0,0.0,0.0
111685,A,Mobile,Organic,New,0,0,0,0,0,0,0,0.0,0.0,0.0
111686,B,Desktop,Organic,New,0,1,1,0,0,0,0,0.0,0.0,0.0
111687,A,Desktop,Organic,New,0,0,0,0,0,0,1,0.0,0.0,0.0
111688,A,Mobile,Direct,Returning,0,0,0,0,0,0,0,0.0,0.0,0.0
111689,B,Desktop,Paid Search,New,0,1,0,0,0,0,1,0.0,0.0,0.0
111690,B,Mobile,Social,New,0,1,0,0,0,0,0,0.0,0.0,0.0
111691,B,Tablet,Social,Returning,0,1,0,0,0,0,0,0.0,0.0,0.0
111692,B,Mobile,Organic,New,0,0,0,0,0,0,1,0.0,0.0,0.0
111693,A,Mobile,Direct,Returning,0,1,0,0,0,0,0,0.0,0.0,0.0
111694,B,Mobile,Direct,Returning,0,0,0,0,0,0,1,0.0,0.0,0.0
111695,A,Desktop,Organic,Returning,0,1,0,0,0,0,0,0.0,0.0,0.0
111696,A,Mobile,Direct,New,0,1,0,0,0,0,1,0.0,0.0,0.0
111697,B,Mobile,Direct,Returning,0,0,0,0,0,0,0,0.0,0.0,0.0
111698,A,Mobile,Social,New,0,1,0,0,0,0,0,0.0,0.0,0.0
111699,B,Mobile,Organic,New,0,1,1,0,0,0,0,0.0,0.0,0.0
111700,B,Mobile,Organic,New,0,1,0,0,0,0,0,0.0,0.0,0.0
111701,A,Mobile,Social,Returning,0,0,0,0,0,0,0,0.0,0.0,0.0
111702,A,Mobile,Social,New,0,0,0,0,0,0,0,0.0,0.0,0.0
111703,A,Desktop,Direct,Returning,0,1,1,1,0,0,1,0.0,0.0,0.0
111704,A,Mobile,Social,Returning,0,1,0,0,0,0,0,0.0,0.0,0.0
111705,B,Mobile,Paid Search,New,0,1,1,1,0,0,0,0.0,0.0,0.0
111706,A,Mobile,Email,Returning,0,1,1,0,0,0,0,0.0,0.0,0.0
111707,A,Mobile,Social,Returning,1,1,1,1,1,0,0,2955.1898850006874,0.0,2955.1898850006874
111708,B,Desktop,Paid Search,Returning,1,1,1,1,0,0,0,0.0,0.0,0.0
111709,B,Mobile,Paid Search,New,0,0,0,0,0,0,1,0.0,0.0,0.0
111710,A,Mobile,Social,Returning,1,1,1,1,1,1,1,3507.774999094478,3774.9162361123567,7282.691235206835
111711,A,Mobile,Organic,New,0,0,0,0,0,0,0,0.0,0.0,0.0
111712,B,Desktop,Organic,Returning,0,1,0,0,0,0,1,0.0,0.0,0.0
111713,B,Mobile,Paid Search,New,0,1,1,1,1,1,1,3003.2419931089303,2603.4187157470164,5606.660708855947
111714,A,Desktop,Direct,New,0,1,0,0,0,0,0,0.0,0.0,0.0
111715,A,Desktop,Social,Returning,0,1,0,0,0,0,0,0.0,0.0,0.0
111716,A,Mobile,Organic,New,0,1,0,0,0,0,0,0.0,0.0,0.0
111717,B,Mobile,Organic,New,0,0,0,0,0,0,0,0.0,0.0,0.0
111718,B,Desktop,Direct,New,1,1,0,0,0,0,0,0.0,0.0,0.0
111719,B,Mobile,Paid Search,New,1,1,0,0,0,0,1,0.0,0.0,0.0
111720,A,Mobile,Paid Search,New,0,0,0,0,0,0,0,0.0,0.0,0.0
111721,A,Mobile,Organic,Returning,0,1,0,0,0,0,0,0.0,0.0,0.0
111722,B,Mobile,Paid Search,New,0,1,0,0,0,0,0,0.0,0.0,0.0
111723,A,Desktop,Organic,New,0,1,0,0,0,0,0,0.0,0.0,0.0
111724,A,Mobile,Direct,New,1,1,0,0,0,0,0,0.0,0.0,0.0
111725,A,Desktop,Paid Search,New,0,1,0,0,0,0,0,0.0,0.0,0.0
111726,A,Desktop,Organic,New,0,1,0,0,0,0,1,0.0,0.0,0.0
111727,A,Desktop,Social,New,0,1,0,0,0,0,1,0.0,0.0,0.0
111728,A,Mobile,Paid Search,New,0,1,1,0,0,0,1,0.0,0.0,0.0
111729,A,Desktop,Email,Returning,1,0,0,0,0,0,1,0.0,0.0,0.0
111730,B,Desktop,Organic,New,1,1,0,0,0,0,0,0.0,0.0,0.0
111731,B,Mobile,Paid Search,Returning,0,1,0,0,0,0,1,0.0,0.0,0.0
111732,B,Mobile,Organic,New,0,0,0,0,0,0,1,0.0,0.0,0.0
111733,A,Desktop,Organic,New,0,1,0,0,0,0,0,0.0,0.0,0.0
111734,A,Mobile,Paid Search,Returning,1,0,0,0,0,0,0,0.0,0.0,0.0
111735,B,Mobile,Organic,New,1,0,0,0,0,0,0,0.0,0.0,0.0
111736,B,Desktop,Paid Search,New,0,1,0,0,0,0,0,0.0,0.0,0.0
111737,A,Mobile,Direct,New,0,0,0,0,0,0,0,0.0,0.0,0.0
111738,B,Mobile,Direct,Returning,0,1,0,0,0,0,0,0.0,0.0,0.0
111739,B,Desktop,Paid Search,New,1,1,1,1,1,1,0,2516.2021098267824,2474.230905715485,4990.433015542267
111740,B,Desktop,Paid Search,New,0,1,0,0,0,0,1,0.0,0.0,0.0
111741,B,Mobile,Direct,Returning,0,1,1,0,0,0,0,0.0,0.0,0.0
111742,B,Mobile,Social,New,0,1,0,0,0,0,0,0.0,0.0,0.0
111743,B,Desktop,Email,Returning,0,1,0,0,0,0,1,0.0,0.0,0.0
111744,B,Mobile,Paid Search,Returning,1,1,0,0,0,0,0,0.0,0.0,0.0
111745,A,Mobile,Organic,New,0,0,0,0,0,0,1,0.0,0.0,0.0
111746,A,Mobile,Paid Search,New,0,0,0,0,0,0,0,0.0,0.0,0.0
111747,B,Mobile,Direct,Returning,0,0,0,0,0,0,0,0.0,0.0,0.0
111748,A,Mobile,Paid Search,Returning,0,1,0,0,0,0,0,0.0,0.0,0.0
111749,A,Mobile,Paid Search,New,0,1,0,0,0,0,1,0.0,0.0,0.0
111750,B,Desktop,Organic,Returning,0,1,0,0,0,0,1,0.0,0.0,0.0
111751,A,Mobile,Paid Search,New,0,1,0,0,0,0,0,0.0,0.0,0.0
111752,A,Mobile,Paid Search,Returning,1,1,1,0,0,0,0,0.0,0.0,0.0
111753,A,Desktop,Paid Search,Returning,0,1,0,0,0,0,1,0.0,0.0,0.0
111754,A,Mobile,Paid Search,New,0,0,0,0,0,0,0,0.0,0.0,0.0
111755,A,Mobile,Social,New,0,1,0,0,0,0,0,0.0,0.0,0.0
111756,B,Desktop,Direct,Returning,1,0,0,0,0,0,1,0.0,0.0,0.0
111757,A,Desktop,Social,New,0,0,0,0,0,0,1,0.0,0.0,0.0
111758,A,Mobile,Direct,New,0,1,1,0,0,0,0,0.0,0.0,0.0
111759,A,Mobile,Direct,Returning,0,1,0,0,0,0,1,0.0,0.0,0.0
111760,B,Desktop,Organic,New,0,1,0,0,0,0,1,0.0,0.0,0.0
111761,A,Desktop,Organic,New,0,0,0,0,0,0,1,0.0,0.0,0.0
111762,A,Mobile,Direct,Returning,0,1,0,0,0,0,0,0.0,0.0,0.0
111763,A,Mobile,Organic,New,0,1,0,0,0,0,1,0.0,0.0,0.0
111764,A,Mobile,Organic,Returning,0,0,0,0,0,0,0,0.0,0.0,0.0
111765,B,Mobile,Organic,New,0,1,0,0,0,0,0,0.0,0.0,0.0
111766,A,Mobile,Social,New,0,1,0,0,0,0,0,0.0,0.0,0.0
111767,A,Mobile,Paid Search,New,0,1,0,0,0,0,0,0.0,0.0,0.0
111768,A,Desktop,Organic,New,0,1,0,0,0,0,1,0.0,0.0,0.0
111769,A,Desktop,Social,Returning,0,0,0,0,0,0,0,0.0,0.0,0.0
111770,B,Mobile,Organic,New,0,1,0,0,0,0,0,0.0,0.0,0.0
111771,B,Mobile,Email,Returning,0,1,0,0,0,0,0,0.0,0.0,0.0
111772,A,Desktop,Organic,New,0,1,0,0,0,0,0,0.0,0.0,0.0
111773,A,Mobile,Organic,New,0,1,0,0,0,0,1,0.0,0.0,0.0
111774,A,Desktop,Social,Returning,0,1,0,0,0,0,1,0.0,0.0,0.0
111775,B,Desktop,Social,New,0,0,0,0,0,0,0,0.0,0.0,0.0
111776,A,Mobile,Social,New,0,1,0,0,0,0,0,0.0,0.0,0.0
111777,A,Mobile,Organic,New,0,1,0,0,0,0,0,0.0,0.0,0.0
111778,B,Mobile,Paid Search,New,0,0,0,0,0,0,0,0.0,0.0,0.0
111779,A,Mobile,Paid Search,New,0,0,0,0,0,0,0,0.0,0.0,0.0
111780,B,Mobile,Direct,New,0,1,0,0,0,0,0,0.0,0.0,0.0
111781,B,Mobile,Email,New,0,0,0,0,0,0,1,0.0,0.0,0.0
111782,A,Mobile,Direct,New,0,1,0,0,0,0,1,0.0,0.0,0.0
111783,B,Mobile,Social,New,0,1,0,0,0,0,1,0.0,0.0,0.0
111784,B,Mobile,Social,New,0,1,0,0,0,0,1,0.0,0.0,0.0
111785,A,Desktop,Organic,New,0,1,1,1,1,1,0,2515.5080017697646,3027.9545095845747,5543.462511354339
111786,B,Mobile,Organic,New,0,1,1,1,0,0,1,0.0,0.0,0.0
111787,B,Desktop,Social,New,0,0,0,0,0,0,0,0.0,0.0,0.0
111788,A,Mobile,Social,New,0,1,0,0,0,0,1,0.0,0.0,0.0
111789,B,Mobile,Social,New,0,1,1,0,0,0,1,0.0,0.0,0.0
111790,B,Desktop,Direct,New,0,0,0,0,0,0,1,0.0,0.0,0.0
111791,A,Mobile,Paid Search,New,0,1,0,0,0,0,0,0.0,0.0,0.0
111792,B,Desktop,Organic,New,1,1,1,0,0,0,0,0.0,0.0,0.0
111793,B,Desktop,Organic,New,0,1,0,0,0,0,1,0.0,0.0,0.0
111794,A,Mobile,Organic,Returning,0,1,0,0,0,0,0,0.0,0.0,0.0
111795,A,Desktop,Social,New,0,1,1,0,0,0,0,0.0,0.0,0.0
111796,A,Mobile,Paid Search,New,0,1,0,0,0,0,0,0.0,0.0,0.0
111797,B,Mobile,Paid Search,New,0,1,0,0,0,0,1,0.0,0.0,0.0
111798,A,Mobile,Paid Search,New,0,1,0,0,0,0,0,0.0,0.0,0.0
111799,B,Tablet,Paid Search,New,0,1,0,0,0,0,0,0.0,0.0,0.0
111800,A,Mobile,Paid Search,New,0,1,0,0,0,0,0,0.0,0.0,0.0
111801,A,Mobile,Email,New,1,1,0,0,0,0,0,0.0,0.0,0.0
111802,A,Mobile,Paid Search,New,0,1,1,0,0,0,1,0.0,0.0,0.0
111803,B,Mobile,Direct,Returning,0,0,0,0,0,0,0,0.0,0.0,0.0
111804,B,Mobile,Paid Search,New,0,1,0,0,0,0,1,0.0,0.0,0.0
111805,A,Desktop,Organic,New,0,1,0,0,0,0,0,0.0,0.0,0.0
111806,B,Mobile,Email,New,1,1,0,0,0,0,1,0.0,0.0,0.0
111807,B,Mobile,Paid Search,New,0,1,1,1,1,0,0,2000.158701574304,0.0,2000.158701574304
111808,A,Mobile,Paid Search,New,1,1,0,0,0,0,0,0.0,0.0,0.0
111809,A,Desktop,Organic,New,1,1,0,0,0,0,0,0.0,0.0,0.0
111810,B,Mobile,Email,New,1,0,0,0,0,0,0,0.0,0.0,0.0
111811,B,Desktop,Social,New,0,1,0,0,0,0,0,0.0,0.0,0.0
111812,B,Mobile,Paid Search,New,0,1,1,1,1,0,1,2902.681772988423,0.0,2902.681772988423
111813,B,Desktop,Social,New,0,1,0,0,0,0,1,0.0,0.0,0.0
111814,B,Mobile,Organic,New,0,1,0,0,0,0,1,0.0,0.0,0.0
111815,B,Desktop,Paid Search,New,1,1,0,0,0,0,0,0.0,0.0,0.0
111816,B,Mobile,Paid Search,New,0,1,0,0,0,0,0,0.0,0.0,0.0
111817,B,Desktop,Email,Returning,0,1,0,0,0,0,0,0.0,0.0,0.0
111818,A,Desktop,Social,New,0,1,1,1,1,0,0,2671.7209737518756,0.0,2671.7209737518756
111819,B,Mobile,Email,New,0,1,0,0,0,0,1,0.0,0.0,0.0
111820,B,Desktop,Organic,Returning,0,1,0,0,0,0,1,0.0,0.0,0.0
111821,A,Mobile,Social,Returning,0,0,0,0,0,0,0,0.0,0.0,0.0
111822,A,Mobile,Organic,New,0,0,0,0,0,0,0,0.0,0.0,0.0
111823,A,Desktop,Direct,Returning,0,1,0,0,0,0,0,0.0,0.0,0.0
111824,A,Mobile,Paid Search,New,0,0,0,0,0,0,1,0.0,0.0,0.0
111825,B,Mobile,Direct,New,0,0,0,0,0,0,0,0.0,0.0,0.0
111826,B,Mobile,Social,Returning,0,1,1,0,0,0,0,0.0,0.0,0.0
111827,B,Mobile,Paid Search,New,0,1,0,0,0,0,0,0.0,0.0,0.0
111828,B,Desktop,Direct,New,0,1,0,0,0,0,0,0.0,0.0,0.0
111829,B,Mobile,Paid Search,New,0,1,1,0,0,0,0,0.0,0.0,0.0
111830,B,Mobile,Organic,New,1,0,0,0,0,0,0,0.0,0.0,0.0
111831,A,Mobile,Paid Search,New,0,1,0,0,0,0,1,0.0,0.0,0.0
111832,A,Mobile,Direct,Returning,0,1,0,0,0,0,0,0.0,0.0,0.0
111833,B,Desktop,Organic,Returning,0,1,0,0,0,0,0,0.0,0.0,0.0
111834,B,Mobile,Organic,Returning,0,1,0,0,0,0,1,0.0,0.0,0.0
111835,B,Desktop,Organic,New,1,1,1,0,0,0,1,0.0,0.0,0.0
111836,A,Mobile,Social,New,1,1,0,0,0,0,0,0.0,0.0,0.0
111837,A,Mobile,Email,New,1,1,1,1,1,0,0,2457.4322353324924,0.0,2457.4322353324924
111838,B,Desktop,Organic,New,0,1,1,1,0,0,1,0.0,0.0,0.0
111839,B,Mobile,Email,New,0,1,1,1,0,0,0,0.0,0.0,0.0
111840,B,Mobile,Organic,New,0,1,0,0,0,0,0,0.0,0.0,0.0
111841,B,Mobile,Paid Search,New,0,1,0,0,0,0,0,0.0,0.0,0.0
111842,B,Mobile,Social,New,0,1,0,0,0,0,0,0.0,0.0,0.0
111843,B,Mobile,Direct,Returning,0,1,0,0,0,0,0,0.0,0.0,0.0
111844,A,Desktop,Direct,New,0,1,0,0,0,0,1,0.0,0.0,0.0
111845,A,Desktop,Organic,Returning,0,1,1,1,1,0,1,3304.3245336659993,0.0,3304.3245336659993
111846,B,Mobile,Direct,New,0,1,0,0,0,0,0,0.0,0.0,0.0
111847,B,Mobile,Email,New,0,1,0,0,0,0,0,0.0,0.0,0.0
111848,A,Mobile,Paid Search,Returning,0,1,0,0,0,0,1,0.0,0.0,0.0
111849,B,Mobile,Social,New,0,1,1,0,0,0,0,0.0,0.0,0.0
111850,A,Mobile,Social,New,0,1,1,1,1,0,1,2177.741943317027,0.0,2177.741943317027
111851,B,Desktop,Direct,New,0,1,0,0,0,0,0,0.0,0.0,0.0
111852,A,Mobile,Paid Search,New,0,1,0,0,0,0,0,0.0,0.0,0.0
111853,B,Desktop,Email,New,0,1,0,0,0,0,1,0.0,0.0,0.0
111854,A,Mobile,Email,New,0,0,0,0,0,0,1,0.0,0.0,0.0
111855,B,Mobile,Organic,Returning,0,1,0,0,0,0,0,0.0,0.0,0.0
111856,A,Mobile,Paid Search,New,0,1,0,0,0,0,0,0.0,0.0,0.0
111857,A,Mobile,Email,New,0,0,0,0,0,0,0,0.0,0.0,0.0
111858,A,Desktop,Direct,New,0,1,0,0,0,0,0,0.0,0.0,0.0
111859,A,Tablet,Organic,New,0,0,0,0,0,0,1,0.0,0.0,0.0
111860,B,Mobile,Direct,New,0,1,0,0,0,0,0,0.0,0.0,0.0
111861,B,Mobile,Direct,New,0,1,0,0,0,0,0,0.0,0.0,0.0
111862,A,Desktop,Social,New,0,0,0,0,0,0,0,0.0,0.0,0.0
111863,B,Mobile,Paid Search,New,0,1,0,0,0,0,1,0.0,0.0,0.0
111864,A,Mobile,Direct,Returning,0,0,0,0,0,0,0,0.0,0.0,0.0
111865,B,Mobile,Organic,Returning,0,1,0,0,0,0,0,0.0,0.0,0.0
111866,A,Desktop,Organic,New,0,1,1,1,1,0,0,2703.310934342887,0.0,2703.310934342887
111867,A,Mobile,Organic,Returning,0,1,0,0,0,0,0,0.0,0.0,0.0
111868,B,Mobile,Paid Search,New,0,1,0,0,0,0,0,0.0,0.0,0.0
111869,A,Mobile,Social,New,0,1,0,0,0,0,1,0.0,0.0,0.0
111870,B,Mobile,Organic,Returning,0,0,0,0,0,0,0,0.0,0.0,0.0
111871,A,Mobile,Organic,Returning,0,1,0,0,0,0,1,0.0,0.0,0.0
111872,A,Mobile,Organic,New,0,0,0,0,0,0,0,0.0,0.0,0.0
111873,A,Desktop,Social,New,0,1,1,1,1,0,0,2997.9119915170045,0.0,2997.9119915170045
111874,A,Mobile,Paid Search,New,0,1,0,0,0,0,1,0.0,0.0,0.0
111875,A,Mobile,Social,New,0,1,0,0,0,0,0,0.0,0.0,0.0
111876,B,Desktop,Paid Search,New,0,1,0,0,0,0,0,0.0,0.0,0.0
111877,B,Desktop,Organic,Returning,0,1,0,0,0,0,0,0.0,0.0,0.0
111878,B,Mobile,Organic,New,0,0,0,0,0,0,0,0.0,0.0,0.0
111879,B,Mobile,Organic,New,0,0,0,0,0,0,0,0.0,0.0,0.0
111880,B,Mobile,Paid Search,Returning,0,1,0,0,0,0,0,0.0,0.0,0.0
111881,A,Mobile,Organic,Returning,0,1,0,0,0,0,0,0.0,0.0,0.0
111882,A,Mobile,Direct,New,0,1,0,0,0,0,1,0.0,0.0,0.0
111883,A,Mobile,Paid Search,New,0,1,0,0,0,0,1,0.0,0.0,0.0
111884,B,Mobile,Direct,New,0,1,1,1,1,0,0,2838.548078620933,0.0,2838.548078620933
111885,B,Desktop,Organic,New,0,1,0,0,0,0,0,0.0,0.0,0.0
111886,B,Tablet,Organic,New,0,1,1,1,1,1,1,2722.8438916303116,2838.809016013588,5561.6529076439
111887,B,Mobile,Paid Search,Returning,0,1,0,0,0,0,1,0.0,0.0,0.0
111888,B,Mobile,Email,New,0,0,0,0,0,0,0,0.0,0.0,0.0
111889,B,Mobile,Email,New,0,1,0,0,0,0,1,0.0,0.0,0.0
111890,A,Mobile,Organic,New,0,0,0,0,0,0,0,0.0,0.0,0.0
111891,B,Mobile,Paid Search,New,0,1,0,0,0,0,0,0.0,0.0,0.0
111892,B,Mobile,Social,New,0,1,0,0,0,0,0,0.0,0.0,0.0
111893,B,Desktop,Paid Search,Returning,0,1,0,0,0,0,1,0.0,0.0,0.0
111894,A,Mobile,Organic,New,0,0,0,0,0,0,0,0.0,0.0,0.0
111895,A,Mobile,Paid Search,New,0,1,1,1,1,0,1,2339.0130814739623,0.0,2339.0130814739623
111896,B,Tablet,Paid Search,Returning,0,1,0,0,0,0,0,0.0,0.0,0.0
111897,A,Mobile,Organic,New,1,1,0,0,0,0,1,0.0,0.0,0.0
111898,B,Desktop,Paid Search,New,0,1,0,0,0,0,1,0.0,0.0,0.0
111899,B,Mobile,Organic,Returning,0,1,0,0,0,0,1,0.0,0.0,0.0
111900,A,Mobile,Paid Search,New,0,1,0,0,0,0,0,0.0,0.0,0.0
111901,A,Mobile,Email,New,1,0,0,0,0,0,0,0.0,0.0,0.0
111902,B,Mobile,Organic,Returning,0,0,0,0,0,0,0,0.0,0.0,0.0
111903,A,Tablet,Direct,New,0,1,0,0,0,0,1,0.0,0.0,0.0
111904,B,Desktop,Organic,Returning,1,1,1,1,0,0,0,0.0,0.0,0.0
111905,B,Mobile,Direct,New,0,1,1,0,0,0,1,0.0,0.0,0.0
111906,B,Desktop,Direct,Returning,0,1,0,0,0,0,1,0.0,0.0,0.0
111907,B,Mobile,Social,New,0,0,0,0,0,0,1,0.0,0.0,0.0
111908,B,Desktop,Social,New,0,1,0,0,0,0,1,0.0,0.0,0.0
111909,B,Desktop,Email,New,0,1,0,0,0,0,0,0.0,0.0,0.0
111910,A,Mobile,Organic,Returning,0,1,0,0,0,0,1,0.0,0.0,0.0
111911,B,Desktop,Paid Search,New,0,1,0,0,0,0,1,0.0,0.0,0.0
111912,A,Desktop,Paid Search,New,0,1,0,0,0,0,1,0.0,0.0,0.0
111913,A,Mobile,Paid Search,New,0,0,0,0,0,0,0,0.0,0.0,0.0
111914,A,Mobile,Organic,New,0,1,0,0,0,0,0,0.0,0.0,0.0
111915,A,Mobile,Social,Returning,0,1,0,0,0,0,0,0.0,0.0,0.0
111916,A,Desktop,Paid Search,Returning,0,1,1,1,1,0,0,3791.043664203203,0.0,3791.043664203203
111917,B,Mobile,Organic,New,0,1,0,0,0,0,0,0.0,0.0,0.0
111918,A,Desktop,Social,New,0,1,0,0,0,0,0,0.0,0.0,0.0
111919,B,Mobile,Email,New,0,1,0,0,0,0,0,0.0,0.0,0.0
111920,B,Mobile,Organic,New,1,1,0,0,0,0,1,0.0,0.0,0.0
111921,A,Desktop,Paid Search,New,0,1,0,0,0,0,0,0.0,0.0,0.0
111922,A,Mobile,Paid Search,New,0,1,0,0,0,0,1,0.0,0.0,0.0
111923,B,Mobile,Social,New,1,1,0,0,0,0,0,0.0,0.0,0.0
111924,A,Mobile,Paid Search,New,0,1,0,0,0,0,1,0.0,0.0,0.0
111925,B,Mobile,Social,New,1,0,0,0,0,0,0,0.0,0.0,0.0
111926,B,Desktop,Email,New,0,0,0,0,0,0,1,0.0,0.0,0.0
111927,B,Mobile,Paid Search,New,0,0,0,0,0,0,1,0.0,0.0,0.0
111928,B,Mobile,Paid Search,New,0,0,0,0,0,0,0,0.0,0.0,0.0
111929,B,Mobile,Paid Search,Returning,0,1,1,0,0,0,0,0.0,0.0,0.0
111930,B,Mobile,Organic,New,0,1,0,0,0,0,0,0.0,0.0,0.0
111931,B,Mobile,Organic,New,0,1,0,0,0,0,0,0.0,0.0,0.0
111932,A,Mobile,Organic,New,1,1,0,0,0,0,0,0.0,0.0,0.0
111933,A,Mobile,Paid Search,Returning,0,0,0,0,0,0,1,0.0,0.0,0.0
111934,A,Desktop,Social,New,0,1,0,0,0,0,1,0.0,0.0,0.0
111935,B,Mobile,Paid Search,New,0,1,1,0,0,0,1,0.0,0.0,0.0
111936,B,Desktop,Paid Search,New,0,1,0,0,0,0,0,0.0,0.0,0.0
111937,A,Mobile,Paid Search,New,1,0,0,0,0,0,1,0.0,0.0,0.0
111938,A,Tablet,Organic,Returning,0,1,1,1,1,0,0,1358.6920852729072,0.0,1358.6920852729072
111939,B,Tablet,Email,New,0,1,1,1,1,0,0,3174.2829862531817,0.0,3174.2829862531817
111940,A,Desktop,Paid Search,Returning,0,1,0,0,0,0,0,0.0,0.0,0.0
111941,B,Mobile,Paid Search,New,0,1,0,0,0,0,0,0.0,0.0,0.0
111942,B,Mobile,Social,New,0,1,0,0,0,0,0,0.0,0.0,0.0
111943,A,Mobile,Paid Search,New,0,1,0,0,0,0,1,0.0,0.0,0.0
111944,B,Mobile,Organic,New,0,1,0,0,0,0,0,0.0,0.0,0.0
111945,A,Mobile,Paid Search,New,0,1,1,1,1,1,0,3140.759325109693,3177.0078608715658,6317.767185981258
111946,B,Mobile,Email,New,0,1,0,0,0,0,0,0.0,0.0,0.0
111947,B,Desktop,Direct,New,0,0,0,0,0,0,1,0.0,0.0,0.0
111948,B,Mobile,Email,Returning,1,1,0,0,0,0,0,0.0,0.0,0.0
111949,B,Desktop,Organic,New,0,1,0,0,0,0,1,0.0,0.0,0.0
111950,A,Desktop,Organic,Returning,0,1,0,0,0,0,0,0.0,0.0,0.0
111951,A,Desktop,Email,New,0,0,0,0,0,0,0,0.0,0.0,0.0
111952,A,Mobile,Social,New,0,1,0,0,0,0,0,0.0,0.0,0.0
111953,A,Mobile,Social,Returning,0,1,1,1,1,0,0,3146.628642076732,0.0,3146.628642076732
111954,A,Mobile,Organic,Returning,0,0,0,0,0,0,0,0.0,0.0,0.0
111955,A,Mobile,Organic,New,0,1,0,0,0,0,0,0.0,0.0,0.0
111956,A,Mobile,Paid Search,New,0,1,0,0,0,0,0,0.0,0.0,0.0
111957,A,Mobile,Paid Search,Returning,1,1,0,0,0,0,0,0.0,0.0,0.0
111958,A,Tablet,Paid Search,Returning,0,1,0,0,0,0,0,0.0,0.0,0.0
111959,A,Mobile,Direct,New,1,0,0,0,0,0,1,0.0,0.0,0.0
111960,B,Desktop,Paid Search,New,0,1,0,0,0,0,1,0.0,0.0,0.0
111961,A,Mobile,Email,New,0,0,0,0,0,0,0,0.0,0.0,0.0
111962,A,Mobile,Email,New,0,0,0,0,0,0,1,0.0,0.0,0.0
111963,A,Mobile,Paid Search,New,0,1,0,0,0,0,0,0.0,0.0,0.0
111964,B,Mobile,Direct,New,0,1,0,0,0,0,0,0.0,0.0,0.0
111965,A,Desktop,Paid Search,New,0,1,0,0,0,0,1,0.0,0.0,0.0
111966,B,Mobile,Paid Search,New,0,0,0,0,0,0,0,0.0,0.0,0.0
111967,B,Mobile,Organic,New,1,1,1,1,0,0,0,0.0,0.0,0.0
111968,A,Mobile,Social,Returning,0,1,0,0,0,0,0,0.0,0.0,0.0
111969,A,Mobile,Organic,New,0,0,0,0,0,0,0,0.0,0.0,0.0
111970,B,Mobile,Paid Search,New,0,1,0,0,0,0,0,0.0,0.0,0.0
111971,A,Mobile,Email,New,0,0,0,0,0,0,1,0.0,0.0,0.0
111972,A,Tablet,Email,New,0,1,0,0,0,0,1,0.0,0.0,0.0
111973,B,Mobile,Organic,Returning,0,1,1,1,1,0,0,2067.0772065120104,0.0,2067.0772065120104
111974,A,Desktop,Email,Returning,0,1,0,0,0,0,0,0.0,0.0,0.0
111975,A,Mobile,Social,New,0,1,0,0,0,0,1,0.0,0.0,0.0
111976,A,Mobile,Email,New,1,1,0,0,0,0,0,0.0,0.0,0.0
111977,A,Desktop,Organic,Returning,0,1,0,0,0,0,1,0.0,0.0,0.0
111978,B,Mobile,Social,Returning,0,1,0,0,0,0,0,0.0,0.0,0.0
111979,A,Mobile,Organic,New,0,0,0,0,0,0,1,0.0,0.0,0.0
111980,B,Mobile,Social,New,0,1,0,0,0,0,1,0.0,0.0,0.0
111981,B,Desktop,Organic,New,0,1,0,0,0,0,0,0.0,0.0,0.0
111982,A,Mobile,Organic,New,0,1,0,0,0,0,0,0.0,0.0,0.0
111983,A,Mobile,Organic,New,0,1,0,0,0,0,0,0.0,0.0,0.0
111984,B,Mobile,Social,Returning,0,1,0,0,0,0,0,0.0,0.0,0.0
111985,A,Mobile,Paid Search,Returning,0,1,0,0,0,0,1,0.0,0.0,0.0
111986,A,Mobile,Social,New,0,1,0,0,0,0,0,0.0,0.0,0.0
111987,A,Desktop,Paid Search,New,0,1,0,0,0,0,0,0.0,0.0,0.0
111988,A,Mobile,Social,New,0,1,0,0,0,0,0,0.0,0.0,0.0
111989,A,Mobile,Paid Search,New,0,0,0,0,0,0,0,0.0,0.0,0.0
111990,A,Mobile,Paid Search,Returning,0,1,0,0,0,0,1,0.0,0.0,0.0
111991,A,Mobile,Direct,New,0,0,0,0,0,0,1,0.0,0.0,0.0
111992,B,Mobile,Organic,Returning,0,1,0,0,0,0,0,0.0,0.0,0.0
111993,A,Mobile,Social,New,0,0,0,0,0,0,0,0.0,0.0,0.0
111994,A,Desktop,Organic,New,0,0,0,0,0,0,1,0.0,0.0,0.0
111995,A,Mobile,Email,New,0,1,0,0,0,0,0,0.0,0.0,0.0
111996,A,Mobile,Organic,Returning,1,1,0,0,0,0,1,0.0,0.0,0.0
111997,A,Mobile,Email,Returning,0,1,0,0,0,0,0,0.0,0.0,0.0
111998,A,Mobile,Organic,Returning,0,1,0,0,0,0,0,0.0,0.0,0.0
111999,A,Mobile,Organic,Returning,0,1,0,0,0,0,0,0.0,0.0,0.0
112000,B,Mobile,Social,New,0,1,0,0,0,0,0,0.0,0.0,0.0
